-- MySQL dump 10.19  Distrib 10.3.38-MariaDB, for Linux (x86_64)
--
-- Host: localhost    Database: lastmanl_lms
-- ------------------------------------------------------
-- Server version	10.3.38-MariaDB-log-cll-lve

/*!40101 SET @OLD_CHARACTER_SET_CLIENT=@@CHARACTER_SET_CLIENT */;
/*!40101 SET @OLD_CHARACTER_SET_RESULTS=@@CHARACTER_SET_RESULTS */;
/*!40101 SET @OLD_COLLATION_CONNECTION=@@COLLATION_CONNECTION */;
/*!40101 SET NAMES utf8mb4 */;
/*!40103 SET @OLD_TIME_ZONE=@@TIME_ZONE */;
/*!40103 SET TIME_ZONE='+00:00' */;
/*!40014 SET @OLD_UNIQUE_CHECKS=@@UNIQUE_CHECKS, UNIQUE_CHECKS=0 */;
/*!40014 SET @OLD_FOREIGN_KEY_CHECKS=@@FOREIGN_KEY_CHECKS, FOREIGN_KEY_CHECKS=0 */;
/*!40101 SET @OLD_SQL_MODE=@@SQL_MODE, SQL_MODE='NO_AUTO_VALUE_ON_ZERO' */;
/*!40111 SET @OLD_SQL_NOTES=@@SQL_NOTES, SQL_NOTES=0 */;

--
-- Table structure for table `lms_available_picks`
--

DROP TABLE IF EXISTS `lms_available_picks`;
/*!40101 SET @saved_cs_client     = @@character_set_client */;
/*!40101 SET character_set_client = utf8 */;
CREATE TABLE `lms_available_picks` (
  `lms_available_picks_player_id` int(11) NOT NULL,
  `lms_available_picks_game` int(11) NOT NULL,
  `lms_available_picks_team` int(11) NOT NULL,
  PRIMARY KEY (`lms_available_picks_player_id`,`lms_available_picks_game`,`lms_available_picks_team`),
  KEY `lms_game_id_idx` (`lms_available_picks_game`),
  KEY `fk_lms_team_id_idx` (`lms_available_picks_team`),
  CONSTRAINT `fk_lms_available_picks_lms_team1` FOREIGN KEY (`lms_available_picks_team`) REFERENCES `lms_team` (`lms_team_id`) ON DELETE NO ACTION ON UPDATE NO ACTION,
  CONSTRAINT `fk_lms_avpick_game` FOREIGN KEY (`lms_available_picks_game`) REFERENCES `lms_game` (`lms_game_id`) ON DELETE NO ACTION ON UPDATE NO ACTION,
  CONSTRAINT `fk_lms_avpick_player` FOREIGN KEY (`lms_available_picks_player_id`) REFERENCES `lms_player` (`lms_player_id`) ON DELETE NO ACTION ON UPDATE NO ACTION
) ENGINE=InnoDB DEFAULT CHARSET=utf8 COLLATE=utf8_general_ci;
/*!40101 SET character_set_client = @saved_cs_client */;

--
-- Dumping data for table `lms_available_picks`
--

LOCK TABLES `lms_available_picks` WRITE;
/*!40000 ALTER TABLE `lms_available_picks` DISABLE KEYS */;
INSERT INTO `lms_available_picks` (`lms_available_picks_player_id`, `lms_available_picks_game`, `lms_available_picks_team`) VALUES (18,65,1),(18,65,2),(18,65,3),(18,65,5),(18,65,6),(18,65,7),(18,65,8),(18,65,14),(18,65,15),(18,65,16),(18,65,18),(18,65,21),(18,65,23),(18,65,25),(18,65,27),(18,65,53),(18,65,54),(18,71,2),(18,71,3),(18,71,6),(18,71,7),(18,71,8),(18,71,14),(18,71,15),(18,71,16),(18,71,17),(18,71,18),(18,71,19),(18,71,21),(18,71,23),(18,71,25),(18,71,53),(18,85,2),(18,85,3),(18,85,4),(18,85,5),(18,85,6),(18,85,7),(18,85,8),(18,85,15),(18,85,16),(18,85,17),(18,85,18),(18,85,19),(18,85,21),(18,85,23),(18,85,25),(18,85,27),(18,85,53),(18,87,1),(18,87,2),(18,87,3),(18,87,4),(18,87,5),(18,87,6),(18,87,7),(18,87,8),(18,87,14),(18,87,15),(18,87,16),(18,87,17),(18,87,18),(18,87,19),(18,87,21),(18,87,23),(18,87,25),(18,87,53),(18,87,54),(18,88,2),(18,88,3),(18,88,4),(18,88,5),(18,88,6),(18,88,7),(18,88,8),(18,88,14),(18,88,15),(18,88,16),(18,88,17),(18,88,18),(18,88,19),(18,88,21),(18,88,23),(18,88,25),(18,88,53),(18,88,54),(18,89,1),(18,89,2),(18,89,3),(18,89,5),(18,89,6),(18,89,7),(18,89,8),(18,89,14),(18,89,15),(18,89,16),(18,89,17),(18,89,18),(18,89,19),(18,89,21),(18,89,23),(18,89,25),(18,89,27),(18,89,53),(18,89,54),(18,90,1),(18,90,2),(18,90,3),(18,90,4),(18,90,5),(18,90,6),(18,90,7),(18,90,8),(18,90,14),(18,90,15),(18,90,16),(18,90,17),(18,90,18),(18,90,19),(18,90,21),(18,90,23),(18,90,25),(18,90,27),(18,90,53),(18,90,54),(23,65,1),(23,65,2),(23,65,3),(23,65,5),(23,65,6),(23,65,7),(23,65,8),(23,65,14),(23,65,15),(23,65,16),(23,65,17),(23,65,18),(23,65,19),(23,65,21),(23,65,23),(23,65,27),(23,65,53),(23,65,54),(23,67,1),(23,67,2),(23,67,3),(23,67,4),(23,67,5),(23,67,7),(23,67,8),(23,67,14),(23,67,15),(23,67,16),(23,67,17),(23,67,18),(23,67,21),(23,67,23),(23,67,25),(23,67,27),(23,67,53),(23,67,54),(23,69,2),(23,69,3),(23,69,4),(23,69,5),(23,69,6),(23,69,7),(23,69,8),(23,69,14),(23,69,15),(23,69,16),(23,69,17),(23,69,18),(23,69,19),(23,69,21),(23,69,23),(23,69,25),(23,69,53),(23,69,54),(23,72,1),(23,72,2),(23,72,4),(23,72,5),(23,72,6),(23,72,7),(23,72,8),(23,72,15),(23,72,16),(23,72,17),(23,72,18),(23,72,19),(23,72,21),(23,72,23),(23,72,25),(23,72,27),(23,72,53),(23,76,1),(23,76,2),(23,76,3),(23,76,4),(23,76,5),(23,76,6),(23,76,7),(23,76,8),(23,76,15),(23,76,16),(23,76,17),(23,76,18),(23,76,19),(23,76,21),(23,76,25),(23,76,53),(23,76,54),(23,84,1),(23,84,2),(23,84,4),(23,84,5),(23,84,6),(23,84,7),(23,84,8),(23,84,14),(23,84,16),(23,84,17),(23,84,18),(23,84,19),(23,84,21),(23,84,23),(23,84,53),(23,84,54),(23,87,1),(23,87,3),(23,87,4),(23,87,5),(23,87,6),(23,87,7),(23,87,8),(23,87,14),(23,87,15),(23,87,16),(23,87,17),(23,87,18),(23,87,19),(23,87,21),(23,87,23),(23,87,25),(23,87,27),(23,87,53),(23,87,54),(23,88,2),(23,88,3),(23,88,4),(23,88,5),(23,88,7),(23,88,8),(23,88,14),(23,88,16),(23,88,17),(23,88,18),(23,88,19),(23,88,21),(23,88,23),(23,88,25),(23,88,27),(23,88,53),(23,88,54),(23,89,1),(23,89,2),(23,89,3),(23,89,4),(23,89,5),(23,89,6),(23,89,7),(23,89,8),(23,89,14),(23,89,15),(23,89,16),(23,89,17),(23,89,18),(23,89,19),(23,89,21),(23,89,23),(23,89,25),(23,89,53),(23,89,54),(23,90,1),(23,90,2),(23,90,3),(23,90,4),(23,90,5),(23,90,6),(23,90,7),(23,90,8),(23,90,14),(23,90,15),(23,90,16),(23,90,17),(23,90,18),(23,90,19),(23,90,21),(23,90,23),(23,90,25),(23,90,27),(23,90,53),(23,90,54),(97,67,2),(97,67,3),(97,67,4),(97,67,5),(97,67,6),(97,67,7),(97,67,8),(97,67,14),(97,67,15),(97,67,16),(97,67,17),(97,67,18),(97,67,19),(97,67,21),(97,67,23),(97,67,25),(97,67,27),(97,67,53),(97,67,54),(97,68,1),(97,68,2),(97,68,3),(97,68,4),(97,68,5),(97,68,6),(97,68,8),(97,68,14),(97,68,15),(97,68,16),(97,68,17),(97,68,18),(97,68,19),(97,68,21),(97,68,23),(97,68,25),(97,68,27),(97,68,54),(97,75,1),(97,75,2),(97,75,3),(97,75,4),(97,75,5),(97,75,6),(97,75,7),(97,75,8),(97,75,14),(97,75,15),(97,75,16),(97,75,17),(97,75,18),(97,75,19),(97,75,21),(97,75,23),(97,75,25),(97,75,27),(97,75,53),(97,75,54),(97,76,1),(97,76,2),(97,76,3),(97,76,4),(97,76,5),(97,76,6),(97,76,7),(97,76,8),(97,76,14),(97,76,15),(97,76,16),(97,76,17),(97,76,18),(97,76,19),(97,76,21),(97,76,23),(97,76,25),(97,76,27),(97,76,53),(97,76,54),(397,67,1),(397,67,2),(397,67,3),(397,67,4),(397,67,5),(397,67,6),(397,67,7),(397,67,8),(397,67,14),(397,67,15),(397,67,16),(397,67,17),(397,67,18),(397,67,19),(397,67,21),(397,67,23),(397,67,25),(397,67,27),(397,67,53),(397,67,54),(398,69,1),(398,69,2),(398,69,4),(398,69,5),(398,69,6),(398,69,7),(398,69,8),(398,69,14),(398,69,15),(398,69,16),(398,69,17),(398,69,19),(398,69,23),(398,69,25),(398,69,27),(398,69,53),(398,69,54),(398,72,1),(398,72,2),(398,72,3),(398,72,4),(398,72,5),(398,72,6),(398,72,8),(398,72,14),(398,72,15),(398,72,16),(398,72,17),(398,72,18),(398,72,19),(398,72,21),(398,72,23),(398,72,25),(398,72,27),(398,72,53),(398,72,54),(398,73,1),(398,73,2),(398,73,3),(398,73,5),(398,73,6),(398,73,7),(398,73,8),(398,73,14),(398,73,16),(398,73,17),(398,73,18),(398,73,19),(398,73,21),(398,73,23),(398,73,25),(398,73,27),(398,73,53),(398,73,54),(398,75,1),(398,75,2),(398,75,3),(398,75,4),(398,75,5),(398,75,6),(398,75,7),(398,75,8),(398,75,14),(398,75,17),(398,75,18),(398,75,19),(398,75,21),(398,75,23),(398,75,53),(398,75,54),(398,77,1),(398,77,2),(398,77,3),(398,77,4),(398,77,5),(398,77,6),(398,77,7),(398,77,8),(398,77,14),(398,77,15),(398,77,16),(398,77,18),(398,77,19),(398,77,21),(398,77,23),(398,77,25),(398,77,27),(398,77,54),(398,79,1),(398,79,2),(398,79,4),(398,79,5),(398,79,7),(398,79,8),(398,79,14),(398,79,15),(398,79,16),(398,79,17),(398,79,18),(398,79,19),(398,79,23),(398,79,25),(398,79,27),(398,79,53),(398,79,54),(398,83,1),(398,83,2),(398,83,3),(398,83,4),(398,83,5),(398,83,6),(398,83,7),(398,83,14),(398,83,15),(398,83,16),(398,83,17),(398,83,18),(398,83,19),(398,83,21),(398,83,23),(398,83,27),(398,83,53),(398,85,1),(398,85,2),(398,85,3),(398,85,4),(398,85,5),(398,85,6),(398,85,7),(398,85,8),(398,85,14),(398,85,15),(398,85,16),(398,85,17),(398,85,19),(398,85,21),(398,85,25),(398,85,27),(398,85,53),(398,85,54),(398,86,1),(398,86,2),(398,86,3),(398,86,4),(398,86,5),(398,86,6),(398,86,8),(398,86,14),(398,86,15),(398,86,16),(398,86,17),(398,86,18),(398,86,19),(398,86,21),(398,86,23),(398,86,25),(398,86,27),(398,86,53),(398,87,1),(398,87,2),(398,87,3),(398,87,4),(398,87,5),(398,87,6),(398,87,7),(398,87,8),(398,87,14),(398,87,15),(398,87,17),(398,87,18),(398,87,19),(398,87,21),(398,87,23),(398,87,25),(398,87,27),(398,87,53),(398,87,54),(398,88,1),(398,88,2),(398,88,3),(398,88,4),(398,88,5),(398,88,6),(398,88,7),(398,88,8),(398,88,14),(398,88,15),(398,88,16),(398,88,17),(398,88,18),(398,88,19),(398,88,21),(398,88,23),(398,88,27),(398,88,53),(398,89,1),(398,89,2),(398,89,3),(398,89,4),(398,89,5),(398,89,6),(398,89,7),(398,89,8),(398,89,15),(398,89,16),(398,89,17),(398,89,18),(398,89,19),(398,89,21),(398,89,23),(398,89,25),(398,89,27),(398,89,53),(398,89,54),(398,90,1),(398,90,2),(398,90,3),(398,90,4),(398,90,5),(398,90,6),(398,90,7),(398,90,8),(398,90,14),(398,90,15),(398,90,16),(398,90,17),(398,90,18),(398,90,19),(398,90,21),(398,90,23),(398,90,25),(398,90,27),(398,90,53),(398,90,54),(399,68,1),(399,68,2),(399,68,4),(399,68,5),(399,68,6),(399,68,7),(399,68,14),(399,68,15),(399,68,16),(399,68,17),(399,68,18),(399,68,19),(399,68,21),(399,68,23),(399,68,25),(399,68,27),(399,68,53),(399,68,54),(401,85,1),(401,85,2),(401,85,3),(401,85,4),(401,85,5),(401,85,7),(401,85,8),(401,85,14),(401,85,15),(401,85,16),(401,85,17),(401,85,18),(401,85,19),(401,85,21),(401,85,25),(401,85,27),(401,85,53),(401,85,54),(401,86,1),(401,86,2),(401,86,3),(401,86,4),(401,86,5),(401,86,6),(401,86,7),(401,86,8),(401,86,14),(401,86,15),(401,86,17),(401,86,18),(401,86,19),(401,86,21),(401,86,23),(401,86,27),(401,86,53),(401,86,54),(401,87,2),(401,87,3),(401,87,4),(401,87,5),(401,87,6),(401,87,7),(401,87,8),(401,87,14),(401,87,15),(401,87,16),(401,87,17),(401,87,18),(401,87,19),(401,87,21),(401,87,23),(401,87,25),(401,87,27),(401,87,53),(401,87,54),(401,88,1),(401,88,2),(401,88,3),(401,88,4),(401,88,5),(401,88,6),(401,88,7),(401,88,14),(401,88,15),(401,88,17),(401,88,18),(401,88,19),(401,88,21),(401,88,23),(401,88,25),(401,88,27),(401,88,53),(401,88,54),(401,89,1),(401,89,2),(401,89,3),(401,89,4),(401,89,5),(401,89,6),(401,89,7),(401,89,8),(401,89,14),(401,89,15),(401,89,17),(401,89,18),(401,89,19),(401,89,21),(401,89,23),(401,89,25),(401,89,27),(401,89,53),(401,89,54),(401,90,1),(401,90,2),(401,90,3),(401,90,4),(401,90,5),(401,90,6),(401,90,7),(401,90,8),(401,90,14),(401,90,15),(401,90,16),(401,90,17),(401,90,18),(401,90,19),(401,90,21),(401,90,23),(401,90,25),(401,90,27),(401,90,53),(401,90,54);
/*!40000 ALTER TABLE `lms_available_picks` ENABLE KEYS */;
UNLOCK TABLES;

--
-- Table structure for table `lms_game`
--

DROP TABLE IF EXISTS `lms_game`;
/*!40101 SET @saved_cs_client     = @@character_set_client */;
/*!40101 SET character_set_client = utf8 */;
CREATE TABLE `lms_game` (
  `lms_game_id` int(11) NOT NULL AUTO_INCREMENT,
  `lms_game_start_wkno` varchar(6) NOT NULL,
  `lms_game_name` varchar(45) NOT NULL,
  `lms_game_status` int(1) NOT NULL DEFAULT 1,
  `lms_game_week_count` int(11) NOT NULL DEFAULT 0,
  `lms_game_total_players` int(11) NOT NULL DEFAULT 0,
  `lms_game_still_active` int(11) NOT NULL DEFAULT 0,
  `lms_game_manager` int(11) NOT NULL,
  `lms_game_code` varchar(6) NOT NULL,
  PRIMARY KEY (`lms_game_id`),
  UNIQUE KEY `lms_game_id_UNIQUE` (`lms_game_id`)
) ENGINE=InnoDB AUTO_INCREMENT=91 DEFAULT CHARSET=utf8 COLLATE=utf8_general_ci;
/*!40101 SET character_set_client = @saved_cs_client */;

--
-- Dumping data for table `lms_game`
--

LOCK TABLES `lms_game` WRITE;
/*!40000 ALTER TABLE `lms_game` DISABLE KEYS */;
INSERT INTO `lms_game` (`lms_game_id`, `lms_game_start_wkno`, `lms_game_name`, `lms_game_status`, `lms_game_week_count`, `lms_game_total_players`, `lms_game_still_active`, `lms_game_manager`, `lms_game_code`) VALUES (19,'202007','adamsgame',3,1,2,0,19,'ifbrax'),(27,'202121','adamsfirstgame',3,1,2,0,24,'qfp6ug'),(28,'202101','GameName',3,1,1,0,24,'2ebq26'),(32,'202108','games1',3,2,1,0,24,'ctgca9'),(37,'202129','AddsersFirstGame',3,1,2,0,92,'hsyss4'),(40,'202133','New game',3,1,1,0,92,'a9gjta'),(41,'202135','Game04',3,3,1,0,92,'5dpeb2'),(42,'202135','Game 29',3,3,1,0,92,'4rqduc'),(43,'202135','Game 22020',3,3,1,0,92,'9dbhed'),(44,'202135','Game 2020',3,3,1,0,92,'kjttyz'),(45,'202135','Game 203030',3,3,1,0,92,'k2vbxm'),(46,'202135','gaME 4342',3,3,1,0,92,'pvbfzg'),(57,'212201','New Season',3,2,2,0,92,'g5r5wg'),(59,'212203','Recruiting No Pick',3,1,1,0,92,'cs3k9h'),(65,'222301','Season2223 Team 1',3,2,2,0,23,'gc94k2'),(67,'222301','Second Game',4,1,3,0,97,'vbjsgt'),(68,'222302','Week 2 game',3,2,2,0,97,'b5tbay'),(69,'222302','Eric\'s Game',3,1,2,0,398,'y9q5nw'),(71,'222302','All Gone Quiet',3,5,1,0,18,'v8reyp'),(72,'222312','Week 12 Game',3,2,2,0,398,'egq35c'),(73,'222303','Week 03 Game',3,1,1,0,398,'9m8jkb'),(75,'222303','Test hand',3,4,2,0,97,'3yr9dm'),(76,'222303','Adam',3,2,2,0,97,'w4uqaf'),(77,'222304','Week 4 Game',3,1,1,0,398,'6um28a'),(79,'222304','Week 4 Game C',3,3,1,0,398,'waka8j'),(83,'222303','Week 3 Game C',3,2,1,0,398,'uhhs5u'),(84,'222303','Dev\'s New Game',3,4,1,0,23,'zybxgu'),(85,'222304','Potter 1',3,3,3,0,401,'szaxad'),(86,'222306','Week 6 Game',3,4,2,0,398,'7x6ymk'),(87,'222307','Ere y’are, ER',3,3,4,0,18,'mzejcw'),(88,'222311','Ron Manager’s Game of Two Halves',3,2,4,0,23,'jqk3y3'),(89,'222315','API, api, api',3,1,4,0,23,'uq8jau'),(90,'222316','After Qatar',3,1,4,0,401,'gbq3s2');
/*!40000 ALTER TABLE `lms_game` ENABLE KEYS */;
UNLOCK TABLES;

--
-- Table structure for table `lms_game_league`
--

DROP TABLE IF EXISTS `lms_game_league`;
/*!40101 SET @saved_cs_client     = @@character_set_client */;
/*!40101 SET character_set_client = utf8 */;
CREATE TABLE `lms_game_league` (
  `lms_game_league_game_id` int(11) NOT NULL,
  `lms_game_league_league_id` int(11) NOT NULL,
  PRIMARY KEY (`lms_game_league_game_id`,`lms_game_league_league_id`)
) ENGINE=MyISAM DEFAULT CHARSET=latin1 COLLATE=latin1_swedish_ci;
/*!40101 SET character_set_client = @saved_cs_client */;

--
-- Dumping data for table `lms_game_league`
--

LOCK TABLES `lms_game_league` WRITE;
/*!40000 ALTER TABLE `lms_game_league` DISABLE KEYS */;
INSERT INTO `lms_game_league` (`lms_game_league_game_id`, `lms_game_league_league_id`) VALUES (65,1),(67,1),(68,1),(69,1),(71,1),(72,1),(73,1),(75,1),(76,1),(77,1),(79,1),(83,1),(84,1),(85,1),(86,1),(87,1),(88,1),(89,1),(90,1);
/*!40000 ALTER TABLE `lms_game_league` ENABLE KEYS */;
UNLOCK TABLES;

--
-- Table structure for table `lms_game_outcome`
--

DROP TABLE IF EXISTS `lms_game_outcome`;
/*!40101 SET @saved_cs_client     = @@character_set_client */;
/*!40101 SET character_set_client = utf8 */;
CREATE TABLE `lms_game_outcome` (
  `lml_game_outcome_id` int(11) NOT NULL,
  `lml_game_outcome_text` varchar(45) NOT NULL,
  PRIMARY KEY (`lml_game_outcome_id`),
  UNIQUE KEY `lml_game_outcome_id_UNIQUE` (`lml_game_outcome_id`)
) ENGINE=InnoDB DEFAULT CHARSET=utf8 COLLATE=utf8_general_ci;
/*!40101 SET character_set_client = @saved_cs_client */;

--
-- Dumping data for table `lms_game_outcome`
--

LOCK TABLES `lms_game_outcome` WRITE;
/*!40000 ALTER TABLE `lms_game_outcome` DISABLE KEYS */;
INSERT INTO `lms_game_outcome` (`lml_game_outcome_id`, `lml_game_outcome_text`) VALUES (0,''),(1,'joint win'),(2,'win');
/*!40000 ALTER TABLE `lms_game_outcome` ENABLE KEYS */;
UNLOCK TABLES;

--
-- Table structure for table `lms_game_player`
--

DROP TABLE IF EXISTS `lms_game_player`;
/*!40101 SET @saved_cs_client     = @@character_set_client */;
/*!40101 SET character_set_client = utf8 */;
CREATE TABLE `lms_game_player` (
  `lms_game_id` int(11) NOT NULL,
  `lms_player_id` int(11) NOT NULL,
  `lms_game_player_status` int(1) NOT NULL DEFAULT 1,
  `lms_game_player_elimination_week` varchar(6) DEFAULT '',
  `lms_game_player_outcome` int(11) DEFAULT 0,
  PRIMARY KEY (`lms_game_id`,`lms_player_id`),
  KEY `lms_player_id_idx` (`lms_player_id`),
  CONSTRAINT `fk_lms_game_player_game` FOREIGN KEY (`lms_game_id`) REFERENCES `lms_game` (`lms_game_id`) ON DELETE NO ACTION ON UPDATE NO ACTION,
  CONSTRAINT `fk_lms_game_player_player` FOREIGN KEY (`lms_player_id`) REFERENCES `lms_player` (`lms_player_id`) ON DELETE NO ACTION ON UPDATE NO ACTION
) ENGINE=InnoDB DEFAULT CHARSET=utf8 COLLATE=utf8_general_ci;
/*!40101 SET character_set_client = @saved_cs_client */;

--
-- Dumping data for table `lms_game_player`
--

LOCK TABLES `lms_game_player` WRITE;
/*!40000 ALTER TABLE `lms_game_player` DISABLE KEYS */;
INSERT INTO `lms_game_player` (`lms_game_id`, `lms_player_id`, `lms_game_player_status`, `lms_game_player_elimination_week`, `lms_game_player_outcome`) VALUES (65,18,2,'',0),(65,23,2,'',0),(67,23,2,'',0),(67,97,2,'',0),(67,397,2,'',0),(68,97,2,'222303',2),(68,399,2,'',0),(69,23,2,'',0),(69,398,2,'222302',0),(71,18,2,'222305',2),(72,23,2,'222313',1),(72,398,2,'222312',1),(73,398,2,'222303',2),(75,97,2,'222303',0),(75,398,2,'222305',2),(76,23,2,'222304',2),(76,97,2,'222303',0),(77,398,2,'222304',2),(79,398,2,'222305',2),(83,398,2,'222304',2),(84,23,2,'222305',2),(85,18,2,'222305',0),(85,398,2,'222304',0),(85,401,2,'222304',0),(86,398,2,'222307',1),(86,401,2,'222309',1),(87,18,2,'222309',0),(87,23,2,'222309',0),(87,398,2,'222309',0),(87,401,2,'222309',0),(88,18,2,'222312',0),(88,23,2,'222312',0),(88,398,2,'222311',0),(88,401,2,'222311',0),(89,18,2,'222315',0),(89,23,2,'222315',0),(89,398,2,'222315',0),(89,401,2,'222315',0),(90,18,2,'222316',0),(90,23,2,'222316',0),(90,398,2,'222316',0),(90,401,2,'222316',0);
/*!40000 ALTER TABLE `lms_game_player` ENABLE KEYS */;
UNLOCK TABLES;

--
-- Table structure for table `lms_game_player_status`
--

DROP TABLE IF EXISTS `lms_game_player_status`;
/*!40101 SET @saved_cs_client     = @@character_set_client */;
/*!40101 SET character_set_client = utf8 */;
CREATE TABLE `lms_game_player_status` (
  `lms_game_player_status_id` int(11) NOT NULL,
  `lms_game_player_status_text` varchar(20) NOT NULL DEFAULT 'unknown',
  PRIMARY KEY (`lms_game_player_status_id`),
  UNIQUE KEY `lms_game_player_status_id_UNIQUE` (`lms_game_player_status_id`)
) ENGINE=InnoDB DEFAULT CHARSET=utf8 COLLATE=utf8_general_ci;
/*!40101 SET character_set_client = @saved_cs_client */;

--
-- Dumping data for table `lms_game_player_status`
--

LOCK TABLES `lms_game_player_status` WRITE;
/*!40000 ALTER TABLE `lms_game_player_status` DISABLE KEYS */;
INSERT INTO `lms_game_player_status` (`lms_game_player_status_id`, `lms_game_player_status_text`) VALUES (1,'active'),(2,'out'),(3,'left');
/*!40000 ALTER TABLE `lms_game_player_status` ENABLE KEYS */;
UNLOCK TABLES;

--
-- Table structure for table `lms_game_status`
--

DROP TABLE IF EXISTS `lms_game_status`;
/*!40101 SET @saved_cs_client     = @@character_set_client */;
/*!40101 SET character_set_client = utf8 */;
CREATE TABLE `lms_game_status` (
  `lms_game_status_id` int(11) NOT NULL,
  `lms_game_status_text` varchar(20) NOT NULL DEFAULT 'unknown',
  PRIMARY KEY (`lms_game_status_id`),
  UNIQUE KEY `lms_game_status_id_UNIQUE` (`lms_game_status_id`)
) ENGINE=InnoDB DEFAULT CHARSET=utf8 COLLATE=utf8_general_ci;
/*!40101 SET character_set_client = @saved_cs_client */;

--
-- Dumping data for table `lms_game_status`
--

LOCK TABLES `lms_game_status` WRITE;
/*!40000 ALTER TABLE `lms_game_status` DISABLE KEYS */;
INSERT INTO `lms_game_status` (`lms_game_status_id`, `lms_game_status_text`) VALUES (1,'recruiting'),(2,'in-play'),(3,'complete'),(4,'cancelled');
/*!40000 ALTER TABLE `lms_game_status` ENABLE KEYS */;
UNLOCK TABLES;

--
-- Table structure for table `lms_info`
--

DROP TABLE IF EXISTS `lms_info`;
/*!40101 SET @saved_cs_client     = @@character_set_client */;
/*!40101 SET character_set_client = utf8 */;
CREATE TABLE `lms_info` (
  `lms_info_id` varchar(24) NOT NULL,
  `lms_info_value` varchar(256) DEFAULT '',
  `lms_info_enc` tinyint(4) DEFAULT 0,
  PRIMARY KEY (`lms_info_id`)
) ENGINE=InnoDB DEFAULT CHARSET=utf8 COLLATE=utf8_general_ci;
/*!40101 SET character_set_client = @saved_cs_client */;

--
-- Dumping data for table `lms_info`
--

LOCK TABLES `lms_info` WRITE;
/*!40000 ALTER TABLE `lms_info` DISABLE KEYS */;
INSERT INTO `lms_info` (`lms_info_id`, `lms_info_value`, `lms_info_enc`) VALUES ('admin_email_address','lmladmin@lastmanlive.co.uk',0),('api-key','82c1e5ea1dd0db229e503f477b77f97a',0),('api_fixtures_url','https://v3.football.api-sports.io/fixtures?season=^1&league=^2',0),('api_season','2022',0),('api_teams_url','https://v3.football.api-sports.io/teams?season=^1&league=^2',0),('create_email_subject','Last Man Live  account created',0),('currseason','2223',0),('currweek','29',0),('encrypt','true',0),('fixtures url epl','https://www.thesportsman.com/football/competitions/england/premier-league/fixtures',0),('fixtures url eu20','https://www.thesportsman.com/football/competitions/europe/european-championship',0),('fixtures url wc22','https://www.thesportsman.com/football/competitions/world/world-cup-qatar-2022',0),('hw_1','diwgn=ek5WQTJNQXpNblgvQlp5dEl4YmxnaXA3TS9XM3p0VUcrb',0),('hw_2','FpzZmpReGlCOGMvQnpHOTVGNkw0MU5INHRHa2RYQw==cektc',0),('hw_3','mpoko=RnJsYjY0N2FhOFFsdGpISEM2Z3AzMnZoTkx5eG1QamJmeVppTGVjVUhzOFIrNy9',0),('hw_4','sa0oxVS9KZWdqUlFYazA5VXhicFhMNEE0V0pKR0o3dXJ0NjBZZ1E9PQ==nthdg',0),('hw_post_length','5',0),('hw_pre_length','6',0),('invite_email_subject','Join my Last Man Live game ',0),('lml_url','https://lastmanlive.co.uk',0),('match_week_complete','202107',0),('newval','ijklmno',0),('results url epl','https://www.thesportsman.com/football/competitions/england/premier-league/results',0),('results url eu20','https://www.thesportsman.com/football/competitions/europe/european-championship/results',0),('results_source','sky',0),('selectweek','30',0),('sky fixtures url epl','https://www.skysports.com/premier-league-fixtures',0),('sky fixtures url wc22','https://www.skysports.com/world-cup-fixtures',0),('sky results url epl','https://www.skysports.com/premier-league-results',0),('smtp_from_address','lmladmin@lastmanlive.co.uk',0),('smtp_from_name','Last Man Live',0),('smtp_host','mail.lastmanlive.co.uk',0),('smtp_port','465',0),('smtp_pwd','MytXV1N3dmVLNmUydE5odWtWZHFVdz09',1),('smtp_reply_address','lml-reply@lastmanlive.co.uk',0),('smtp_reply_name','LML Replies',0),('smtp_user','lmladmin@lastmanlive.co.uk',0),('spo fixtures url epl','https://www.thesportsman.com/football/competitions/england/premier-league/fixtures',0),('spo fixtures url wc22','https://www.thesportsman.com/football/competitions/world/world-cup-qatar-2022',0),('spo results url epl','https://www.thesportsman.com/football/competitions/england/premier-league/results',0);
/*!40000 ALTER TABLE `lms_info` ENABLE KEYS */;
UNLOCK TABLES;

--
-- Table structure for table `lms_league`
--

DROP TABLE IF EXISTS `lms_league`;
/*!40101 SET @saved_cs_client     = @@character_set_client */;
/*!40101 SET character_set_client = utf8 */;
CREATE TABLE `lms_league` (
  `lms_league_id` int(11) NOT NULL AUTO_INCREMENT,
  `lms_league_name` varchar(255) NOT NULL DEFAULT '',
  `lms_league_abbr` varchar(4) NOT NULL DEFAULT '',
  `lms_league_supported` tinyint(1) DEFAULT 0,
  `lms_league_api_id` int(11) NOT NULL DEFAULT 0,
  PRIMARY KEY (`lms_league_id`),
  UNIQUE KEY `lms_league_id_UNIQUE` (`lms_league_id`)
) ENGINE=MyISAM AUTO_INCREMENT=15 DEFAULT CHARSET=latin1 COLLATE=latin1_swedish_ci;
/*!40101 SET character_set_client = @saved_cs_client */;

--
-- Dumping data for table `lms_league`
--

LOCK TABLES `lms_league` WRITE;
/*!40000 ALTER TABLE `lms_league` DISABLE KEYS */;
INSERT INTO `lms_league` (`lms_league_id`, `lms_league_name`, `lms_league_abbr`, `lms_league_supported`, `lms_league_api_id`) VALUES (1,'English Premier League','EPL',1,39),(2,'English Championship','ECH',1,40),(3,'English League One','EL1',1,41),(4,'English League Two','EL2',1,42),(5,'Scottish Premiership','SPL',0,0),(6,'Scottish Championship','SCH',0,0),(7,'Scottish League One','SL1',0,0),(8,'Scottish League Two','SL2',0,0),(9,'UEFA Champions League','UCL',0,0),(10,'UEFA Europa League','UEL',0,0),(11,'EURO 2020','EU20',0,0),(12,'FA Cup','FACP',0,0),(13,'EFL Cup','FLCP',0,0),(14,'World Cup 2022','WC22',0,0);
/*!40000 ALTER TABLE `lms_league` ENABLE KEYS */;
UNLOCK TABLES;

--
-- Table structure for table `lms_league_team`
--

DROP TABLE IF EXISTS `lms_league_team`;
/*!40101 SET @saved_cs_client     = @@character_set_client */;
/*!40101 SET character_set_client = utf8 */;
CREATE TABLE `lms_league_team` (
  `lms_league_team_league_id` int(11) NOT NULL,
  `lms_league_team_team_id` int(11) NOT NULL,
  PRIMARY KEY (`lms_league_team_league_id`,`lms_league_team_team_id`)
) ENGINE=MyISAM DEFAULT CHARSET=latin1 COLLATE=latin1_swedish_ci;
/*!40101 SET character_set_client = @saved_cs_client */;

--
-- Dumping data for table `lms_league_team`
--

LOCK TABLES `lms_league_team` WRITE;
/*!40000 ALTER TABLE `lms_league_team` DISABLE KEYS */;
INSERT INTO `lms_league_team` (`lms_league_team_league_id`, `lms_league_team_team_id`) VALUES (1,1),(1,2),(1,3),(1,4),(1,5),(1,6),(1,7),(1,8),(1,14),(1,15),(1,16),(1,17),(1,18),(1,19),(1,21),(1,23),(1,24),(1,25),(1,27),(1,28),(1,53),(1,54),(2,9),(2,20),(2,22),(2,26),(2,123),(2,124),(2,125),(2,126),(2,127),(2,128),(2,129),(2,130),(2,131),(2,132),(2,133),(2,134),(2,135),(2,136),(2,137),(2,138),(2,139),(2,140),(2,141),(2,142),(2,143),(3,75),(3,76),(3,77),(3,78),(3,79),(3,80),(3,81),(3,82),(3,83),(3,84),(3,85),(3,86),(3,87),(3,88),(3,89),(3,90),(3,91),(3,92),(3,93),(3,94),(3,95),(3,96),(3,97),(3,98),(4,99),(4,100),(4,101),(4,102),(4,103),(4,104),(4,105),(4,106),(4,107),(4,108),(4,109),(4,110),(4,111),(4,112),(4,113),(4,114),(4,115),(4,116),(4,117),(4,118),(4,119),(4,120),(4,121),(4,122),(14,31),(14,32),(14,33),(14,35),(14,37),(14,38),(14,41),(14,45),(14,47),(14,50),(14,51),(14,52),(14,55),(14,56),(14,57),(14,58),(14,59),(14,60),(14,61),(14,62),(14,63),(14,64),(14,65),(14,66),(14,67),(14,68),(14,69),(14,70),(14,71),(14,72),(14,73),(14,74);
/*!40000 ALTER TABLE `lms_league_team` ENABLE KEYS */;
UNLOCK TABLES;

--
-- Table structure for table `lms_match`
--

DROP TABLE IF EXISTS `lms_match`;
/*!40101 SET @saved_cs_client     = @@character_set_client */;
/*!40101 SET character_set_client = utf8 */;
CREATE TABLE `lms_match` (
  `lms_match_id` int(11) NOT NULL AUTO_INCREMENT,
  `lms_match_weekno` varchar(6) NOT NULL,
  `lms_match_team` int(11) NOT NULL,
  `lms_match_date` datetime NOT NULL,
  `lms_match_result` char(1) NOT NULL DEFAULT '',
  `lms_match_league` int(11) NOT NULL DEFAULT 0,
  `lms_match_opp` int(11) DEFAULT NULL,
  `lms_match_ha` char(1) NOT NULL DEFAULT '',
  PRIMARY KEY (`lms_match_id`),
  KEY `fk_weekno_idx` (`lms_match_weekno`),
  KEY `fk_team_idx` (`lms_match_team`),
  CONSTRAINT `fk_lms_match_lms_team1` FOREIGN KEY (`lms_match_team`) REFERENCES `lms_team` (`lms_team_id`) ON DELETE NO ACTION ON UPDATE NO ACTION,
  CONSTRAINT `fk_match_weekno` FOREIGN KEY (`lms_match_weekno`) REFERENCES `lms_week` (`lms_week_no`) ON DELETE NO ACTION ON UPDATE NO ACTION
) ENGINE=InnoDB AUTO_INCREMENT=12856 DEFAULT CHARSET=utf8 COLLATE=utf8_general_ci;
/*!40101 SET character_set_client = @saved_cs_client */;

--
-- Dumping data for table `lms_match`
--

LOCK TABLES `lms_match` WRITE;
/*!40000 ALTER TABLE `lms_match` DISABLE KEYS */;
INSERT INTO `lms_match` (`lms_match_id`, `lms_match_weekno`, `lms_match_team`, `lms_match_date`, `lms_match_result`, `lms_match_league`, `lms_match_opp`, `lms_match_ha`) VALUES (6150,'222301',25,'2022-08-06 00:00:00','d',1,3,'h'),(6166,'222301',4,'2022-08-07 00:00:00','w',1,21,'a'),(6846,'222301',3,'2022-08-06 00:00:00','d',1,25,'a'),(6853,'222301',27,'2022-08-06 00:00:00','w',1,8,'h'),(8408,'222301',14,'2022-08-05 00:00:00','l',1,1,'h'),(8409,'222301',1,'2022-08-05 00:00:00','w',1,14,'a'),(8410,'222301',15,'2022-08-06 00:00:00','w',1,17,'h'),(8411,'222301',17,'2022-08-06 00:00:00','l',1,15,'a'),(8412,'222301',18,'2022-08-06 00:00:00','w',1,54,'h'),(8413,'222301',54,'2022-08-06 00:00:00','l',1,18,'a'),(8414,'222301',23,'2022-08-06 00:00:00','w',1,5,'h'),(8415,'222301',5,'2022-08-06 00:00:00','l',1,23,'a'),(8416,'222301',8,'2022-08-06 00:00:00','l',1,27,'a'),(8417,'222301',16,'2022-08-06 00:00:00','l',1,7,'h'),(8418,'222301',7,'2022-08-06 00:00:00','w',1,16,'a'),(8419,'222301',2,'2022-08-07 00:00:00','l',1,19,'h'),(8420,'222301',19,'2022-08-07 00:00:00','w',1,2,'a'),(8421,'222301',6,'2022-08-07 00:00:00','d',1,53,'h'),(8422,'222301',53,'2022-08-07 00:00:00','d',1,6,'a'),(8423,'222301',21,'2022-08-07 00:00:00','l',1,4,'h'),(8424,'222302',5,'2022-08-13 00:00:00','w',1,16,'h'),(8425,'222302',16,'2022-08-13 00:00:00','l',1,5,'a'),(8426,'222302',19,'2022-08-13 00:00:00','d',1,18,'h'),(8427,'222302',18,'2022-08-13 00:00:00','d',1,19,'a'),(8428,'222302',1,'2022-08-13 00:00:00','w',1,6,'h'),(8429,'222302',6,'2022-08-13 00:00:00','l',1,1,'a'),(8430,'222302',8,'2022-08-13 00:00:00','d',1,25,'h'),(8431,'222302',25,'2022-08-13 00:00:00','d',1,8,'a'),(8432,'222302',17,'2022-08-13 00:00:00','d',1,27,'h'),(8433,'222302',27,'2022-08-13 00:00:00','d',1,17,'a'),(8434,'222302',4,'2022-08-13 00:00:00','w',1,23,'h'),(8435,'222302',23,'2022-08-13 00:00:00','l',1,4,'a'),(8436,'222302',53,'2022-08-13 00:00:00','w',1,2,'h'),(8437,'222302',2,'2022-08-13 00:00:00','l',1,53,'a'),(8438,'222302',54,'2022-08-14 00:00:00','w',1,21,'h'),(8439,'222302',21,'2022-08-14 00:00:00','l',1,54,'a'),(8440,'222302',7,'2022-08-14 00:00:00','d',1,15,'h'),(8441,'222302',15,'2022-08-14 00:00:00','d',1,7,'a'),(8442,'222302',3,'2022-08-15 00:00:00','d',1,14,'h'),(8443,'222302',14,'2022-08-15 00:00:00','d',1,3,'a'),(9204,'222303',15,'2022-08-20 00:00:00','w',1,8,'h'),(9205,'222303',8,'2022-08-20 00:00:00','l',1,15,'a'),(9206,'222303',16,'2022-08-20 00:00:00','d',1,54,'h'),(9207,'222303',54,'2022-08-20 00:00:00','d',1,16,'a'),(9208,'222303',14,'2022-08-20 00:00:00','w',1,5,'h'),(9209,'222303',5,'2022-08-20 00:00:00','l',1,14,'a'),(9210,'222303',25,'2022-08-20 00:00:00','w',1,53,'h'),(9211,'222303',53,'2022-08-20 00:00:00','l',1,25,'a'),(9212,'222303',6,'2022-08-20 00:00:00','l',1,17,'h'),(9213,'222303',17,'2022-08-20 00:00:00','w',1,6,'a'),(9214,'222303',23,'2022-08-20 00:00:00','l',1,1,'h'),(9215,'222303',1,'2022-08-20 00:00:00','w',1,23,'a'),(9216,'222303',21,'2022-08-21 00:00:00','l',1,19,'h'),(9217,'222303',19,'2022-08-21 00:00:00','w',1,21,'a'),(9218,'222303',27,'2022-08-21 00:00:00','w',1,7,'h'),(9219,'222303',7,'2022-08-21 00:00:00','l',1,27,'a'),(9220,'222303',18,'2022-08-21 00:00:00','d',1,4,'h'),(9221,'222303',4,'2022-08-21 00:00:00','d',1,18,'a'),(9222,'222303',2,'2022-08-22 00:00:00','w',1,3,'h'),(9223,'222303',3,'2022-08-22 00:00:00','l',1,2,'a'),(9224,'222304',17,'2022-08-27 00:00:00','l',1,2,'h'),(9225,'222304',2,'2022-08-27 00:00:00','w',1,17,'a'),(9226,'222304',53,'2022-08-27 00:00:00','d',1,16,'h'),(9227,'222304',16,'2022-08-27 00:00:00','d',1,53,'a'),(9228,'222304',19,'2022-08-27 00:00:00','w',1,27,'h'),(9229,'222304',27,'2022-08-27 00:00:00','l',1,19,'a'),(9230,'222304',3,'2022-08-27 00:00:00','w',1,23,'h'),(9231,'222304',23,'2022-08-27 00:00:00','l',1,3,'a'),(9232,'222304',4,'2022-08-27 00:00:00','w',1,14,'h'),(9233,'222304',14,'2022-08-27 00:00:00','l',1,4,'a'),(9234,'222304',7,'2022-08-27 00:00:00','w',1,6,'h'),(9235,'222304',6,'2022-08-27 00:00:00','l',1,7,'a'),(9236,'222304',1,'2022-08-27 00:00:00','w',1,25,'h'),(9237,'222304',25,'2022-08-27 00:00:00','l',1,1,'a'),(9238,'222304',5,'2022-08-28 00:00:00','l',1,21,'h'),(9239,'222304',21,'2022-08-28 00:00:00','w',1,5,'a'),(9240,'222304',8,'2022-08-28 00:00:00','d',1,18,'h'),(9241,'222304',18,'2022-08-28 00:00:00','d',1,8,'a'),(9242,'222304',54,'2022-08-28 00:00:00','l',1,15,'h'),(9243,'222304',15,'2022-08-28 00:00:00','w',1,54,'a'),(9244,'222304',25,'2022-08-30 00:00:00','w',1,19,'h'),(9245,'222304',19,'2022-08-30 00:00:00','l',1,25,'a'),(9246,'222304',14,'2022-08-30 00:00:00','d',1,53,'h'),(9247,'222304',53,'2022-08-30 00:00:00','d',1,14,'a'),(9248,'222304',17,'2022-08-30 00:00:00','w',1,7,'h'),(9249,'222304',7,'2022-08-30 00:00:00','l',1,17,'a'),(9250,'222304',27,'2022-08-30 00:00:00','d',1,16,'h'),(9251,'222304',16,'2022-08-30 00:00:00','d',1,27,'a'),(9252,'222304',4,'2022-08-31 00:00:00','w',1,54,'h'),(9253,'222304',54,'2022-08-31 00:00:00','l',1,4,'a'),(9254,'222304',1,'2022-08-31 00:00:00','w',1,5,'h'),(9255,'222304',5,'2022-08-31 00:00:00','l',1,1,'a'),(9256,'222304',23,'2022-08-31 00:00:00','d',1,8,'h'),(9257,'222304',8,'2022-08-31 00:00:00','d',1,23,'a'),(9258,'222304',21,'2022-08-31 00:00:00','d',1,15,'h'),(9259,'222304',15,'2022-08-31 00:00:00','d',1,21,'a'),(9260,'222304',3,'2022-08-31 00:00:00','w',1,18,'h'),(9261,'222304',18,'2022-08-31 00:00:00','l',1,3,'a'),(9262,'222304',6,'2022-09-01 00:00:00','l',1,2,'h'),(9263,'222304',2,'2022-09-01 00:00:00','w',1,6,'a'),(9264,'222305',16,'2022-09-03 00:00:00','d',1,3,'h'),(9265,'222305',3,'2022-09-03 00:00:00','d',1,16,'a'),(9266,'222305',53,'2022-09-03 00:00:00','w',1,27,'h'),(9267,'222305',27,'2022-09-03 00:00:00','l',1,53,'a'),(9268,'222305',15,'2022-09-03 00:00:00','w',1,25,'h'),(9269,'222305',25,'2022-09-03 00:00:00','l',1,15,'a'),(9270,'222305',8,'2022-09-03 00:00:00','w',1,17,'h'),(9271,'222305',17,'2022-09-03 00:00:00','l',1,8,'a'),(9272,'222305',54,'2022-09-03 00:00:00','l',1,23,'h'),(9273,'222305',23,'2022-09-03 00:00:00','w',1,54,'a'),(9274,'222305',18,'2022-09-03 00:00:00','d',1,14,'h'),(9275,'222305',14,'2022-09-03 00:00:00','d',1,18,'a'),(9276,'222305',5,'2022-09-03 00:00:00','d',1,4,'h'),(9277,'222305',4,'2022-09-03 00:00:00','d',1,5,'a'),(9278,'222305',19,'2022-09-04 00:00:00','w',1,6,'h'),(9279,'222305',6,'2022-09-04 00:00:00','l',1,19,'a'),(9282,'222305',2,'2022-09-04 00:00:00','w',1,1,'h'),(9283,'222305',1,'2022-09-04 00:00:00','l',1,2,'a'),(9284,'222306',25,'2022-09-10 00:00:00','p',1,7,'h'),(9285,'222306',7,'2022-09-10 00:00:00','p',1,25,'a'),(9286,'222306',3,'2022-09-10 00:00:00','p',1,8,'h'),(9287,'222306',8,'2022-09-10 00:00:00','p',1,3,'a'),(9288,'222306',17,'2022-09-10 00:00:00','p',1,53,'h'),(9289,'222306',53,'2022-09-10 00:00:00','p',1,17,'a'),(9290,'222306',23,'2022-09-10 00:00:00','p',1,19,'h'),(9291,'222306',19,'2022-09-10 00:00:00','p',1,23,'a'),(9292,'222306',6,'2022-09-10 00:00:00','p',1,5,'h'),(9293,'222306',5,'2022-09-10 00:00:00','p',1,6,'a'),(9294,'222306',4,'2022-09-10 00:00:00','p',1,15,'h'),(9295,'222306',15,'2022-09-10 00:00:00','p',1,4,'a'),(9296,'222306',1,'2022-09-11 00:00:00','p',1,16,'h'),(9297,'222306',16,'2022-09-11 00:00:00','p',1,1,'a'),(9298,'222306',21,'2022-09-11 00:00:00','p',1,18,'h'),(9299,'222306',18,'2022-09-11 00:00:00','p',1,21,'a'),(9300,'222306',14,'2022-09-11 00:00:00','p',1,2,'h'),(9301,'222306',2,'2022-09-11 00:00:00','p',1,14,'a'),(9302,'222306',27,'2022-09-12 00:00:00','p',1,54,'h'),(9303,'222306',54,'2022-09-12 00:00:00','p',1,27,'a'),(9304,'222307',54,'2022-09-16 00:00:00','l',1,25,'h'),(9305,'222307',25,'2022-09-16 00:00:00','w',1,54,'a'),(9306,'222307',5,'2022-09-16 00:00:00','w',1,17,'h'),(9307,'222307',17,'2022-09-16 00:00:00','l',1,5,'a'),(9308,'222307',8,'2022-09-17 00:00:00','l',1,4,'h'),(9309,'222307',4,'2022-09-17 00:00:00','w',1,8,'a'),(9310,'222307',18,'2022-09-17 00:00:00','d',1,23,'h'),(9311,'222307',23,'2022-09-17 00:00:00','d',1,18,'a'),(9312,'222307',19,'2022-09-17 00:00:00','p',1,14,'h'),(9313,'222307',14,'2022-09-17 00:00:00','p',1,19,'a'),(9316,'222307',15,'2022-09-17 00:00:00','w',1,6,'h'),(9317,'222307',6,'2022-09-17 00:00:00','l',1,15,'a'),(9318,'222307',53,'2022-09-18 00:00:00','l',1,1,'h'),(9319,'222307',1,'2022-09-18 00:00:00','w',1,53,'a'),(9320,'222307',2,'2022-09-18 00:00:00','p',1,27,'h'),(9321,'222307',27,'2022-09-18 00:00:00','p',1,2,'a'),(9322,'222307',7,'2022-09-18 00:00:00','p',1,3,'h'),(9323,'222307',3,'2022-09-18 00:00:00','p',1,7,'a'),(9324,'222309',1,'2022-10-01 00:00:00','w',1,15,'h'),(9325,'222309',15,'2022-10-01 00:00:00','l',1,1,'a'),(9326,'222309',23,'2022-10-01 00:00:00','d',1,53,'h'),(9327,'222309',53,'2022-10-01 00:00:00','d',1,23,'a'),(9330,'222309',3,'2022-10-01 00:00:00','d',1,19,'h'),(9331,'222309',19,'2022-10-01 00:00:00','d',1,3,'a'),(9332,'222309',14,'2022-10-01 00:00:00','l',1,7,'h'),(9333,'222309',7,'2022-10-01 00:00:00','w',1,14,'a'),(9334,'222309',25,'2022-10-01 00:00:00','l',1,18,'h'),(9335,'222309',18,'2022-10-01 00:00:00','w',1,25,'a'),(9336,'222309',17,'2022-10-01 00:00:00','l',1,16,'h'),(9337,'222309',16,'2022-10-01 00:00:00','w',1,17,'a'),(9338,'222309',21,'2022-10-01 00:00:00','w',1,8,'h'),(9339,'222309',8,'2022-10-01 00:00:00','l',1,21,'a'),(9340,'222309',27,'2022-10-02 00:00:00','d',1,5,'h'),(9341,'222309',5,'2022-10-02 00:00:00','d',1,27,'a'),(9342,'222309',4,'2022-10-02 00:00:00','w',1,2,'h'),(9343,'222309',2,'2022-10-02 00:00:00','l',1,4,'a'),(9344,'222310',7,'2022-10-08 00:00:00','w',1,8,'h'),(9345,'222310',8,'2022-10-08 00:00:00','l',1,7,'a'),(9346,'222310',18,'2022-10-08 00:00:00','w',1,53,'h'),(9347,'222310',53,'2022-10-08 00:00:00','l',1,18,'a'),(9348,'222310',4,'2022-10-08 00:00:00','w',1,17,'h'),(9349,'222310',17,'2022-10-08 00:00:00','l',1,4,'a'),(9350,'222310',23,'2022-10-08 00:00:00','w',1,6,'h'),(9351,'222310',6,'2022-10-08 00:00:00','l',1,23,'a'),(9354,'222310',19,'2022-10-08 00:00:00','l',1,15,'h'),(9355,'222310',15,'2022-10-08 00:00:00','w',1,19,'a'),(9356,'222310',14,'2022-10-09 00:00:00','w',1,27,'h'),(9357,'222310',27,'2022-10-09 00:00:00','l',1,14,'a'),(9358,'222310',1,'2022-10-09 00:00:00','w',1,3,'h'),(9359,'222310',3,'2022-10-09 00:00:00','l',1,1,'a'),(9360,'222310',16,'2022-10-09 00:00:00','l',1,2,'h'),(9361,'222310',2,'2022-10-09 00:00:00','w',1,16,'a'),(9362,'222310',54,'2022-10-10 00:00:00','d',1,5,'h'),(9363,'222310',5,'2022-10-10 00:00:00','d',1,54,'a'),(9364,'222311',53,'2022-10-14 00:00:00','w',1,19,'h'),(9365,'222311',19,'2022-10-14 00:00:00','l',1,53,'a'),(9366,'222311',6,'2022-10-15 00:00:00','d',1,14,'h'),(9367,'222311',14,'2022-10-15 00:00:00','d',1,6,'a'),(9368,'222311',8,'2022-10-15 00:00:00','w',1,54,'h'),(9369,'222311',54,'2022-10-15 00:00:00','l',1,8,'a'),(9370,'222311',25,'2022-10-15 00:00:00','d',1,23,'h'),(9371,'222311',23,'2022-10-15 00:00:00','d',1,25,'a'),(9374,'222311',15,'2022-10-15 00:00:00','w',1,16,'h'),(9375,'222311',16,'2022-10-15 00:00:00','l',1,15,'a'),(9376,'222311',5,'2022-10-16 00:00:00','l',1,7,'h'),(9377,'222311',7,'2022-10-16 00:00:00','w',1,5,'a'),(9378,'222311',27,'2022-10-16 00:00:00','l',1,1,'h'),(9379,'222311',1,'2022-10-16 00:00:00','w',1,27,'a'),(9380,'222311',2,'2022-10-16 00:00:00','d',1,18,'h'),(9381,'222311',18,'2022-10-16 00:00:00','d',1,2,'a'),(9382,'222311',3,'2022-10-16 00:00:00','w',1,4,'h'),(9383,'222311',4,'2022-10-16 00:00:00','l',1,3,'a'),(9384,'222311',19,'2022-10-18 00:00:00','d',1,54,'h'),(9385,'222311',54,'2022-10-18 00:00:00','d',1,19,'a'),(9386,'222311',14,'2022-10-18 00:00:00','w',1,8,'h'),(9387,'222311',8,'2022-10-18 00:00:00','l',1,14,'a'),(9390,'222311',18,'2022-10-19 00:00:00','w',1,16,'h'),(9391,'222311',16,'2022-10-19 00:00:00','l',1,18,'a'),(9392,'222311',3,'2022-10-19 00:00:00','w',1,21,'h'),(9393,'222311',21,'2022-10-19 00:00:00','l',1,3,'a'),(9394,'222311',2,'2022-10-19 00:00:00','w',1,15,'h'),(9395,'222311',15,'2022-10-19 00:00:00','l',1,2,'a'),(9398,'222311',6,'2022-10-20 00:00:00','w',1,27,'h'),(9399,'222311',27,'2022-10-20 00:00:00','l',1,6,'a'),(9400,'222311',25,'2022-10-20 00:00:00','w',1,5,'h'),(9401,'222311',5,'2022-10-20 00:00:00','l',1,25,'a'),(9404,'222312',54,'2022-10-22 00:00:00','w',1,3,'h'),(9405,'222312',3,'2022-10-22 00:00:00','l',1,54,'a'),(9406,'222312',16,'2022-10-22 00:00:00','w',1,14,'h'),(9407,'222312',14,'2022-10-22 00:00:00','l',1,16,'a'),(9410,'222312',8,'2022-10-23 00:00:00','l',1,6,'h'),(9411,'222312',6,'2022-10-23 00:00:00','w',1,8,'a'),(9412,'222312',17,'2022-10-23 00:00:00','d',1,1,'h'),(9413,'222312',1,'2022-10-23 00:00:00','d',1,17,'a'),(9414,'222312',5,'2022-10-23 00:00:00','w',1,53,'h'),(9415,'222312',53,'2022-10-23 00:00:00','l',1,5,'a'),(9416,'222312',27,'2022-10-23 00:00:00','l',1,25,'h'),(9417,'222312',25,'2022-10-23 00:00:00','w',1,27,'a'),(9422,'222312',21,'2022-10-24 00:00:00','w',1,23,'h'),(9423,'222312',23,'2022-10-24 00:00:00','l',1,21,'a'),(9424,'222313',6,'2022-10-29 00:00:00','l',1,4,'h'),(9425,'222313',4,'2022-10-29 00:00:00','w',1,6,'a'),(9426,'222313',23,'2022-10-29 00:00:00','l',1,15,'h'),(9427,'222313',15,'2022-10-29 00:00:00','w',1,23,'a'),(9428,'222313',19,'2022-10-29 00:00:00','w',1,7,'h'),(9429,'222313',7,'2022-10-29 00:00:00','l',1,19,'a'),(9430,'222313',14,'2022-10-29 00:00:00','w',1,17,'h'),(9431,'222313',17,'2022-10-29 00:00:00','l',1,14,'a'),(9432,'222313',53,'2022-10-29 00:00:00','w',1,8,'h'),(9433,'222313',8,'2022-10-29 00:00:00','d',1,53,'a'),(9434,'222313',18,'2022-10-29 00:00:00','w',1,5,'h'),(9435,'222313',5,'2022-10-29 00:00:00','l',1,18,'a'),(9436,'222313',25,'2022-10-29 00:00:00','d',1,16,'h'),(9437,'222313',16,'2022-10-29 00:00:00','d',1,25,'a'),(9440,'222313',1,'2022-10-30 00:00:00','w',1,54,'h'),(9441,'222313',54,'2022-10-30 00:00:00','l',1,1,'a'),(9442,'222313',2,'2022-10-30 00:00:00','w',1,21,'h'),(9443,'222313',21,'2022-10-30 00:00:00','l',1,2,'a'),(9444,'222314',54,'2022-11-05 00:00:00','d',1,53,'h'),(9445,'222314',53,'2022-11-05 00:00:00','d',1,54,'a'),(9446,'222314',4,'2022-11-05 00:00:00','w',1,25,'h'),(9447,'222314',25,'2022-11-05 00:00:00','l',1,4,'a'),(9448,'222314',27,'2022-11-05 00:00:00','w',1,23,'h'),(9449,'222314',23,'2022-11-05 00:00:00','l',1,27,'a'),(9454,'222314',8,'2022-11-05 00:00:00','l',1,19,'h'),(9455,'222314',19,'2022-11-05 00:00:00','w',1,8,'a'),(9458,'222314',16,'2022-11-05 00:00:00','l',1,6,'h'),(9459,'222314',6,'2022-11-05 00:00:00','w',1,16,'a'),(9464,'222315',18,'2022-11-12 00:00:00','w',1,7,'h'),(9465,'222315',7,'2022-11-12 00:00:00','l',1,18,'a'),(9466,'222315',8,'2022-11-12 00:00:00','l',1,1,'h'),(9467,'222315',1,'2022-11-12 00:00:00','w',1,8,'a'),(9468,'222315',21,'2022-11-12 00:00:00','l',1,6,'h'),(9469,'222315',6,'2022-11-12 00:00:00','w',1,21,'a'),(9470,'222315',4,'2022-11-12 00:00:00','l',1,53,'h'),(9471,'222315',53,'2022-11-12 00:00:00','w',1,4,'a'),(9474,'222315',23,'2022-11-12 00:00:00','w',1,16,'h'),(9475,'222315',16,'2022-11-12 00:00:00','l',1,23,'a'),(9478,'222315',15,'2022-11-12 00:00:00','w',1,27,'h'),(9479,'222315',27,'2022-11-12 00:00:00','l',1,15,'a'),(9480,'222315',54,'2022-11-12 00:00:00','w',1,14,'h'),(9481,'222315',14,'2022-11-12 00:00:00','l',1,54,'a'),(9482,'222315',3,'2022-11-12 00:00:00','w',1,17,'h'),(9483,'222315',17,'2022-11-12 00:00:00','l',1,3,'a'),(9924,'222309',6,'2022-10-03 00:00:00','w',1,54,'h'),(9925,'222309',54,'2022-10-03 00:00:00','l',1,6,'a'),(9926,'222305',7,'2022-09-03 00:00:00','w',1,21,'h'),(9927,'222305',21,'2022-09-03 00:00:00','l',1,7,'a'),(9928,'222307',16,'2022-09-18 00:00:00','w',1,21,'h'),(9929,'222307',21,'2022-09-18 00:00:00','l',1,16,'a'),(9930,'222310',21,'2022-10-09 00:00:00','w',1,25,'h'),(9931,'222310',25,'2022-10-09 00:00:00','l',1,21,'a'),(9932,'222311',17,'2022-10-16 00:00:00','d',1,21,'h'),(9933,'222311',21,'2022-10-16 00:00:00','d',1,17,'a'),(9934,'222311',23,'2022-10-19 00:00:00','l',1,17,'h'),(9935,'222311',17,'2022-10-19 00:00:00','w',1,23,'a'),(9936,'222311',1,'2022-10-19 00:00:00','p',1,4,'h'),(9937,'222311',4,'2022-10-19 00:00:00','p',1,1,'a'),(9938,'222311',53,'2022-10-19 00:00:00','d',1,7,'h'),(9939,'222311',7,'2022-10-19 00:00:00','d',1,53,'a'),(9940,'222312',7,'2022-10-22 00:00:00','d',1,2,'h'),(9941,'222312',2,'2022-10-22 00:00:00','d',1,7,'a'),(9942,'222312',4,'2022-10-22 00:00:00','w',1,19,'h'),(9943,'222312',19,'2022-10-22 00:00:00','l',1,4,'a'),(9944,'222313',3,'2022-10-29 00:00:00','l',1,27,'h'),(9945,'222313',27,'2022-10-29 00:00:00','w',1,3,'a'),(9946,'222314',7,'2022-11-06 00:00:00','l',1,1,'h'),(9947,'222314',1,'2022-11-06 00:00:00','w',1,7,'a'),(9948,'222312',15,'2022-10-23 00:00:00','l',1,18,'h'),(9949,'222312',18,'2022-10-23 00:00:00','w',1,15,'a'),(9950,'222314',17,'2022-11-06 00:00:00','l',1,18,'h'),(9951,'222314',18,'2022-11-06 00:00:00','w',1,17,'a'),(9952,'222314',5,'2022-11-06 00:00:00','w',1,2,'h'),(9953,'222314',2,'2022-11-06 00:00:00','l',1,5,'a'),(9954,'222314',21,'2022-11-06 00:00:00','l',1,14,'h'),(9955,'222314',14,'2022-11-06 00:00:00','w',1,21,'a'),(9956,'222314',15,'2022-11-06 00:00:00','l',1,3,'h'),(9957,'222314',3,'2022-11-06 00:00:00','w',1,15,'a'),(9958,'222315',19,'2022-11-13 00:00:00','l',1,5,'h'),(9959,'222315',5,'2022-11-13 00:00:00','w',1,19,'a'),(9960,'222315',25,'2022-11-13 00:00:00','l',1,2,'h'),(9961,'222315',2,'2022-11-13 00:00:00','w',1,25,'a'),(10154,'222316',1,'2022-12-26 00:00:00','w',1,21,'h'),(10155,'222316',21,'2022-12-26 00:00:00','l',1,1,'a'),(10156,'222316',5,'2022-12-26 00:00:00','l',1,3,'h'),(10157,'222316',3,'2022-12-26 00:00:00','w',1,5,'a'),(10158,'222316',53,'2022-12-26 00:00:00','d',1,15,'h'),(10159,'222316',15,'2022-12-26 00:00:00','d',1,53,'a'),(10160,'222316',7,'2022-12-27 00:00:00','w',1,23,'h'),(10161,'222316',23,'2022-12-27 00:00:00','l',1,7,'a'),(10162,'222316',14,'2022-12-26 00:00:00','l',1,25,'h'),(10163,'222316',25,'2022-12-26 00:00:00','w',1,14,'a'),(10164,'222316',16,'2022-12-26 00:00:00','l',1,8,'h'),(10165,'222316',8,'2022-12-26 00:00:00','w',1,16,'a'),(10166,'222316',27,'2022-12-28 00:00:00','l',1,4,'h'),(10167,'222316',4,'2022-12-28 00:00:00','w',1,27,'a'),(10168,'222316',6,'2022-12-26 00:00:00','l',1,18,'h'),(10169,'222316',18,'2022-12-26 00:00:00','w',1,6,'a'),(10170,'222316',2,'2022-12-27 00:00:00','w',1,54,'h'),(10171,'222316',54,'2022-12-27 00:00:00','l',1,2,'a'),(10172,'222316',17,'2022-12-26 00:00:00','l',1,19,'h'),(10173,'222316',19,'2022-12-26 00:00:00','w',1,17,'a'),(10174,'222317',23,'2022-12-31 00:00:00','l',1,14,'h'),(10175,'222317',14,'2022-12-31 00:00:00','w',1,23,'a'),(10176,'222317',19,'2022-12-31 00:00:00','l',1,1,'h'),(10177,'222317',1,'2022-12-31 00:00:00','w',1,19,'a'),(10178,'222317',25,'2022-12-31 00:00:00','w',1,17,'h'),(10179,'222317',17,'2022-12-31 00:00:00','l',1,25,'a'),(10180,'222317',3,'2022-12-30 00:00:00','w',1,6,'h'),(10181,'222317',6,'2022-12-30 00:00:00','l',1,3,'a'),(10182,'222317',4,'2022-12-31 00:00:00','d',1,16,'h'),(10183,'222317',16,'2022-12-31 00:00:00','d',1,4,'a'),(10184,'222317',18,'2022-12-31 00:00:00','d',1,27,'h'),(10185,'222317',27,'2022-12-31 00:00:00','d',1,18,'a'),(10186,'222317',54,'2023-01-01 00:00:00','d',1,7,'h'),(10187,'222317',7,'2023-01-01 00:00:00','d',1,54,'a'),(10188,'222317',15,'2023-01-01 00:00:00','l',1,5,'h'),(10189,'222317',5,'2023-01-01 00:00:00','w',1,15,'a'),(10190,'222317',21,'2022-12-30 00:00:00','l',1,53,'h'),(10191,'222317',53,'2022-12-30 00:00:00','w',1,21,'a'),(10192,'222317',8,'2022-12-31 00:00:00','l',1,2,'h'),(10193,'222317',2,'2022-12-31 00:00:00','w',1,8,'a'),(10194,'222317',1,'2023-01-03 00:00:00','d',1,18,'h'),(10195,'222317',18,'2023-01-03 00:00:00','d',1,1,'a'),(10196,'222317',5,'2023-01-04 00:00:00','d',1,8,'h'),(10197,'222317',8,'2023-01-04 00:00:00','d',1,5,'a'),(10198,'222317',53,'2023-01-02 00:00:00','w',1,3,'h'),(10199,'222317',3,'2023-01-02 00:00:00','l',1,53,'a'),(10200,'222317',7,'2023-01-05 00:00:00','l',1,4,'h'),(10201,'222317',4,'2023-01-05 00:00:00','w',1,7,'a'),(10202,'222317',14,'2023-01-04 00:00:00','l',1,15,'h'),(10203,'222317',15,'2023-01-04 00:00:00','w',1,14,'a'),(10204,'222317',16,'2023-01-03 00:00:00','l',1,19,'h'),(10205,'222317',19,'2023-01-03 00:00:00','w',1,16,'a'),(10206,'222317',27,'2023-01-04 00:00:00','d',1,21,'h'),(10207,'222317',21,'2023-01-04 00:00:00','d',1,27,'a'),(10208,'222317',6,'2023-01-03 00:00:00','l',1,25,'h'),(10209,'222317',25,'2023-01-03 00:00:00','w',1,6,'a'),(10210,'222317',2,'2023-01-03 00:00:00','w',1,23,'h'),(10211,'222317',23,'2023-01-03 00:00:00','l',1,2,'a'),(10212,'222317',17,'2023-01-04 00:00:00','l',1,54,'h'),(10213,'222317',54,'2023-01-04 00:00:00','w',1,17,'a'),(10216,'222319',53,'2023-01-14 00:00:00','w',1,23,'h'),(10217,'222319',23,'2023-01-14 00:00:00','l',1,53,'a'),(10218,'222319',19,'2023-01-14 00:00:00','w',1,3,'h'),(10219,'222319',3,'2023-01-14 00:00:00','l',1,19,'a'),(10222,'222319',16,'2023-01-14 00:00:00','l',1,17,'h'),(10223,'222319',17,'2023-01-14 00:00:00','w',1,16,'a'),(10224,'222319',2,'2023-01-14 00:00:00','w',1,4,'h'),(10225,'222319',4,'2023-01-14 00:00:00','l',1,2,'a'),(10228,'222319',54,'2023-01-14 00:00:00','w',1,6,'h'),(10229,'222319',6,'2023-01-14 00:00:00','l',1,54,'a'),(10232,'222319',8,'2023-01-14 00:00:00','w',1,21,'h'),(10233,'222319',21,'2023-01-14 00:00:00','l',1,8,'a'),(10234,'222320',23,'2023-01-21 00:00:00','d',1,54,'h'),(10235,'222320',54,'2023-01-21 00:00:00','d',1,23,'a'),(10238,'222320',14,'2023-01-21 00:00:00','d',1,18,'h'),(10239,'222320',18,'2023-01-21 00:00:00','d',1,14,'a'),(10244,'222320',6,'2023-01-21 00:00:00','d',1,19,'h'),(10245,'222320',19,'2023-01-21 00:00:00','d',1,6,'a'),(10246,'222320',3,'2023-01-21 00:00:00','d',1,7,'h'),(10247,'222320',7,'2023-01-21 00:00:00','d',1,3,'a'),(10250,'222320',17,'2023-01-21 00:00:00','l',1,5,'h'),(10251,'222320',5,'2023-01-21 00:00:00','w',1,17,'a'),(10252,'222320',21,'2023-01-21 00:00:00','w',1,16,'h'),(10253,'222320',16,'2023-01-21 00:00:00','l',1,21,'a'),(10254,'222322',5,'2023-02-04 00:00:00','l',1,6,'h'),(10255,'222322',6,'2023-02-04 00:00:00','w',1,5,'a'),(10256,'222322',53,'2023-02-04 00:00:00','w',1,17,'h'),(10257,'222322',17,'2023-02-04 00:00:00','l',1,53,'a'),(10258,'222322',19,'2023-02-04 00:00:00','w',1,23,'h'),(10259,'222322',23,'2023-02-04 00:00:00','l',1,19,'a'),(10262,'222322',16,'2023-02-04 00:00:00','w',1,1,'h'),(10263,'222322',1,'2023-02-04 00:00:00','l',1,16,'a'),(10264,'222322',2,'2023-02-04 00:00:00','w',1,14,'h'),(10265,'222322',14,'2023-02-04 00:00:00','l',1,2,'a'),(10266,'222322',18,'2023-02-04 00:00:00','d',1,21,'h'),(10267,'222322',21,'2023-02-04 00:00:00','d',1,18,'a'),(10272,'222322',8,'2023-02-04 00:00:00','w',1,3,'h'),(10273,'222322',3,'2023-02-04 00:00:00','l',1,8,'a'),(10274,'222323',23,'2023-02-11 00:00:00','d',1,18,'h'),(10275,'222323',18,'2023-02-11 00:00:00','d',1,23,'a'),(10276,'222323',1,'2023-02-11 00:00:00','d',1,53,'h'),(10277,'222323',53,'2023-02-11 00:00:00','d',1,1,'a'),(10278,'222323',14,'2023-02-11 00:00:00','d',1,19,'h'),(10279,'222323',19,'2023-02-11 00:00:00','d',1,14,'a'),(10280,'222323',25,'2023-02-11 00:00:00','w',1,54,'h'),(10281,'222323',54,'2023-02-11 00:00:00','l',1,25,'a'),(10284,'222323',6,'2023-02-11 00:00:00','w',1,15,'h'),(10285,'222323',15,'2023-02-11 00:00:00','l',1,6,'a'),(10290,'222323',17,'2023-02-11 00:00:00','l',1,8,'h'),(10291,'222323',8,'2023-02-11 00:00:00','w',1,17,'a'),(10292,'222323',21,'2023-02-11 00:00:00','d',1,7,'h'),(10293,'222323',7,'2023-02-11 00:00:00','d',1,21,'a'),(10294,'222324',5,'2023-02-18 00:00:00','l',1,1,'h'),(10295,'222324',1,'2023-02-18 00:00:00','w',1,5,'a'),(10296,'222324',53,'2023-02-18 00:00:00','d',1,14,'h'),(10297,'222324',14,'2023-02-18 00:00:00','d',1,53,'a'),(10298,'222324',19,'2023-02-18 00:00:00','l',1,25,'h'),(10299,'222324',25,'2023-02-18 00:00:00','w',1,19,'a'),(10300,'222324',7,'2023-02-18 00:00:00','l',1,17,'h'),(10301,'222324',17,'2023-02-18 00:00:00','w',1,7,'a'),(10302,'222324',16,'2023-02-18 00:00:00','w',1,27,'h'),(10303,'222324',27,'2023-02-18 00:00:00','l',1,16,'a'),(10306,'222324',18,'2023-02-18 00:00:00','l',1,3,'h'),(10307,'222324',3,'2023-02-18 00:00:00','w',1,18,'a'),(10308,'222324',54,'2023-02-18 00:00:00','d',1,4,'h'),(10309,'222324',4,'2023-02-18 00:00:00','d',1,54,'a'),(10312,'222324',8,'2023-02-18 00:00:00','l',1,23,'h'),(10313,'222324',23,'2023-02-18 00:00:00','w',1,8,'a'),(10314,'222325',23,'2023-02-25 00:00:00','l',1,4,'h'),(10315,'222325',4,'2023-02-25 00:00:00','w',1,23,'a'),(10316,'222325',14,'2023-02-25 00:00:00','d',1,3,'h'),(10317,'222325',3,'2023-02-25 00:00:00','d',1,14,'a'),(10318,'222325',16,'2023-02-25 00:00:00','l',1,5,'h'),(10319,'222325',5,'2023-02-25 00:00:00','w',1,16,'a'),(10322,'222325',27,'2023-02-25 00:00:00','w',1,17,'h'),(10323,'222325',17,'2023-02-25 00:00:00','l',1,27,'a'),(10324,'222325',6,'2023-02-25 00:00:00','l',1,1,'h'),(10325,'222325',1,'2023-02-25 00:00:00','w',1,6,'a'),(10332,'222325',21,'2023-02-25 00:00:00','w',1,54,'h'),(10333,'222325',54,'2023-02-25 00:00:00','l',1,21,'a'),(10594,'222318',25,'2023-01-12 00:00:00','w',1,7,'h'),(10595,'222318',7,'2023-01-12 00:00:00','l',1,25,'a'),(10596,'222319',4,'2023-01-19 00:00:00','w',1,15,'h'),(10597,'222319',15,'2023-01-19 00:00:00','l',1,4,'a'),(10598,'222323',1,'2023-02-15 00:00:00','l',1,4,'h'),(10599,'222323',4,'2023-02-15 00:00:00','w',1,1,'a'),(10600,'222319',5,'2023-01-13 00:00:00','w',1,27,'h'),(10601,'222319',27,'2023-01-13 00:00:00','l',1,5,'a'),(10602,'222319',7,'2023-01-15 00:00:00','w',1,14,'h'),(10603,'222319',14,'2023-01-15 00:00:00','l',1,7,'a'),(10604,'222319',18,'2023-01-15 00:00:00','w',1,25,'h'),(10605,'222319',25,'2023-01-15 00:00:00','l',1,18,'a'),(10606,'222319',15,'2023-01-15 00:00:00','l',1,1,'h'),(10607,'222319',1,'2023-01-15 00:00:00','w',1,15,'a'),(10608,'222320',1,'2023-01-22 00:00:00','w',1,2,'h'),(10609,'222320',2,'2023-01-22 00:00:00','l',1,1,'a'),(10610,'222320',25,'2023-01-23 00:00:00','l',1,15,'h'),(10611,'222320',15,'2023-01-23 00:00:00','w',1,25,'a'),(10612,'222320',27,'2023-01-22 00:00:00','d',1,53,'h'),(10613,'222320',53,'2023-01-22 00:00:00','d',1,27,'a'),(10614,'222320',4,'2023-01-22 00:00:00','w',1,8,'h'),(10615,'222320',8,'2023-01-22 00:00:00','l',1,4,'a'),(10616,'222322',7,'2023-02-03 00:00:00','d',1,25,'h'),(10617,'222322',25,'2023-02-03 00:00:00','d',1,7,'a'),(10618,'222322',54,'2023-02-05 00:00:00','w',1,27,'h'),(10619,'222322',27,'2023-02-05 00:00:00','l',1,54,'a'),(10620,'222322',15,'2023-02-05 00:00:00','w',1,4,'h'),(10621,'222322',4,'2023-02-05 00:00:00','l',1,15,'a'),(10622,'222323',27,'2023-02-12 00:00:00','l',1,2,'h'),(10623,'222323',2,'2023-02-12 00:00:00','w',1,27,'a'),(10624,'222323',3,'2023-02-13 00:00:00','w',1,16,'h'),(10625,'222323',16,'2023-02-13 00:00:00','l',1,3,'a'),(10626,'222323',4,'2023-02-12 00:00:00','w',1,5,'h'),(10627,'222323',5,'2023-02-12 00:00:00','l',1,4,'a'),(10628,'222324',2,'2023-02-19 00:00:00','w',1,6,'h'),(10629,'222324',6,'2023-02-19 00:00:00','l',1,2,'a'),(10630,'222324',15,'2023-02-19 00:00:00','w',1,21,'h'),(10631,'222324',21,'2023-02-19 00:00:00','l',1,15,'a'),(10632,'222325',25,'2023-02-24 00:00:00','d',1,8,'h'),(10633,'222325',8,'2023-02-24 00:00:00','d',1,25,'a'),(10636,'222325',15,'2023-02-26 00:00:00','w',1,7,'h'),(10637,'222325',7,'2023-02-26 00:00:00','l',1,15,'a'),(10638,'222319',14,'2023-01-18 00:00:00','d',1,2,'h'),(10639,'222319',2,'2023-01-18 00:00:00','d',1,14,'a'),(10640,'222322',2,'2023-02-08 00:00:00','d',1,27,'h'),(10641,'222322',27,'2023-02-08 00:00:00','d',1,2,'a'),(11342,'222325',1,'2023-03-01 00:00:00','w',1,16,'h'),(11343,'222325',16,'2023-03-01 00:00:00','l',1,1,'a'),(11348,'222325',3,'2023-03-01 00:00:00','w',1,8,'h'),(11349,'222325',8,'2023-03-01 00:00:00','l',1,3,'a'),(11360,'222326',1,'2023-03-04 00:00:00','w',1,23,'h'),(11361,'222326',23,'2023-03-04 00:00:00','l',1,1,'a'),(11362,'222326',5,'2023-03-04 00:00:00','w',1,14,'h'),(11363,'222326',14,'2023-03-04 00:00:00','l',1,5,'a'),(11364,'222326',53,'2023-03-06 00:00:00','w',1,25,'h'),(11365,'222326',25,'2023-03-06 00:00:00','l',1,53,'a'),(11366,'222326',19,'2023-03-04 00:00:00','w',1,21,'h'),(11367,'222326',21,'2023-03-04 00:00:00','l',1,19,'a'),(11368,'222326',7,'2023-03-04 00:00:00','w',1,27,'h'),(11369,'222326',27,'2023-03-04 00:00:00','l',1,7,'a'),(11370,'222326',3,'2023-03-05 00:00:00','w',1,2,'h'),(11371,'222326',2,'2023-03-05 00:00:00','l',1,3,'a'),(11372,'222326',4,'2023-03-04 00:00:00','w',1,18,'h'),(11373,'222326',18,'2023-03-04 00:00:00','l',1,4,'a'),(11374,'222326',54,'2023-03-05 00:00:00','d',1,16,'h'),(11375,'222326',16,'2023-03-05 00:00:00','d',1,54,'a'),(11376,'222326',17,'2023-03-04 00:00:00','w',1,6,'h'),(11377,'222326',6,'2023-03-04 00:00:00','l',1,17,'a'),(11378,'222326',8,'2023-03-04 00:00:00','w',1,15,'h'),(11379,'222326',15,'2023-03-04 00:00:00','l',1,8,'a'),(12284,'222325',139,'2023-02-27 00:00:00','',2,137,'h'),(12285,'222325',137,'2023-02-27 00:00:00','',2,139,'a'),(12574,'222330',23,'2023-04-04 00:00:00','',1,19,'h'),(12575,'222330',19,'2023-04-04 00:00:00','',1,23,'a'),(12576,'222330',27,'2023-04-04 00:00:00','',1,54,'h'),(12577,'222330',54,'2023-04-04 00:00:00','',1,27,'a'),(12578,'222330',6,'2023-04-04 00:00:00','',1,5,'h'),(12579,'222330',5,'2023-04-04 00:00:00','',1,6,'a'),(12580,'222327',17,'2023-03-15 00:00:00','l',1,53,'h'),(12581,'222327',53,'2023-03-15 00:00:00','w',1,17,'a'),(12582,'222330',21,'2023-04-05 00:00:00','',1,18,'h'),(12583,'222330',18,'2023-04-05 00:00:00','',1,21,'a'),(12584,'222327',19,'2023-03-15 00:00:00','w',1,14,'h'),(12585,'222327',14,'2023-03-15 00:00:00','l',1,19,'a'),(12586,'222330',7,'2023-04-04 00:00:00','',1,3,'h'),(12587,'222330',3,'2023-04-04 00:00:00','',1,7,'a'),(12588,'222330',2,'2023-04-05 00:00:00','',1,53,'h'),(12589,'222330',53,'2023-04-05 00:00:00','',1,2,'a'),(12590,'222327',23,'2023-03-11 00:00:00','w',1,3,'h'),(12591,'222327',3,'2023-03-11 00:00:00','l',1,23,'a'),(12592,'222327',14,'2023-03-11 00:00:00','l',1,4,'h'),(12593,'222327',4,'2023-03-11 00:00:00','w',1,14,'a'),(12594,'222327',16,'2023-03-11 00:00:00','w',1,53,'h'),(12595,'222327',53,'2023-03-11 00:00:00','l',1,16,'a'),(12596,'222327',25,'2023-03-12 00:00:00','l',1,1,'h'),(12597,'222327',1,'2023-03-12 00:00:00','w',1,25,'a'),(12598,'222327',27,'2023-03-11 00:00:00','d',1,19,'h'),(12599,'222327',19,'2023-03-11 00:00:00','d',1,27,'a'),(12600,'222327',6,'2023-03-11 00:00:00','l',1,7,'h'),(12601,'222327',7,'2023-03-11 00:00:00','w',1,6,'a'),(12602,'222327',2,'2023-03-12 00:00:00','d',1,17,'h'),(12603,'222327',17,'2023-03-12 00:00:00','d',1,2,'a'),(12604,'222327',18,'2023-03-12 00:00:00','w',1,8,'h'),(12605,'222327',8,'2023-03-12 00:00:00','l',1,18,'a'),(12606,'222327',15,'2023-03-11 00:00:00','w',1,54,'h'),(12607,'222327',54,'2023-03-11 00:00:00','l',1,15,'a'),(12608,'222327',21,'2023-03-12 00:00:00','d',1,5,'h'),(12609,'222327',5,'2023-03-12 00:00:00','d',1,21,'a'),(12610,'222328',1,'2023-03-19 00:00:00','w',1,14,'h'),(12611,'222328',14,'2023-03-19 00:00:00','l',1,1,'a'),(12612,'222328',5,'2023-03-18 00:00:00','w',1,23,'h'),(12613,'222328',23,'2023-03-18 00:00:00','l',1,5,'a'),(12614,'222328',53,'2023-03-18 00:00:00','d',1,6,'h'),(12615,'222328',6,'2023-03-18 00:00:00','d',1,53,'a'),(12616,'222328',7,'2023-03-18 00:00:00','d',1,16,'h'),(12617,'222328',16,'2023-03-18 00:00:00','d',1,7,'a'),(12618,'222328',54,'2023-03-17 00:00:00','l',1,18,'h'),(12619,'222328',18,'2023-03-17 00:00:00','w',1,54,'a'),(12620,'222328',17,'2023-03-18 00:00:00','d',1,15,'h'),(12621,'222328',15,'2023-03-18 00:00:00','d',1,17,'a'),(12622,'222328',8,'2023-03-18 00:00:00','l',1,27,'h'),(12623,'222328',27,'2023-03-18 00:00:00','w',1,8,'a'),(12624,'222330',23,'2023-04-01 00:00:00','',1,25,'h'),(12625,'222330',25,'2023-04-01 00:00:00','',1,23,'a'),(12626,'222330',1,'2023-04-01 00:00:00','',1,27,'h'),(12627,'222330',27,'2023-04-01 00:00:00','',1,1,'a'),(12628,'222330',19,'2023-04-01 00:00:00','',1,53,'h'),(12629,'222330',53,'2023-04-01 00:00:00','',1,19,'a'),(12630,'222330',7,'2023-04-01 00:00:00','',1,5,'h'),(12631,'222330',5,'2023-04-01 00:00:00','',1,7,'a'),(12632,'222330',14,'2023-04-01 00:00:00','',1,6,'h'),(12633,'222330',6,'2023-04-01 00:00:00','',1,14,'a'),(12634,'222330',16,'2023-04-03 00:00:00','',1,15,'h'),(12635,'222330',15,'2023-04-03 00:00:00','',1,16,'a'),(12636,'222330',4,'2023-04-01 00:00:00','',1,3,'h'),(12637,'222330',3,'2023-04-01 00:00:00','',1,4,'a'),(12638,'222330',18,'2023-04-02 00:00:00','',1,2,'h'),(12639,'222330',2,'2023-04-02 00:00:00','',1,18,'a'),(12640,'222330',54,'2023-04-01 00:00:00','',1,8,'h'),(12641,'222330',8,'2023-04-01 00:00:00','',1,54,'a'),(12642,'222330',21,'2023-04-02 00:00:00','',1,17,'h'),(12643,'222330',17,'2023-04-02 00:00:00','',1,21,'a'),(12644,'222331',5,'2023-04-08 00:00:00','',1,54,'h'),(12645,'222331',54,'2023-04-08 00:00:00','',1,5,'a'),(12646,'222331',53,'2023-04-08 00:00:00','',1,18,'h'),(12647,'222331',18,'2023-04-08 00:00:00','',1,53,'a'),(12648,'222331',25,'2023-04-08 00:00:00','',1,21,'h'),(12649,'222331',21,'2023-04-08 00:00:00','',1,25,'a'),(12652,'222331',6,'2023-04-08 00:00:00','',1,23,'h'),(12653,'222331',23,'2023-04-08 00:00:00','',1,6,'a'),(12654,'222331',3,'2023-04-09 00:00:00','',1,1,'h'),(12655,'222331',1,'2023-04-09 00:00:00','',1,3,'a'),(12656,'222331',2,'2023-04-08 00:00:00','',1,16,'h'),(12657,'222331',16,'2023-04-08 00:00:00','',1,2,'a'),(12660,'222331',15,'2023-04-08 00:00:00','',1,19,'h'),(12661,'222331',19,'2023-04-08 00:00:00','',1,15,'a'),(12662,'222331',8,'2023-04-08 00:00:00','',1,7,'h'),(12663,'222331',7,'2023-04-08 00:00:00','',1,8,'a'),(12664,'222332',5,'2023-04-15 00:00:00','',1,18,'h'),(12665,'222332',18,'2023-04-15 00:00:00','',1,5,'a'),(12666,'222332',7,'2023-04-15 00:00:00','',1,19,'h'),(12667,'222332',19,'2023-04-15 00:00:00','',1,7,'a'),(12668,'222332',16,'2023-04-15 00:00:00','',1,25,'h'),(12669,'222332',25,'2023-04-15 00:00:00','',1,16,'a'),(12670,'222332',27,'2023-04-17 00:00:00','',1,3,'h'),(12671,'222332',3,'2023-04-17 00:00:00','',1,27,'a'),(12676,'222332',17,'2023-04-15 00:00:00','',1,14,'h'),(12677,'222332',14,'2023-04-15 00:00:00','',1,17,'a'),(12678,'222332',15,'2023-04-15 00:00:00','',1,23,'h'),(12679,'222332',23,'2023-04-15 00:00:00','',1,15,'a'),(12680,'222332',21,'2023-04-16 00:00:00','',1,1,'h'),(12681,'222332',1,'2023-04-16 00:00:00','',1,21,'a'),(12682,'222332',8,'2023-04-15 00:00:00','',1,53,'h'),(12683,'222332',53,'2023-04-15 00:00:00','',1,8,'a'),(12686,'222333',1,'2023-04-21 00:00:00','',1,17,'h'),(12687,'222333',17,'2023-04-21 00:00:00','',1,1,'a'),(12688,'222333',53,'2023-04-22 00:00:00','',1,5,'h'),(12689,'222333',5,'2023-04-22 00:00:00','',1,53,'a'),(12692,'222333',14,'2023-04-22 00:00:00','',1,16,'h'),(12693,'222333',16,'2023-04-22 00:00:00','',1,14,'a'),(12694,'222333',25,'2023-04-22 00:00:00','',1,27,'h'),(12695,'222333',27,'2023-04-22 00:00:00','',1,25,'a'),(12696,'222333',6,'2023-04-22 00:00:00','',1,8,'h'),(12697,'222333',8,'2023-04-22 00:00:00','',1,6,'a'),(12698,'222333',3,'2023-04-22 00:00:00','',1,54,'h'),(12699,'222333',54,'2023-04-22 00:00:00','',1,3,'a'),(12702,'222333',18,'2023-04-23 00:00:00','',1,15,'h'),(12703,'222333',15,'2023-04-23 00:00:00','',1,18,'a'),(12704,'222333',16,'2023-04-27 00:00:00','',1,18,'h'),(12705,'222333',18,'2023-04-27 00:00:00','',1,16,'a'),(12706,'222333',27,'2023-04-25 00:00:00','',1,6,'h'),(12707,'222333',6,'2023-04-25 00:00:00','',1,27,'a'),(12708,'222333',54,'2023-04-26 00:00:00','',1,19,'h'),(12709,'222333',19,'2023-04-26 00:00:00','',1,54,'a'),(12710,'222333',15,'2023-04-27 00:00:00','',1,2,'h'),(12711,'222333',2,'2023-04-27 00:00:00','',1,15,'a'),(12712,'222333',21,'2023-04-26 00:00:00','',1,3,'h'),(12713,'222333',3,'2023-04-26 00:00:00','',1,21,'a'),(12714,'222333',8,'2023-04-25 00:00:00','',1,14,'h'),(12715,'222333',14,'2023-04-25 00:00:00','',1,8,'a'),(12716,'222333',5,'2023-04-25 00:00:00','',1,25,'h'),(12717,'222333',25,'2023-04-25 00:00:00','',1,5,'a'),(12718,'222333',7,'2023-04-26 00:00:00','',1,53,'h'),(12719,'222333',53,'2023-04-26 00:00:00','',1,7,'a'),(12722,'222333',4,'2023-04-26 00:00:00','',1,1,'h'),(12723,'222333',1,'2023-04-26 00:00:00','',1,4,'a'),(12726,'222334',1,'2023-04-29 00:00:00','',1,7,'h'),(12727,'222334',7,'2023-04-29 00:00:00','',1,1,'a'),(12728,'222334',53,'2023-04-29 00:00:00','',1,54,'h'),(12729,'222334',54,'2023-04-29 00:00:00','',1,53,'a'),(12730,'222334',19,'2023-04-29 00:00:00','',1,8,'h'),(12731,'222334',8,'2023-04-29 00:00:00','',1,19,'a'),(12732,'222334',14,'2023-04-29 00:00:00','',1,21,'h'),(12733,'222334',21,'2023-04-29 00:00:00','',1,14,'a'),(12734,'222334',25,'2023-04-30 00:00:00','',1,4,'h'),(12735,'222334',4,'2023-04-30 00:00:00','',1,25,'a'),(12736,'222334',6,'2023-05-01 00:00:00','',1,16,'h'),(12737,'222334',16,'2023-05-01 00:00:00','',1,6,'a'),(12738,'222334',3,'2023-04-30 00:00:00','',1,15,'h'),(12739,'222334',15,'2023-04-30 00:00:00','',1,3,'a'),(12740,'222334',2,'2023-04-30 00:00:00','',1,5,'h'),(12741,'222334',5,'2023-04-30 00:00:00','',1,2,'a'),(12742,'222334',18,'2023-04-30 00:00:00','',1,17,'h'),(12743,'222334',17,'2023-04-30 00:00:00','',1,18,'a'),(12744,'222335',23,'2023-05-06 00:00:00','',1,7,'h'),(12745,'222335',7,'2023-05-06 00:00:00','',1,23,'a'),(12750,'222335',3,'2023-05-06 00:00:00','',1,53,'h'),(12751,'222335',53,'2023-05-06 00:00:00','',1,3,'a'),(12758,'222335',15,'2023-05-06 00:00:00','',1,14,'h'),(12759,'222335',14,'2023-05-06 00:00:00','',1,15,'a'),(12762,'222335',8,'2023-05-06 00:00:00','',1,5,'h'),(12763,'222335',5,'2023-05-06 00:00:00','',1,8,'a'),(12764,'222336',1,'2023-05-13 00:00:00','',1,19,'h'),(12765,'222336',19,'2023-05-13 00:00:00','',1,1,'a'),(12766,'222336',5,'2023-05-13 00:00:00','',1,15,'h'),(12767,'222336',15,'2023-05-13 00:00:00','',1,5,'a'),(12768,'222336',53,'2023-05-13 00:00:00','',1,21,'h'),(12769,'222336',21,'2023-05-13 00:00:00','',1,53,'a'),(12770,'222336',7,'2023-05-13 00:00:00','',1,54,'h'),(12771,'222336',54,'2023-05-13 00:00:00','',1,7,'a'),(12772,'222336',14,'2023-05-13 00:00:00','',1,23,'h'),(12773,'222336',23,'2023-05-13 00:00:00','',1,14,'a'),(12774,'222336',16,'2023-05-13 00:00:00','',1,4,'h'),(12775,'222336',4,'2023-05-13 00:00:00','',1,16,'a'),(12776,'222336',27,'2023-05-13 00:00:00','',1,18,'h'),(12777,'222336',18,'2023-05-13 00:00:00','',1,27,'a'),(12778,'222336',6,'2023-05-13 00:00:00','',1,3,'h'),(12779,'222336',3,'2023-05-13 00:00:00','',1,6,'a'),(12780,'222336',2,'2023-05-13 00:00:00','',1,8,'h'),(12781,'222336',8,'2023-05-13 00:00:00','',1,2,'a'),(12782,'222336',17,'2023-05-13 00:00:00','',1,25,'h'),(12783,'222336',25,'2023-05-13 00:00:00','',1,17,'a'),(12784,'222337',23,'2023-05-20 00:00:00','',1,2,'h'),(12785,'222337',2,'2023-05-20 00:00:00','',1,23,'a'),(12786,'222337',19,'2023-05-20 00:00:00','',1,17,'h'),(12787,'222337',17,'2023-05-20 00:00:00','',1,19,'a'),(12788,'222337',25,'2023-05-20 00:00:00','',1,14,'h'),(12789,'222337',14,'2023-05-20 00:00:00','',1,25,'a'),(12790,'222337',3,'2023-05-20 00:00:00','',1,5,'h'),(12791,'222337',5,'2023-05-20 00:00:00','',1,3,'a'),(12792,'222337',4,'2023-05-20 00:00:00','',1,7,'h'),(12793,'222337',7,'2023-05-20 00:00:00','',1,4,'a'),(12794,'222337',18,'2023-05-20 00:00:00','',1,6,'h'),(12795,'222337',6,'2023-05-20 00:00:00','',1,18,'a'),(12796,'222337',54,'2023-05-20 00:00:00','',1,1,'h'),(12797,'222337',1,'2023-05-20 00:00:00','',1,54,'a'),(12798,'222337',15,'2023-05-20 00:00:00','',1,53,'h'),(12799,'222337',53,'2023-05-20 00:00:00','',1,15,'a'),(12800,'222337',21,'2023-05-20 00:00:00','',1,27,'h'),(12801,'222337',27,'2023-05-20 00:00:00','',1,21,'a'),(12802,'222337',8,'2023-05-20 00:00:00','',1,16,'h'),(12803,'222337',16,'2023-05-20 00:00:00','',1,8,'a'),(12804,'222338',1,'2023-05-28 00:00:00','',1,8,'h'),(12805,'222338',8,'2023-05-28 00:00:00','',1,1,'a'),(12806,'222338',5,'2023-05-28 00:00:00','',1,19,'h'),(12807,'222338',19,'2023-05-28 00:00:00','',1,5,'a'),(12808,'222338',53,'2023-05-28 00:00:00','',1,4,'h'),(12809,'222338',4,'2023-05-28 00:00:00','',1,53,'a'),(12810,'222338',7,'2023-05-28 00:00:00','',1,18,'h'),(12811,'222338',18,'2023-05-28 00:00:00','',1,7,'a'),(12812,'222338',14,'2023-05-28 00:00:00','',1,54,'h'),(12813,'222338',54,'2023-05-28 00:00:00','',1,14,'a'),(12814,'222338',16,'2023-05-28 00:00:00','',1,23,'h'),(12815,'222338',23,'2023-05-28 00:00:00','',1,16,'a'),(12816,'222338',27,'2023-05-28 00:00:00','',1,15,'h'),(12817,'222338',15,'2023-05-28 00:00:00','',1,27,'a'),(12818,'222338',6,'2023-05-28 00:00:00','',1,21,'h'),(12819,'222338',21,'2023-05-28 00:00:00','',1,6,'a'),(12820,'222338',2,'2023-05-28 00:00:00','',1,25,'h'),(12821,'222338',25,'2023-05-28 00:00:00','',1,2,'a'),(12822,'222338',17,'2023-05-28 00:00:00','',1,3,'h'),(12823,'222338',3,'2023-05-28 00:00:00','',1,17,'a'),(12824,'222331',27,'2023-04-09 00:00:00','',1,14,'h'),(12825,'222331',14,'2023-04-09 00:00:00','',1,27,'a'),(12826,'222331',17,'2023-04-08 00:00:00','',1,4,'h'),(12827,'222331',4,'2023-04-08 00:00:00','',1,17,'a'),(12828,'222332',4,'2023-04-15 00:00:00','',1,6,'h'),(12829,'222332',6,'2023-04-15 00:00:00','',1,4,'a'),(12830,'222332',54,'2023-04-16 00:00:00','',1,2,'h'),(12831,'222332',2,'2023-04-16 00:00:00','',1,54,'a'),(12832,'222333',23,'2023-04-23 00:00:00','',1,21,'h'),(12833,'222333',21,'2023-04-23 00:00:00','',1,23,'a'),(12834,'222333',17,'2023-04-27 00:00:00','',1,23,'h'),(12835,'222333',23,'2023-04-27 00:00:00','',1,17,'a'),(12836,'222334',23,'2023-04-30 00:00:00','',1,27,'h'),(12837,'222334',27,'2023-04-30 00:00:00','',1,23,'a'),(12838,'222334',19,'2023-05-04 00:00:00','',1,2,'h'),(12839,'222334',2,'2023-05-04 00:00:00','',1,19,'a'),(12840,'222334',3,'2023-05-03 00:00:00','',1,25,'h'),(12841,'222334',25,'2023-05-03 00:00:00','',1,3,'a'),(12842,'222334',4,'2023-05-03 00:00:00','',1,21,'h'),(12843,'222334',21,'2023-05-03 00:00:00','',1,4,'a'),(12844,'222335',19,'2023-05-08 00:00:00','',1,16,'h'),(12845,'222335',16,'2023-05-08 00:00:00','',1,19,'a'),(12846,'222335',4,'2023-05-07 00:00:00','',1,27,'h'),(12847,'222335',27,'2023-05-07 00:00:00','',1,4,'a'),(12848,'222335',18,'2023-05-07 00:00:00','',1,1,'h'),(12849,'222335',1,'2023-05-07 00:00:00','',1,18,'a'),(12850,'222335',54,'2023-05-08 00:00:00','',1,17,'h'),(12851,'222335',17,'2023-05-08 00:00:00','',1,54,'a'),(12852,'222335',21,'2023-05-07 00:00:00','',1,2,'h'),(12853,'222335',2,'2023-05-07 00:00:00','',1,21,'a'),(12854,'222335',25,'2023-05-08 00:00:00','',1,6,'h'),(12855,'222335',6,'2023-05-08 00:00:00','',1,25,'a');
/*!40000 ALTER TABLE `lms_match` ENABLE KEYS */;
UNLOCK TABLES;

--
-- Table structure for table `lms_pick`
--

DROP TABLE IF EXISTS `lms_pick`;
/*!40101 SET @saved_cs_client     = @@character_set_client */;
/*!40101 SET character_set_client = utf8 */;
CREATE TABLE `lms_pick` (
  `lms_pick_player_id` int(11) NOT NULL,
  `lms_pick_game_id` int(11) NOT NULL,
  `lms_pick_match_id` int(11) NOT NULL,
  `lms_pick_wl` char(1) NOT NULL DEFAULT '',
  PRIMARY KEY (`lms_pick_player_id`,`lms_pick_game_id`,`lms_pick_match_id`),
  KEY `fk_lms_game_id_idx` (`lms_pick_game_id`),
  KEY `fk_lms_match_idx` (`lms_pick_match_id`),
  CONSTRAINT `fk_lms_pick_game` FOREIGN KEY (`lms_pick_game_id`) REFERENCES `lms_game` (`lms_game_id`) ON DELETE NO ACTION ON UPDATE NO ACTION,
  CONSTRAINT `fk_lms_pick_match` FOREIGN KEY (`lms_pick_match_id`) REFERENCES `lms_match` (`lms_match_id`) ON DELETE NO ACTION ON UPDATE NO ACTION,
  CONSTRAINT `fk_lms_pick_player` FOREIGN KEY (`lms_pick_player_id`) REFERENCES `lms_player` (`lms_player_id`) ON DELETE NO ACTION ON UPDATE NO ACTION
) ENGINE=InnoDB DEFAULT CHARSET=utf8 COLLATE=utf8_general_ci;
/*!40101 SET character_set_client = @saved_cs_client */;

--
-- Dumping data for table `lms_pick`
--

LOCK TABLES `lms_pick` WRITE;
/*!40000 ALTER TABLE `lms_pick` DISABLE KEYS */;
INSERT INTO `lms_pick` (`lms_pick_player_id`, `lms_pick_game_id`, `lms_pick_match_id`, `lms_pick_wl`) VALUES (18,65,6166,'w'),(18,65,8432,'l'),(18,71,8438,'w'),(18,71,9218,'w'),(18,71,9236,'w'),(18,71,9276,'l'),(18,85,9236,'w'),(18,85,9272,'l'),(18,87,9321,'w'),(18,88,9416,'l'),(18,88,9936,'w'),(18,89,9470,'l'),(23,65,6150,''),(23,65,8434,''),(23,67,8421,'l'),(23,67,8426,''),(23,69,8433,'l'),(23,72,9404,'w'),(23,72,9944,'l'),(23,76,9208,'w'),(23,76,9229,'l'),(23,84,9204,'w'),(23,84,9244,'w'),(23,84,9267,'l'),(23,87,9320,'w'),(23,88,9379,'w'),(23,88,9948,'l'),(23,89,9479,'l'),(97,67,8428,''),(97,68,8436,'w'),(97,68,9219,'l'),(398,69,8442,'l'),(398,72,9940,'l'),(398,73,9221,'l'),(398,75,9204,'w'),(398,75,9244,'w'),(398,75,9264,'l'),(398,77,9247,'l'),(398,79,9230,'w'),(398,79,9927,'l'),(398,83,9210,'w'),(398,83,9242,'l'),(398,85,9241,'l'),(398,86,9285,'w'),(398,86,9304,'l'),(398,87,9928,'w'),(398,88,9369,'l'),(398,89,9481,'l'),(399,68,8430,'l'),(401,85,9231,'l'),(401,86,9297,'w'),(401,86,9305,'w'),(401,87,9319,'w'),(401,88,9387,'l'),(401,89,9475,'l');
/*!40000 ALTER TABLE `lms_pick` ENABLE KEYS */;
UNLOCK TABLES;

--
-- Table structure for table `lms_player`
--

DROP TABLE IF EXISTS `lms_player`;
/*!40101 SET @saved_cs_client     = @@character_set_client */;
/*!40101 SET character_set_client = utf8 */;
CREATE TABLE `lms_player` (
  `lms_player_id` int(11) NOT NULL AUTO_INCREMENT,
  `lms_player_login` varchar(255) NOT NULL,
  `lms_player_password` varchar(100) NOT NULL,
  `lms_player_forename` varchar(45) NOT NULL DEFAULT '',
  `lms_player_surname` varchar(45) NOT NULL DEFAULT '',
  `lms_player_screen_name` varchar(100) NOT NULL DEFAULT '',
  `lms_player_email` varchar(250) NOT NULL DEFAULT '',
  `lms_access` int(11) NOT NULL DEFAULT 0,
  `lms_active` tinyint(1) DEFAULT 1,
  `lms_player_send_email` tinyint(1) DEFAULT 1,
  `lms_player_created` datetime DEFAULT NULL,
  `lms_player_mobile` varchar(45) DEFAULT '0',
  PRIMARY KEY (`lms_player_id`),
  UNIQUE KEY `lms_player_id_UNIQUE` (`lms_player_id`)
) ENGINE=InnoDB AUTO_INCREMENT=402 DEFAULT CHARSET=utf8 COLLATE=utf8_general_ci;
/*!40101 SET character_set_client = @saved_cs_client */;

--
-- Dumping data for table `lms_player`
--

LOCK TABLES `lms_player` WRITE;
/*!40000 ALTER TABLE `lms_player` DISABLE KEYS */;
INSERT INTO `lms_player` (`lms_player_id`, `lms_player_login`, `lms_player_password`, `lms_player_forename`, `lms_player_surname`, `lms_player_screen_name`, `lms_player_email`, `lms_access`, `lms_active`, `lms_player_send_email`, `lms_player_created`, `lms_player_mobile`) VALUES (18,'UWZUeE9ZalpHaDg5U29xeGtJL1RYdVFYeUhFMUZFeXRHaWtiaGU1WENvYz0=','$2y$10$mwzJ4ZDhwKqXWUlo4rFBY.RsMpyv8w90gmZo7o2jGtl3l7bZYA6UW','THdXVFVoaE9mR3oyYkhWVFdXcGFtQT09','bG5zZlRrdGRrTWJqQTFVTkZZSUI4QT09','LML Admin','UWZUeE9ZalpHaDg5U29xeGtJL1RYdVFYeUhFMUZFeXRHaWtiaGU1WENvYz0=',999,1,1,'2020-02-14 01:00:00','VCtvdGJhR1RTSTMzMUw4OGZsUVZrUT09'),(20,'MW9YV2kzSkhYdUIxWFR3Vi9UV2pWaXdrOXdGQmxldUpaVXcwc3haRzg3ND0=','$2y$10$k/zO2RtSEKLA8x5yMt2wxuEDM/mRrCFd1lqxdgzlOP36hNcC7WE52','THdXVFVoaE9mR3oyYkhWVFdXcGFtQT09','bG5zZlRrdGRrTWJqQTFVTkZZSUI4QT09','ekky99','MW9YV2kzSkhYdUIxWFR3Vi9UV2pWaXdrOXdGQmxldUpaVXcwc3haRzg3ND0=',0,0,1,'2020-02-14 01:00:00','VCtvdGJhR1RTSTMzMUw4OGZsUVZrUT09'),(23,'Zjd1NGx4NDZmclZoZUk0Mnd0QWNCR1hMc2VHSjVSVG9WcDhGMXJrSWprQT0=','$2y$10$0yLbV/FPFab5.SorcDpkve94xKFG/Zl8kbJm9ADny9uYDmvyEmlSS','R0dYWXIwdnVCNHdSYlZZZU1OL0N0Zz09','Y0FNSnJWczJlcVpmWmRBVkxpeFNDQT09','Developer','Zjd1NGx4NDZmclZoZUk0Mnd0QWNCR1hMc2VHSjVSVG9WcDhGMXJrSWprQT0=',901,1,1,'2020-02-14 01:00:00','VCtvdGJhR1RTSTMzMUw4OGZsUVZrUT09'),(92,'aUZaVHRGS3BhcWVRVmpHalFVSUVVZUVwR1pqNFpRMDFzeXFXd3VnYW44Yz0=','$2y$10$qMJvIgQh/0PLmHXHt7mzGuOnLsh63JeWs1r0QqeKvPNhYu613XtIW','bTFRUExFa3NtNmFKMUJxcG9iWDExdz09','bG5zZlRrdGRrTWJqQTFVTkZZSUI4QT09','adddddsers','aUZaVHRGS3BhcWVRVmpHalFVSUVVZUVwR1pqNFpRMDFzeXFXd3VnYW44Yz0=',999,1,1,'2021-02-11 20:29:59','VCtvdGJhR1RTSTMzMUw4OGZsUVZrUT09'),(97,'c3VmMUZlSFkwVk8rYndnZk1GSXJPSFJ4QmYzdE5XamlWY2k1VDBkL0VNVT0=','$2y$11$BgS1/4GKQ2Xsc4YPrZo8Se6vc4B9xRpQ.WNqhcSe9dHGL9waddvWm','bTFRUExFa3NtNmFKMUJxcG9iWDExdz09','bG5zZlRrdGRrTWJqQTFVTkZZSUI4QT09','adam','c3VmMUZlSFkwVk8rYndnZk1GSXJPSFJ4QmYzdE5XamlWY2k1VDBkL0VNVT0=',0,1,1,'2021-04-02 19:40:56','VCtvdGJhR1RTSTMzMUw4OGZsUVZrUT09'),(397,'RXh1ZGQwV2VmV0ppYkdJbnRxNXBYRXF4bHZIWU9abjkxRnM2dTJkcXMrND0=','$2y$11$1vbCPwsQxykOEdGyDGjLo.BjKLI2vje2vbr7e/Ijf9SpelO9H/FPu','bTFRUExFa3NtNmFKMUJxcG9iWDExdz09','bG5zZlRrdGRrTWJqQTFVTkZZSUI4QT09','adamhindlelive','RXh1ZGQwV2VmV0ppYkdJbnRxNXBYRXF4bHZIWU9abjkxRnM2dTJkcXMrND0=',0,1,1,'2022-08-03 10:46:41','VCtvdGJhR1RTSTMzMUw4OGZsUVZrUT09'),(398,'L2wwblA1eTZtUEZraGZSM1lWSzJKNCszcG1DVmlEdDNUNWxBdkt1QXR6Zz0=','$2y$11$TSkMIlrI3d5bc6UEYYIBQOd5NYbseQ49fpvXhx2NfH2TyQWtAz3Ei','THdXVFVoaE9mR3oyYkhWVFdXcGFtQT09','bG5zZlRrdGRrTWJqQTFVTkZZSUI4QT09','Eric H','L2wwblA1eTZtUEZraGZSM1lWSzJKNCszcG1DVmlEdDNUNWxBdkt1QXR6Zz0=',0,1,1,'2022-08-07 16:10:16','bklvUG8wRDE4T0QwWlMxNWViRThoUT09'),(399,'cng3dkVJci9pWC9yOHkxWlE3WWJ2bzdHUS9nRHN0SXoyejhJcFZzZUpMWT0=','$2y$11$48RbRrPA0vVFAVbDQfRM0.gNgVXDrF/yNbtciNo7Phs7Kd0JY2aNG','Rm5yUkpyR0Q1OW01d3VvMDNEYnFmdz09','bG5zZlRrdGRrTWJqQTFVTkZZSUI4QT09','Luke','cng3dkVJci9pWC9yOHkxWlE3WWJ2bzdHUS9nRHN0SXoyejhJcFZzZUpMWT0=',0,1,1,'2022-08-07 19:51:38','VCtvdGJhR1RTSTMzMUw4OGZsUVZrUT09'),(401,'b0Z5WUgrQ1BKVnBCVjBZU0d3aUl6dzZubWphTTc3U2RaZmlOT3laUlovRT0=','$2y$11$Ern3UVpx0scazPxTeD2/xeslS4kq1AgFJ4D/oK47sN9stLVSj1TpG','cDRvYTBkbk9XUjFsSHhtc0JsV3VzQT09','SXFZVFZ2SURDMTdrMm54UXlaaWtTdz09','Pottermania','b0Z5WUgrQ1BKVnBCVjBZU0d3aUl6dzZubWphTTc3U2RaZmlOT3laUlovRT0=',0,1,1,'2022-08-20 19:38:20','VCtvdGJhR1RTSTMzMUw4OGZsUVZrUT09');
/*!40000 ALTER TABLE `lms_player` ENABLE KEYS */;
UNLOCK TABLES;

--
-- Table structure for table `lms_player_temp_password`
--

DROP TABLE IF EXISTS `lms_player_temp_password`;
/*!40101 SET @saved_cs_client     = @@character_set_client */;
/*!40101 SET character_set_client = utf8 */;
CREATE TABLE `lms_player_temp_password` (
  `lms_player_id` int(11) NOT NULL,
  `lms_player_temp_password` varchar(100) NOT NULL,
  PRIMARY KEY (`lms_player_id`),
  UNIQUE KEY `idlms_player_id_UNIQUE` (`lms_player_id`)
) ENGINE=InnoDB DEFAULT CHARSET=utf8 COLLATE=utf8_general_ci;
/*!40101 SET character_set_client = @saved_cs_client */;

--
-- Dumping data for table `lms_player_temp_password`
--

LOCK TABLES `lms_player_temp_password` WRITE;
/*!40000 ALTER TABLE `lms_player_temp_password` DISABLE KEYS */;
/*!40000 ALTER TABLE `lms_player_temp_password` ENABLE KEYS */;
UNLOCK TABLES;

--
-- Table structure for table `lms_result_type`
--

DROP TABLE IF EXISTS `lms_result_type`;
/*!40101 SET @saved_cs_client     = @@character_set_client */;
/*!40101 SET character_set_client = utf8 */;
CREATE TABLE `lms_result_type` (
  `lms_result_type` varchar(1) NOT NULL DEFAULT 'n',
  `lms_result_type_desc` varchar(45) NOT NULL DEFAULT 'not played',
  `lms_result_type_wl` varchar(1) NOT NULL DEFAULT '-',
  `lms_result_type_noresult` tinyint(4) NOT NULL DEFAULT 0,
  PRIMARY KEY (`lms_result_type`)
) ENGINE=MyISAM DEFAULT CHARSET=utf8 COLLATE=utf8_general_ci;
/*!40101 SET character_set_client = @saved_cs_client */;

--
-- Dumping data for table `lms_result_type`
--

LOCK TABLES `lms_result_type` WRITE;
/*!40000 ALTER TABLE `lms_result_type` DISABLE KEYS */;
INSERT INTO `lms_result_type` (`lms_result_type`, `lms_result_type_desc`, `lms_result_type_wl`, `lms_result_type_noresult`) VALUES ('n','not played','',0),('w','won','w',0),('l','lost','l',0),('d','drawn','l',0),('a','abandoned','w',1),('c','cancelled','w',1),('p','postponed','w',1);
/*!40000 ALTER TABLE `lms_result_type` ENABLE KEYS */;
UNLOCK TABLES;

--
-- Table structure for table `lms_results`
--

DROP TABLE IF EXISTS `lms_results`;
/*!40101 SET @saved_cs_client     = @@character_set_client */;
/*!40101 SET character_set_client = utf8 */;
CREATE TABLE `lms_results` (
  `lms_match_date` datetime NOT NULL,
  `lms_match_team` int(11) NOT NULL,
  `lms_match_team_score` int(11) DEFAULT NULL,
  `lms_match_team_wl` char(1) DEFAULT NULL,
  PRIMARY KEY (`lms_match_date`,`lms_match_team`)
) ENGINE=MyISAM DEFAULT CHARSET=latin1 COLLATE=latin1_swedish_ci;
/*!40101 SET character_set_client = @saved_cs_client */;

--
-- Dumping data for table `lms_results`
--

LOCK TABLES `lms_results` WRITE;
/*!40000 ALTER TABLE `lms_results` DISABLE KEYS */;
INSERT INTO `lms_results` (`lms_match_date`, `lms_match_team`, `lms_match_team_score`, `lms_match_team_wl`) VALUES ('2023-04-22 00:00:00',7,0,'p'),('2023-04-22 00:00:00',2,0,'p'),('2023-04-23 00:00:00',4,0,'p'),('2023-04-23 00:00:00',19,0,'p'),('2023-03-19 00:00:00',14,1,'l'),('2023-03-19 00:00:00',1,4,'w'),('2023-03-18 00:00:00',27,4,'w'),('2023-03-18 00:00:00',8,2,'l'),('2023-03-18 00:00:00',15,3,'d'),('2023-03-18 00:00:00',17,3,'d'),('2023-03-18 00:00:00',16,2,'d'),('2023-03-18 00:00:00',7,2,'d'),('2023-03-18 00:00:00',6,1,'d'),('2023-03-18 00:00:00',53,1,'d'),('2023-03-18 00:00:00',23,0,'l'),('2023-03-18 00:00:00',5,3,'w'),('2023-03-17 00:00:00',18,2,'w'),('2023-03-17 00:00:00',54,1,'l'),('2023-03-15 00:00:00',14,0,'l'),('2023-03-15 00:00:00',19,1,'w'),('2023-03-15 00:00:00',53,2,'w'),('2023-03-15 00:00:00',17,0,'l'),('2023-03-12 00:00:00',8,1,'l'),('2023-03-12 00:00:00',18,2,'w'),('2023-03-12 00:00:00',5,1,'d'),('2023-03-12 00:00:00',21,1,'d'),('2023-03-12 00:00:00',17,0,'d'),('2023-03-12 00:00:00',2,0,'d'),('2023-03-12 00:00:00',1,3,'w'),('2023-03-12 00:00:00',25,0,'l'),('2023-03-11 00:00:00',54,1,'l'),('2023-03-11 00:00:00',15,3,'w'),('2023-03-11 00:00:00',7,3,'w'),('2023-03-11 00:00:00',6,1,'l'),('2023-03-11 00:00:00',19,2,'d'),('2023-03-11 00:00:00',27,2,'d'),('2023-03-11 00:00:00',53,0,'l'),('2023-03-11 00:00:00',16,1,'w'),('2023-03-11 00:00:00',4,1,'w'),('2023-03-11 00:00:00',14,0,'l'),('2023-03-11 00:00:00',3,0,'l'),('2023-03-11 00:00:00',23,1,'w'),('2023-03-06 00:00:00',25,2,'l'),('2023-03-06 00:00:00',53,3,'w'),('2023-03-05 00:00:00',2,0,'l'),('2023-03-05 00:00:00',3,7,'w'),('2023-03-05 00:00:00',16,2,'d'),('2023-03-05 00:00:00',54,2,'d'),('2023-03-04 00:00:00',15,0,'l'),('2023-03-04 00:00:00',8,1,'w'),('2023-03-04 00:00:00',6,0,'l'),('2023-03-04 00:00:00',17,1,'w'),('2023-03-04 00:00:00',27,0,'l'),('2023-03-04 00:00:00',7,1,'w'),('2023-03-04 00:00:00',21,0,'l'),('2023-03-04 00:00:00',19,4,'w'),('2023-03-04 00:00:00',14,0,'l'),('2023-03-04 00:00:00',5,1,'w'),('2023-03-04 00:00:00',23,2,'l'),('2023-03-04 00:00:00',1,3,'w'),('2023-03-04 00:00:00',18,0,'l'),('2023-03-04 00:00:00',4,2,'w'),('2023-03-19 00:00:00',21,0,'p'),('2023-03-19 00:00:00',4,0,'p'),('2023-03-18 00:00:00',25,0,'p'),('2023-03-18 00:00:00',3,0,'p'),('2023-03-19 00:00:00',2,0,'p'),('2023-03-19 00:00:00',19,0,'p'),('2023-03-01 00:00:00',8,0,'l'),('2023-03-01 00:00:00',3,2,'w'),('2023-03-01 00:00:00',16,0,'l'),('2023-03-01 00:00:00',1,4,'w'),('2023-02-26 00:00:00',7,0,'l'),('2023-02-26 00:00:00',15,2,'w'),('2023-02-25 00:00:00',3,0,'d'),('2023-02-25 00:00:00',14,0,'d'),('2023-02-25 00:00:00',54,0,'l'),('2023-02-25 00:00:00',21,4,'w'),('2023-02-25 00:00:00',1,1,'w'),('2023-02-25 00:00:00',6,0,'l'),('2023-02-25 00:00:00',17,0,'l'),('2023-02-25 00:00:00',27,1,'w'),('2023-02-25 00:00:00',5,2,'w'),('2023-02-25 00:00:00',16,0,'l'),('2023-02-25 00:00:00',4,4,'w'),('2023-02-25 00:00:00',23,1,'l'),('2023-02-24 00:00:00',8,1,'d'),('2023-02-24 00:00:00',25,1,'d'),('2023-02-19 00:00:00',21,0,'l'),('2023-02-19 00:00:00',15,2,'w'),('2023-02-19 00:00:00',6,0,'l'),('2023-02-19 00:00:00',2,3,'w'),('2023-02-18 00:00:00',23,1,'w'),('2023-02-18 00:00:00',8,0,'l'),('2023-02-18 00:00:00',4,1,'d'),('2023-02-18 00:00:00',54,1,'d'),('2023-02-18 00:00:00',3,2,'w'),('2023-02-18 00:00:00',18,0,'l'),('2023-02-18 00:00:00',27,0,'l'),('2023-02-18 00:00:00',16,1,'w'),('2023-02-18 00:00:00',17,1,'w'),('2023-02-18 00:00:00',7,0,'l'),('2023-02-18 00:00:00',25,1,'w'),('2023-02-18 00:00:00',19,0,'l'),('2023-02-18 00:00:00',14,1,'d'),('2023-02-18 00:00:00',53,1,'d'),('2023-02-18 00:00:00',1,4,'w'),('2023-02-18 00:00:00',5,2,'l'),('2023-02-15 00:00:00',4,3,'w'),('2023-02-15 00:00:00',1,1,'l'),('2023-02-13 00:00:00',16,0,'l'),('2023-02-13 00:00:00',3,2,'w'),('2023-02-12 00:00:00',5,1,'l'),('2023-02-12 00:00:00',4,3,'w'),('2023-02-12 00:00:00',2,2,'w'),('2023-02-12 00:00:00',27,0,'l'),('2023-02-11 00:00:00',8,2,'w'),('2023-02-11 00:00:00',17,1,'l'),('2023-02-11 00:00:00',15,1,'l'),('2023-02-11 00:00:00',6,4,'w'),('2023-02-11 00:00:00',54,0,'l'),('2023-02-11 00:00:00',25,2,'w'),('2023-02-11 00:00:00',19,1,'d'),('2023-02-11 00:00:00',14,1,'d'),('2023-02-11 00:00:00',53,1,'d'),('2023-02-11 00:00:00',1,1,'d'),('2023-02-11 00:00:00',18,1,'d'),('2023-02-11 00:00:00',23,1,'d'),('2023-02-11 00:00:00',7,1,'d'),('2023-02-11 00:00:00',21,1,'d'),('2023-02-08 00:00:00',27,2,'d'),('2023-02-08 00:00:00',2,2,'d'),('2023-02-05 00:00:00',4,0,'l'),('2023-02-05 00:00:00',15,1,'w'),('2023-02-05 00:00:00',27,0,'l'),('2023-02-05 00:00:00',54,1,'w'),('2023-02-04 00:00:00',3,0,'l'),('2023-02-04 00:00:00',8,3,'w'),('2023-02-04 00:00:00',21,1,'d'),('2023-02-04 00:00:00',18,1,'d'),('2023-02-04 00:00:00',14,1,'l'),('2023-02-04 00:00:00',2,2,'w'),('2023-02-04 00:00:00',23,0,'l'),('2023-02-04 00:00:00',19,1,'w'),('2023-02-04 00:00:00',17,0,'l'),('2023-02-04 00:00:00',53,3,'w'),('2023-02-04 00:00:00',6,4,'w'),('2023-02-04 00:00:00',5,2,'l'),('2023-02-04 00:00:00',1,0,'l'),('2023-02-04 00:00:00',16,1,'w'),('2023-02-03 00:00:00',25,0,'d'),('2023-02-03 00:00:00',7,0,'d'),('2023-02-26 00:00:00',53,0,'p'),('2023-02-26 00:00:00',2,0,'p'),('2023-02-25 00:00:00',19,0,'p'),('2023-02-25 00:00:00',18,0,'p'),('2023-01-23 00:00:00',15,1,'w'),('2023-01-23 00:00:00',25,0,'l'),('2023-01-22 00:00:00',2,2,'l'),('2023-01-22 00:00:00',1,3,'w'),('2023-01-22 00:00:00',8,0,'l'),('2023-01-22 00:00:00',4,3,'w'),('2023-01-22 00:00:00',53,0,'d'),('2023-01-22 00:00:00',27,0,'d'),('2023-01-21 00:00:00',16,0,'l'),('2023-01-21 00:00:00',21,2,'w'),('2023-01-21 00:00:00',5,1,'w'),('2023-01-21 00:00:00',17,0,'l'),('2023-01-21 00:00:00',19,2,'d'),('2023-01-21 00:00:00',6,2,'d'),('2023-01-21 00:00:00',18,0,'d'),('2023-01-21 00:00:00',14,0,'d'),('2023-01-21 00:00:00',54,1,'d'),('2023-01-21 00:00:00',23,1,'d'),('2023-01-21 00:00:00',7,0,'d'),('2023-01-21 00:00:00',3,0,'d'),('2023-01-19 00:00:00',15,2,'l'),('2023-01-19 00:00:00',4,4,'w'),('2023-01-18 00:00:00',2,1,'d'),('2023-01-18 00:00:00',14,1,'d'),('2023-01-15 00:00:00',1,2,'w'),('2023-01-15 00:00:00',15,0,'l'),('2023-01-15 00:00:00',25,0,'l'),('2023-01-15 00:00:00',18,1,'w'),('2023-01-15 00:00:00',14,0,'l'),('2023-01-15 00:00:00',7,1,'w'),('2023-01-14 00:00:00',21,0,'l'),('2023-01-14 00:00:00',8,1,'w'),('2023-01-14 00:00:00',6,0,'l'),('2023-01-14 00:00:00',54,2,'w'),('2023-01-14 00:00:00',17,2,'w'),('2023-01-14 00:00:00',16,1,'l'),('2023-01-14 00:00:00',3,0,'l'),('2023-01-14 00:00:00',19,3,'w'),('2023-01-14 00:00:00',23,0,'l'),('2023-01-14 00:00:00',53,2,'w'),('2023-01-14 00:00:00',4,1,'l'),('2023-01-14 00:00:00',2,2,'w'),('2023-01-13 00:00:00',27,1,'l'),('2023-01-13 00:00:00',5,2,'w'),('2023-01-12 00:00:00',7,1,'l'),('2023-01-12 00:00:00',25,2,'w'),('2023-01-05 00:00:00',4,1,'w'),('2023-01-05 00:00:00',7,0,'l'),('2023-01-04 00:00:00',54,1,'w'),('2023-01-04 00:00:00',17,0,'l'),('2023-01-04 00:00:00',21,2,'d'),('2023-01-04 00:00:00',27,2,'d'),('2023-01-04 00:00:00',15,4,'w'),('2023-01-04 00:00:00',14,0,'l'),('2023-01-04 00:00:00',8,1,'d'),('2023-01-04 00:00:00',5,1,'d'),('2023-01-03 00:00:00',23,0,'l'),('2023-01-03 00:00:00',2,3,'w'),('2023-01-03 00:00:00',25,1,'w'),('2023-01-03 00:00:00',6,0,'l'),('2023-01-03 00:00:00',19,4,'w'),('2023-01-03 00:00:00',16,1,'l'),('2023-01-03 00:00:00',18,0,'d'),('2023-01-03 00:00:00',1,0,'d'),('2023-01-02 00:00:00',3,1,'l'),('2023-01-02 00:00:00',53,3,'w'),('2023-01-01 00:00:00',7,1,'d'),('2023-01-01 00:00:00',54,1,'d'),('2023-01-01 00:00:00',5,2,'w'),('2023-01-01 00:00:00',15,0,'l'),('2022-12-31 00:00:00',27,0,'d'),('2022-12-31 00:00:00',18,0,'d'),('2022-12-31 00:00:00',16,1,'d'),('2022-12-31 00:00:00',4,1,'d'),('2022-12-31 00:00:00',17,1,'l'),('2022-12-31 00:00:00',25,2,'w'),('2022-12-31 00:00:00',1,4,'w'),('2022-12-31 00:00:00',19,2,'l'),('2022-12-31 00:00:00',14,2,'w'),('2022-12-31 00:00:00',23,0,'l'),('2022-12-31 00:00:00',2,1,'w'),('2022-12-31 00:00:00',8,0,'l'),('2022-12-30 00:00:00',53,2,'w'),('2022-12-30 00:00:00',21,0,'l'),('2022-12-30 00:00:00',6,1,'l'),('2022-12-30 00:00:00',3,2,'w'),('2022-12-28 00:00:00',4,3,'w'),('2022-12-28 00:00:00',27,1,'l'),('2022-12-27 00:00:00',54,0,'l'),('2022-12-27 00:00:00',2,3,'w'),('2022-12-27 00:00:00',23,0,'l'),('2022-12-27 00:00:00',7,2,'w'),('2022-12-26 00:00:00',21,1,'l'),('2022-12-26 00:00:00',1,3,'w'),('2022-12-26 00:00:00',19,3,'w'),('2022-12-26 00:00:00',17,1,'l'),('2022-12-26 00:00:00',18,3,'w'),('2022-12-26 00:00:00',6,0,'l'),('2022-12-26 00:00:00',8,2,'w'),('2022-12-26 00:00:00',16,1,'l'),('2022-12-26 00:00:00',25,3,'w'),('2022-12-26 00:00:00',14,0,'l'),('2022-12-26 00:00:00',3,3,'w'),('2022-12-26 00:00:00',5,1,'l'),('2022-12-26 00:00:00',15,2,'d'),('2022-12-26 00:00:00',53,2,'d'),('2022-11-13 00:00:00',2,2,'w'),('2022-11-13 00:00:00',25,1,'l'),('2022-11-13 00:00:00',5,2,'w'),('2022-11-13 00:00:00',19,1,'l'),('2022-11-12 00:00:00',1,2,'w'),('2022-11-12 00:00:00',8,0,'l'),('2022-11-12 00:00:00',6,2,'w'),('2022-11-12 00:00:00',21,0,'l'),('2022-11-12 00:00:00',27,3,'l'),('2022-11-12 00:00:00',15,4,'w'),('2022-11-12 00:00:00',14,0,'l'),('2022-11-12 00:00:00',54,1,'w'),('2022-11-12 00:00:00',7,0,'l'),('2022-11-12 00:00:00',18,1,'w'),('2022-11-12 00:00:00',17,1,'l'),('2022-11-12 00:00:00',3,3,'w'),('2022-11-12 00:00:00',16,0,'l'),('2022-11-12 00:00:00',23,3,'w'),('2022-11-12 00:00:00',53,2,'w'),('2022-11-12 00:00:00',4,1,'l'),('2022-11-06 00:00:00',3,2,'w'),('2022-11-06 00:00:00',15,1,'l'),('2022-11-06 00:00:00',14,2,'w'),('2022-11-06 00:00:00',21,1,'l'),('2022-11-06 00:00:00',18,4,'w'),('2022-11-06 00:00:00',17,1,'l'),('2022-11-06 00:00:00',1,1,'w'),('2022-11-06 00:00:00',7,0,'l'),('2022-11-06 00:00:00',2,1,'l'),('2022-11-06 00:00:00',5,3,'w'),('2022-11-05 00:00:00',19,3,'w'),('2022-11-05 00:00:00',8,2,'l'),('2022-11-05 00:00:00',53,2,'d'),('2022-11-05 00:00:00',54,2,'d'),('2022-11-05 00:00:00',25,1,'l'),('2022-11-05 00:00:00',4,2,'w'),('2022-11-05 00:00:00',23,3,'l'),('2022-11-05 00:00:00',27,4,'w'),('2022-11-05 00:00:00',6,2,'w'),('2022-11-05 00:00:00',16,0,'l'),('2022-10-29 00:00:00',19,4,'w'),('2022-10-29 00:00:00',27,2,'w'),('2022-10-29 00:00:00',3,1,'l'),('2022-10-29 00:00:00',16,0,'d'),('2022-10-29 00:00:00',25,0,'d'),('2022-10-29 00:00:00',5,0,'l'),('2022-10-29 00:00:00',18,4,'w'),('2022-10-29 00:00:00',17,0,'l'),('2022-10-29 00:00:00',14,1,'w'),('2022-10-29 00:00:00',7,1,'l'),('2022-10-29 00:00:00',8,1,'d'),('2022-10-29 00:00:00',15,3,'w'),('2022-10-29 00:00:00',23,2,'l'),('2022-10-29 00:00:00',4,1,'w'),('2022-10-29 00:00:00',6,0,'l'),('2022-10-30 00:00:00',21,0,'l'),('2022-10-30 00:00:00',2,1,'w'),('2022-10-30 00:00:00',54,0,'l'),('2022-10-30 00:00:00',1,5,'w'),('2022-10-29 00:00:00',53,1,'d'),('2022-10-24 00:00:00',23,0,'l'),('2022-10-24 00:00:00',21,2,'w'),('2022-10-23 00:00:00',18,2,'w'),('2022-10-23 00:00:00',15,1,'l'),('2022-10-23 00:00:00',25,3,'w'),('2022-10-23 00:00:00',27,2,'l'),('2022-10-23 00:00:00',53,0,'l'),('2022-10-23 00:00:00',5,4,'w'),('2022-10-23 00:00:00',1,1,'d'),('2022-10-23 00:00:00',17,1,'d'),('2022-10-23 00:00:00',6,4,'w'),('2022-10-23 00:00:00',8,0,'l'),('2022-10-22 00:00:00',2,1,'d'),('2022-10-22 00:00:00',7,1,'d'),('2022-10-22 00:00:00',19,1,'l'),('2022-10-22 00:00:00',4,3,'w'),('2022-10-22 00:00:00',14,0,'l'),('2022-10-22 00:00:00',16,3,'w'),('2022-10-22 00:00:00',3,0,'l'),('2022-10-22 00:00:00',54,1,'w'),('2022-10-20 00:00:00',27,0,'l'),('2022-10-20 00:00:00',6,2,'w'),('2022-10-20 00:00:00',5,0,'l'),('2022-10-20 00:00:00',25,3,'w'),('2022-10-19 00:00:00',15,0,'l'),('2022-10-19 00:00:00',2,2,'w'),('2022-10-19 00:00:00',7,0,'d'),('2022-10-19 00:00:00',53,0,'d'),('2022-10-19 00:00:00',17,1,'w'),('2022-10-19 00:00:00',23,0,'l'),('2022-10-19 00:00:00',21,0,'l'),('2022-10-19 00:00:00',3,1,'w'),('2022-10-19 00:00:00',16,0,'l'),('2022-10-19 00:00:00',18,1,'w'),('2022-10-19 00:00:00',4,0,'p'),('2022-10-19 00:00:00',1,0,'p'),('2022-10-18 00:00:00',8,1,'l'),('2022-10-18 00:00:00',14,2,'w'),('2022-10-18 00:00:00',54,0,'d'),('2022-10-18 00:00:00',19,0,'d'),('2022-10-16 00:00:00',4,0,'l'),('2022-10-16 00:00:00',3,1,'w'),('2022-10-16 00:00:00',1,1,'w'),('2022-10-16 00:00:00',27,0,'l'),('2022-10-16 00:00:00',21,1,'d'),('2022-10-16 00:00:00',17,1,'d'),('2022-10-16 00:00:00',18,0,'d'),('2022-10-16 00:00:00',2,0,'d'),('2022-10-16 00:00:00',7,2,'w'),('2022-10-16 00:00:00',5,0,'l'),('2022-10-15 00:00:00',16,0,'l'),('2022-10-15 00:00:00',15,2,'w'),('2022-10-15 00:00:00',23,2,'d'),('2022-10-15 00:00:00',25,2,'d'),('2022-10-15 00:00:00',54,0,'l'),('2022-10-15 00:00:00',8,1,'w'),('2022-10-15 00:00:00',14,0,'d'),('2022-10-15 00:00:00',6,0,'d'),('2022-10-14 00:00:00',19,0,'l'),('2022-10-14 00:00:00',53,2,'w'),('2022-10-10 00:00:00',5,1,'d'),('2022-10-10 00:00:00',54,1,'d'),('2022-10-09 00:00:00',2,2,'w'),('2022-10-09 00:00:00',16,1,'l'),('2022-10-09 00:00:00',3,2,'l'),('2022-10-09 00:00:00',1,3,'w'),('2022-10-09 00:00:00',25,1,'l'),('2022-10-09 00:00:00',21,3,'w'),('2022-10-09 00:00:00',27,1,'l'),('2022-10-09 00:00:00',14,2,'w'),('2022-10-08 00:00:00',15,1,'w'),('2022-10-08 00:00:00',19,0,'l'),('2022-10-08 00:00:00',6,1,'l'),('2022-10-08 00:00:00',23,2,'w'),('2022-10-08 00:00:00',17,0,'l'),('2022-10-08 00:00:00',4,4,'w'),('2022-10-08 00:00:00',8,0,'l'),('2022-10-08 00:00:00',7,3,'w'),('2022-10-08 00:00:00',53,1,'l'),('2022-10-08 00:00:00',18,5,'w'),('2022-10-03 00:00:00',54,0,'l'),('2022-10-03 00:00:00',6,4,'w'),('2022-10-02 00:00:00',5,0,'d'),('2022-10-02 00:00:00',27,0,'d'),('2022-10-02 00:00:00',2,3,'l'),('2022-10-02 00:00:00',4,6,'w'),('2022-10-01 00:00:00',8,0,'l'),('2022-10-01 00:00:00',21,2,'w'),('2022-10-01 00:00:00',16,2,'w'),('2022-10-01 00:00:00',17,1,'l'),('2022-10-01 00:00:00',18,4,'w'),('2022-10-01 00:00:00',25,1,'l'),('2022-10-01 00:00:00',19,3,'d'),('2022-10-01 00:00:00',3,3,'d'),('2022-10-01 00:00:00',53,0,'d'),('2022-10-01 00:00:00',23,0,'d'),('2022-10-01 00:00:00',7,2,'w'),('2022-10-01 00:00:00',14,1,'l'),('2022-10-01 00:00:00',15,1,'l'),('2022-10-01 00:00:00',1,3,'w'),('2022-09-18 00:00:00',21,0,'l'),('2022-09-18 00:00:00',16,1,'w'),('2022-09-18 00:00:00',1,3,'w'),('2022-09-18 00:00:00',53,0,'l'),('2022-09-18 00:00:00',3,0,'p'),('2022-09-18 00:00:00',7,0,'p'),('2022-09-18 00:00:00',27,0,'p'),('2022-09-18 00:00:00',2,0,'p'),('2022-09-17 00:00:00',6,2,'l'),('2022-09-17 00:00:00',15,6,'w'),('2022-09-17 00:00:00',23,1,'d'),('2022-09-17 00:00:00',18,1,'d'),('2022-09-17 00:00:00',4,3,'w'),('2022-09-17 00:00:00',8,0,'l'),('2022-09-17 00:00:00',14,0,'p'),('2022-09-17 00:00:00',19,0,'p'),('2022-09-16 00:00:00',17,0,'l'),('2022-09-16 00:00:00',5,1,'w'),('2022-09-16 00:00:00',25,3,'w'),('2022-09-16 00:00:00',54,2,'l'),('2022-09-12 00:00:00',54,0,'p'),('2022-09-12 00:00:00',27,0,'p'),('2022-09-11 00:00:00',2,0,'p'),('2022-09-11 00:00:00',14,0,'p'),('2022-09-11 00:00:00',18,0,'p'),('2022-09-11 00:00:00',21,0,'p'),('2022-09-11 00:00:00',16,0,'p'),('2022-09-11 00:00:00',1,0,'p'),('2022-09-10 00:00:00',15,0,'p'),('2022-09-10 00:00:00',4,0,'p'),('2022-09-10 00:00:00',5,0,'p'),('2022-09-10 00:00:00',6,0,'p'),('2022-09-10 00:00:00',19,0,'p'),('2022-09-10 00:00:00',23,0,'p'),('2022-09-10 00:00:00',53,0,'p'),('2022-09-10 00:00:00',17,0,'p'),('2022-09-10 00:00:00',8,0,'p'),('2022-09-10 00:00:00',3,0,'p'),('2022-09-10 00:00:00',7,0,'p'),('2022-09-10 00:00:00',25,0,'p'),('2022-09-04 00:00:00',1,1,'l'),('2022-09-04 00:00:00',2,3,'w'),('2022-09-04 00:00:00',6,2,'l'),('2022-09-04 00:00:00',19,5,'w'),('2022-09-03 00:00:00',4,1,'d'),('2022-09-03 00:00:00',5,1,'d'),('2022-09-03 00:00:00',14,0,'d'),('2022-09-03 00:00:00',18,0,'d'),('2022-09-03 00:00:00',23,3,'w'),('2022-09-03 00:00:00',54,2,'l'),('2022-09-03 00:00:00',17,0,'l'),('2022-09-03 00:00:00',8,1,'w'),('2022-09-03 00:00:00',25,1,'l'),('2022-09-03 00:00:00',15,2,'w'),('2022-09-03 00:00:00',27,2,'l'),('2022-09-03 00:00:00',53,5,'w'),('2022-09-03 00:00:00',21,1,'l'),('2022-09-03 00:00:00',7,2,'w'),('2022-09-03 00:00:00',3,0,'d'),('2022-09-03 00:00:00',16,0,'d'),('2022-09-01 00:00:00',2,1,'w'),('2022-09-01 00:00:00',6,0,'l'),('2022-08-31 00:00:00',18,1,'l'),('2022-08-31 00:00:00',3,2,'w'),('2022-08-31 00:00:00',15,1,'d'),('2022-08-31 00:00:00',21,1,'d'),('2022-08-31 00:00:00',8,0,'d'),('2022-08-31 00:00:00',23,0,'d'),('2022-08-31 00:00:00',54,0,'l'),('2022-08-31 00:00:00',4,6,'w'),('2022-08-31 00:00:00',5,1,'l'),('2022-08-31 00:00:00',1,2,'w'),('2022-08-30 00:00:00',16,1,'d'),('2022-08-30 00:00:00',27,1,'d'),('2022-08-30 00:00:00',7,1,'l'),('2022-08-30 00:00:00',17,2,'w'),('2022-08-30 00:00:00',19,1,'l'),('2022-08-30 00:00:00',25,2,'w'),('2022-08-30 00:00:00',53,1,'d'),('2022-08-30 00:00:00',14,1,'d'),('2022-08-28 00:00:00',15,2,'w'),('2022-08-28 00:00:00',54,0,'l'),('2022-08-28 00:00:00',21,1,'w'),('2022-08-28 00:00:00',5,0,'l'),('2022-08-28 00:00:00',18,1,'d'),('2022-08-28 00:00:00',8,1,'d'),('2022-08-27 00:00:00',25,1,'l'),('2022-08-27 00:00:00',1,2,'w'),('2022-08-27 00:00:00',6,1,'l'),('2022-08-27 00:00:00',7,2,'w'),('2022-08-27 00:00:00',14,2,'l'),('2022-08-27 00:00:00',4,4,'w'),('2022-08-27 00:00:00',23,0,'l'),('2022-08-27 00:00:00',3,9,'w'),('2022-08-27 00:00:00',27,0,'l'),('2022-08-27 00:00:00',19,1,'w'),('2022-08-27 00:00:00',16,1,'d'),('2022-08-27 00:00:00',53,1,'d'),('2022-08-27 00:00:00',2,1,'w'),('2022-08-27 00:00:00',17,0,'l'),('2022-08-22 00:00:00',3,1,'l'),('2022-08-22 00:00:00',2,2,'w'),('2022-08-21 00:00:00',4,3,'d'),('2022-08-21 00:00:00',18,3,'d'),('2022-08-21 00:00:00',19,2,'w'),('2022-08-21 00:00:00',21,0,'l'),('2022-08-21 00:00:00',7,0,'l'),('2022-08-21 00:00:00',27,3,'w'),('2022-08-20 00:00:00',1,3,'w'),('2022-08-20 00:00:00',23,0,'l'),('2022-08-20 00:00:00',54,1,'d'),('2022-08-20 00:00:00',16,1,'d'),('2022-08-20 00:00:00',5,1,'l'),('2022-08-20 00:00:00',14,3,'w'),('2022-08-20 00:00:00',53,2,'l'),('2022-08-20 00:00:00',25,3,'w'),('2022-08-20 00:00:00',17,2,'w'),('2022-08-20 00:00:00',6,1,'l'),('2022-08-20 00:00:00',8,0,'l'),('2022-08-20 00:00:00',15,1,'w'),('2022-08-15 00:00:00',14,1,'d'),('2022-08-15 00:00:00',3,1,'d'),('2022-08-14 00:00:00',15,2,'d'),('2022-08-14 00:00:00',7,2,'d'),('2022-08-14 00:00:00',21,0,'l'),('2022-08-14 00:00:00',54,1,'w'),('2022-08-13 00:00:00',2,0,'l'),('2022-08-13 00:00:00',53,4,'w'),('2022-08-13 00:00:00',23,0,'l'),('2022-08-13 00:00:00',4,4,'w'),('2022-08-13 00:00:00',27,2,'d'),('2022-08-13 00:00:00',17,2,'d'),('2022-08-13 00:00:00',25,0,'d'),('2022-08-13 00:00:00',8,0,'d'),('2022-08-13 00:00:00',6,2,'l'),('2022-08-13 00:00:00',1,4,'w'),('2022-08-13 00:00:00',18,0,'d'),('2022-08-13 00:00:00',19,0,'d'),('2022-08-13 00:00:00',16,1,'l'),('2022-08-13 00:00:00',5,2,'w'),('2022-08-07 00:00:00',4,2,'w'),('2022-08-07 00:00:00',21,0,'l'),('2022-08-07 00:00:00',53,2,'d'),('2022-08-07 00:00:00',6,2,'d'),('2022-08-07 00:00:00',19,2,'w'),('2022-08-07 00:00:00',2,1,'l'),('2022-08-06 00:00:00',7,1,'w'),('2022-08-06 00:00:00',16,0,'l'),('2022-08-06 00:00:00',8,1,'l'),('2022-08-06 00:00:00',27,2,'w'),('2022-08-06 00:00:00',5,0,'l'),('2022-08-06 00:00:00',23,2,'w'),('2022-08-06 00:00:00',54,0,'l'),('2022-08-06 00:00:00',18,2,'w'),('2022-08-06 00:00:00',17,1,'l'),('2022-08-06 00:00:00',15,4,'w'),('2022-08-06 00:00:00',3,2,'d'),('2022-08-06 00:00:00',25,2,'d'),('2022-08-05 00:00:00',1,2,'w'),('2022-08-05 00:00:00',14,0,'l'),('2021-12-01 00:00:00',5,1,'l'),('2021-12-01 00:00:00',3,4,'w'),('2021-12-01 00:00:00',16,1,'l'),('2021-12-01 00:00:00',20,0,'d'),('2021-12-01 00:00:00',8,0,'d'),('2021-12-01 00:00:00',19,1,'d'),('2021-12-01 00:00:00',21,1,'d'),('2021-12-01 00:00:00',7,2,'w'),('2021-12-01 00:00:00',22,1,'l'),('2021-12-01 00:00:00',6,2,'d'),('2021-12-01 00:00:00',17,2,'d'),('2021-12-02 00:00:00',1,2,'l'),('2021-12-02 00:00:00',2,3,'w'),('2021-12-02 00:00:00',53,0,'l'),('2021-12-02 00:00:00',15,2,'w'),('2021-12-04 00:00:00',4,3,'w'),('2021-12-04 00:00:00',22,1,'l'),('2021-12-04 00:00:00',20,0,'l'),('2021-12-04 00:00:00',18,1,'w'),('2021-12-04 00:00:00',19,1,'d'),('2021-12-04 00:00:00',17,1,'d'),('2021-12-04 00:00:00',3,1,'w'),('2021-12-04 00:00:00',8,0,'l'),('2021-12-04 00:00:00',7,2,'l'),('2021-12-04 00:00:00',21,3,'w'),('2021-12-05 00:00:00',6,1,'l'),('2021-12-05 00:00:00',5,2,'w'),('2021-12-05 00:00:00',53,2,'d'),('2021-12-05 00:00:00',27,2,'d'),('2021-12-05 00:00:00',14,0,'l'),('2021-12-05 00:00:00',2,1,'w'),('2021-12-05 00:00:00',24,0,'l'),('2021-12-05 00:00:00',15,3,'w'),('2021-12-06 00:00:00',1,1,'l'),('2021-12-06 00:00:00',16,2,'w'),('2021-12-10 00:00:00',22,1,'l'),('2021-12-10 00:00:00',53,2,'w'),('2021-12-11 00:00:00',2,1,'w'),('2021-12-11 00:00:00',24,0,'l'),('2021-12-11 00:00:00',5,0,'l'),('2021-12-11 00:00:00',3,1,'w'),('2021-12-11 00:00:00',17,0,'l'),('2021-12-11 00:00:00',1,3,'w'),('2021-12-11 00:00:00',27,2,'l'),('2021-12-11 00:00:00',7,3,'w'),('2021-12-11 00:00:00',8,0,'l'),('2021-12-11 00:00:00',4,1,'w'),('2021-12-12 00:00:00',16,1,'l'),('2021-12-12 00:00:00',14,3,'w'),('2021-12-12 00:00:00',18,0,'l'),('2021-12-12 00:00:00',6,4,'w'),('2021-12-12 00:00:00',21,0,'d'),('2021-12-12 00:00:00',20,0,'d'),('2021-12-14 00:00:00',27,0,'l'),('2021-12-14 00:00:00',4,7,'w'),('2021-12-14 00:00:00',5,2,'w'),('2021-12-14 00:00:00',24,0,'l'),('2021-12-15 00:00:00',21,0,'l'),('2021-12-15 00:00:00',1,2,'w'),('2021-12-15 00:00:00',17,2,'d'),('2021-12-15 00:00:00',14,2,'d'),('2021-12-15 00:00:00',8,1,'w'),('2021-12-15 00:00:00',19,0,'l'),('2021-12-16 00:00:00',18,1,'l'),('2021-12-16 00:00:00',3,3,'w'),('2021-12-16 00:00:00',16,1,'d'),('2021-12-16 00:00:00',7,1,'d'),('2021-12-18 00:00:00',1,4,'w'),('2021-12-18 00:00:00',27,1,'l'),('2021-12-19 00:00:00',3,2,'d'),('2021-12-19 00:00:00',15,2,'d'),('2021-12-19 00:00:00',7,0,'d'),('2021-12-19 00:00:00',8,0,'d'),('2021-12-19 00:00:00',4,4,'w'),('2021-12-19 00:00:00',18,0,'l'),('2021-12-26 00:00:00',53,0,'l'),('2021-12-26 00:00:00',19,2,'w'),('2021-12-26 00:00:00',7,3,'w'),('2021-12-26 00:00:00',5,1,'l'),('2021-12-26 00:00:00',6,3,'l'),('2021-12-26 00:00:00',4,6,'w'),('2021-12-26 00:00:00',17,3,'w'),('2021-12-26 00:00:00',21,2,'l'),('2021-12-26 00:00:00',1,5,'w'),('2021-12-26 00:00:00',24,0,'l'),('2021-12-26 00:00:00',14,0,'l'),('2021-12-26 00:00:00',15,3,'w'),('2021-12-27 00:00:00',2,1,'d'),('2021-12-27 00:00:00',18,1,'d'),('2021-12-28 00:00:00',3,0,'l'),('2021-12-28 00:00:00',6,1,'w'),('2021-12-28 00:00:00',15,1,'d'),('2021-12-28 00:00:00',17,1,'d'),('2021-12-28 00:00:00',21,4,'w'),('2021-12-28 00:00:00',22,1,'l'),('2021-12-28 00:00:00',24,0,'l'),('2021-12-28 00:00:00',14,3,'w'),('2021-12-29 00:00:00',4,1,'w'),('2021-12-29 00:00:00',53,0,'l'),('2021-12-29 00:00:00',19,1,'d'),('2021-12-29 00:00:00',7,1,'d'),('2021-12-30 00:00:00',20,1,'l'),('2021-12-30 00:00:00',2,3,'w'),('2022-01-01 00:00:00',21,3,'w'),('2022-01-01 00:00:00',14,2,'l'),('2022-01-01 00:00:00',15,1,'w'),('2022-01-01 00:00:00',22,0,'l'),('2022-01-01 00:00:00',4,2,'w'),('2022-01-01 00:00:00',1,1,'l'),('2022-01-02 00:00:00',3,2,'d'),('2022-01-02 00:00:00',7,2,'d'),('2022-01-02 00:00:00',5,1,'l'),('2022-01-02 00:00:00',53,2,'w'),('2022-01-02 00:00:00',20,1,'l'),('2022-01-02 00:00:00',27,3,'w'),('2022-01-02 00:00:00',19,3,'w'),('2022-01-02 00:00:00',16,2,'l'),('2022-01-03 00:00:00',8,1,'w'),('2022-01-03 00:00:00',2,0,'l'),('2022-01-11 00:00:00',53,1,'l'),('2022-01-11 00:00:00',17,4,'w'),('2022-01-12 00:00:00',24,0,'l'),('2022-01-12 00:00:00',21,2,'w'),('2022-01-14 00:00:00',14,1,'d'),('2022-01-14 00:00:00',19,1,'d'),('2022-01-15 00:00:00',2,2,'d'),('2022-01-15 00:00:00',5,2,'d'),('2022-01-15 00:00:00',22,1,'d'),('2022-01-15 00:00:00',18,1,'d'),('2022-01-15 00:00:00',16,1,'l'),('2022-01-15 00:00:00',24,2,'w'),('2022-01-15 00:00:00',17,1,'l'),('2022-01-15 00:00:00',8,3,'w'),('2022-01-15 00:00:00',7,0,'l'),('2022-01-15 00:00:00',4,1,'w'),('2022-01-16 00:00:00',53,0,'l'),('2022-01-16 00:00:00',3,3,'w'),('2022-01-16 00:00:00',27,3,'w'),('2022-01-16 00:00:00',21,2,'l'),('2022-01-18 00:00:00',7,1,'d'),('2022-01-18 00:00:00',19,1,'d'),('2022-01-19 00:00:00',2,3,'w'),('2022-01-19 00:00:00',53,1,'l'),('2022-01-19 00:00:00',15,3,'w'),('2022-01-19 00:00:00',6,2,'l'),('2022-01-21 00:00:00',24,3,'w'),('2022-01-21 00:00:00',22,0,'l'),('2022-01-22 00:00:00',4,1,'d'),('2022-01-22 00:00:00',17,1,'d'),('2022-01-22 00:00:00',18,1,'w'),('2022-01-22 00:00:00',27,0,'l'),('2022-01-22 00:00:00',21,0,'l'),('2022-01-22 00:00:00',2,1,'w'),('2022-01-22 00:00:00',8,2,'w'),('2022-01-22 00:00:00',53,1,'l'),('2022-01-22 00:00:00',5,1,'w'),('2022-01-22 00:00:00',16,0,'l'),('2022-01-23 00:00:00',15,0,'l'),('2022-01-23 00:00:00',7,2,'w'),('2022-01-23 00:00:00',20,0,'d'),('2022-01-23 00:00:00',1,0,'d'),('2022-01-23 00:00:00',19,1,'d'),('2022-01-23 00:00:00',6,1,'d'),('2022-01-23 00:00:00',3,3,'w'),('2022-01-23 00:00:00',14,1,'l'),('2022-02-05 00:00:00',22,0,'d'),('2022-02-05 00:00:00',20,0,'d'),('2022-02-08 00:00:00',2,1,'d'),('2022-02-08 00:00:00',20,1,'d'),('2022-02-08 00:00:00',16,1,'l'),('2022-02-08 00:00:00',18,3,'w'),('2022-02-08 00:00:00',22,0,'l'),('2022-02-08 00:00:00',21,1,'w'),('2022-02-09 00:00:00',27,3,'d'),('2022-02-09 00:00:00',5,3,'d'),('2022-02-09 00:00:00',14,1,'d'),('2022-02-09 00:00:00',24,1,'d'),('2022-02-09 00:00:00',53,0,'l'),('2022-02-09 00:00:00',4,2,'w'),('2022-02-09 00:00:00',17,3,'w'),('2022-02-09 00:00:00',15,2,'l'),('2022-02-10 00:00:00',1,1,'w'),('2022-02-10 00:00:00',8,0,'l'),('2022-02-10 00:00:00',6,0,'l'),('2022-02-10 00:00:00',3,2,'w'),('2022-02-12 00:00:00',4,4,'w'),('2022-02-12 00:00:00',24,0,'l'),('2022-02-12 00:00:00',19,2,'w'),('2022-02-12 00:00:00',22,0,'l'),('2022-02-12 00:00:00',14,0,'d'),('2022-02-12 00:00:00',53,0,'d'),('2022-02-12 00:00:00',27,0,'l'),('2022-02-12 00:00:00',16,3,'w'),('2022-02-12 00:00:00',17,1,'d'),('2022-02-12 00:00:00',2,1,'d'),('2022-02-13 00:00:00',21,2,'d'),('2022-02-13 00:00:00',6,2,'d'),('2022-02-13 00:00:00',8,2,'w'),('2022-02-13 00:00:00',15,0,'l'),('2022-02-13 00:00:00',5,0,'l'),('2022-02-13 00:00:00',18,1,'w'),('2022-02-13 00:00:00',3,1,'w'),('2022-02-13 00:00:00',20,0,'l'),('2022-02-15 00:00:00',19,0,'l'),('2022-02-15 00:00:00',2,2,'w'),('2022-02-19 00:00:00',15,3,'w'),('2022-02-19 00:00:00',4,2,'l'),('2022-02-19 00:00:00',24,1,'l'),('2022-02-19 00:00:00',3,3,'w'),('2022-02-19 00:00:00',16,0,'l'),('2022-02-19 00:00:00',17,2,'w'),('2022-02-19 00:00:00',22,1,'w'),('2022-02-19 00:00:00',5,0,'l'),('2022-02-19 00:00:00',20,3,'w'),('2022-02-19 00:00:00',19,0,'l'),('2022-02-19 00:00:00',53,1,'l'),('2022-02-19 00:00:00',1,2,'w'),('2022-02-19 00:00:00',7,1,'w'),('2022-02-19 00:00:00',14,0,'l'),('2022-02-19 00:00:00',18,1,'d'),('2022-02-19 00:00:00',21,1,'d'),('2022-02-20 00:00:00',6,1,'l'),('2022-02-20 00:00:00',8,2,'w'),('2022-02-20 00:00:00',2,4,'w'),('2022-02-20 00:00:00',27,2,'l'),('2022-02-23 00:00:00',27,0,'l'),('2022-02-23 00:00:00',3,6,'w'),('2022-02-23 00:00:00',15,0,'l'),('2022-02-23 00:00:00',20,1,'w'),('2022-02-23 00:00:00',14,4,'w'),('2022-02-23 00:00:00',22,1,'l'),('2022-02-24 00:00:00',8,1,'l'),('2022-02-24 00:00:00',1,2,'w'),('2022-02-25 00:00:00',24,0,'l'),('2022-02-25 00:00:00',17,2,'w'),('2022-02-26 00:00:00',4,1,'w'),('2022-02-26 00:00:00',16,0,'l'),('2022-02-26 00:00:00',5,2,'w'),('2022-02-26 00:00:00',19,0,'l'),('2022-02-26 00:00:00',18,2,'w'),('2022-02-26 00:00:00',53,0,'l'),('2022-02-26 00:00:00',20,1,'d'),('2022-02-26 00:00:00',14,1,'d'),('2022-02-26 00:00:00',22,0,'d'),('2022-02-26 00:00:00',2,0,'d'),('2022-02-26 00:00:00',15,4,'w'),('2022-02-26 00:00:00',27,0,'l'),('2022-02-27 00:00:00',8,0,'l'),('2022-02-27 00:00:00',21,1,'w'),('2022-03-01 00:00:00',6,2,'w'),('2022-03-01 00:00:00',20,0,'l'),('2022-03-05 00:00:00',21,0,'l'),('2022-03-05 00:00:00',3,1,'w'),('2022-03-05 00:00:00',53,3,'w'),('2022-03-05 00:00:00',24,1,'l'),('2022-03-05 00:00:00',19,1,'l'),('2022-03-05 00:00:00',18,2,'w'),('2022-03-05 00:00:00',14,2,'w'),('2022-03-05 00:00:00',8,0,'l'),('2022-03-05 00:00:00',17,0,'l'),('2022-03-05 00:00:00',5,4,'w'),('2022-03-05 00:00:00',7,4,'w'),('2022-03-05 00:00:00',20,0,'l'),('2022-03-05 00:00:00',27,0,'l'),('2022-03-05 00:00:00',6,1,'w'),('2022-03-06 00:00:00',2,1,'l'),('2022-03-06 00:00:00',4,4,'w'),('2022-03-06 00:00:00',1,3,'w'),('2022-03-06 00:00:00',22,2,'l'),('2022-03-07 00:00:00',16,0,'l'),('2022-03-07 00:00:00',15,5,'w'),('2022-03-10 00:00:00',5,3,'w'),('2022-03-10 00:00:00',27,0,'l'),('2022-03-10 00:00:00',7,3,'w'),('2022-03-10 00:00:00',24,1,'l'),('2022-03-10 00:00:00',18,2,'w'),('2022-03-10 00:00:00',17,1,'l'),('2022-03-10 00:00:00',22,0,'l'),('2022-03-10 00:00:00',8,4,'w'),('2022-03-12 00:00:00',15,2,'l'),('2022-03-12 00:00:00',2,3,'w'),('2022-03-12 00:00:00',20,0,'l'),('2022-03-12 00:00:00',53,2,'w'),('2022-03-12 00:00:00',3,2,'w'),('2022-03-12 00:00:00',19,0,'l'),('2022-03-13 00:00:00',6,0,'l'),('2022-03-13 00:00:00',1,2,'w'),('2022-03-13 00:00:00',22,2,'w'),('2022-03-13 00:00:00',17,1,'l'),('2022-03-13 00:00:00',8,1,'w'),('2022-03-13 00:00:00',16,0,'l'),('2022-03-13 00:00:00',24,1,'l'),('2022-03-13 00:00:00',27,2,'w'),('2022-03-13 00:00:00',5,1,'l'),('2022-03-13 00:00:00',21,2,'w'),('2022-03-13 00:00:00',18,0,'l'),('2022-03-13 00:00:00',7,1,'w'),('2022-03-14 00:00:00',4,0,'d'),('2022-03-14 00:00:00',14,0,'d'),('2022-03-16 00:00:00',3,2,'w'),('2022-03-16 00:00:00',1,0,'l'),('2022-03-16 00:00:00',15,2,'w'),('2022-03-16 00:00:00',19,0,'l'),('2022-03-17 00:00:00',18,0,'l'),('2022-03-17 00:00:00',16,1,'w'),('2022-03-18 00:00:00',27,3,'w'),('2022-03-18 00:00:00',8,2,'l'),('2022-03-19 00:00:00',1,1,'w'),('2022-03-19 00:00:00',5,0,'l'),('2022-03-20 00:00:00',21,1,'l'),('2022-03-20 00:00:00',15,3,'w'),('2022-03-20 00:00:00',53,1,'l'),('2022-03-20 00:00:00',6,2,'w'),('2022-04-02 00:00:00',6,1,'d'),('2022-04-02 00:00:00',2,1,'d'),('2022-04-02 00:00:00',5,1,'l'),('2022-04-02 00:00:00',8,2,'w'),('2022-04-02 00:00:00',17,1,'d'),('2022-04-02 00:00:00',27,1,'d'),('2022-04-02 00:00:00',24,0,'d'),('2022-04-02 00:00:00',19,0,'d'),('2022-04-02 00:00:00',53,4,'w'),('2022-04-02 00:00:00',7,1,'l'),('2022-04-02 00:00:00',4,2,'w'),('2022-04-02 00:00:00',20,0,'l'),('2022-04-02 00:00:00',22,0,'l'),('2022-04-02 00:00:00',3,2,'w'),('2022-04-03 00:00:00',18,1,'l'),('2022-04-03 00:00:00',15,5,'w'),('2022-04-03 00:00:00',16,1,'l'),('2022-04-03 00:00:00',21,2,'w'),('2022-04-04 00:00:00',1,0,'l'),('2022-04-04 00:00:00',14,3,'w'),('2022-04-06 00:00:00',16,2,'l'),('2022-04-06 00:00:00',20,3,'w'),('2022-04-08 00:00:00',8,0,'l'),('2022-04-08 00:00:00',18,1,'w'),('2022-04-09 00:00:00',15,4,'w'),('2022-04-09 00:00:00',5,0,'l'),('2022-04-09 00:00:00',19,2,'w'),('2022-04-09 00:00:00',1,1,'l'),('2022-04-09 00:00:00',27,3,'w'),('2022-04-09 00:00:00',22,0,'l'),('2022-04-09 00:00:00',7,6,'w'),('2022-04-09 00:00:00',17,0,'l'),('2022-04-09 00:00:00',2,0,'l'),('2022-04-09 00:00:00',16,1,'w'),('2022-04-10 00:00:00',3,2,'d'),('2022-04-10 00:00:00',4,2,'d'),('2022-04-10 00:00:00',21,0,'l'),('2022-04-10 00:00:00',53,2,'w'),('2022-04-10 00:00:00',14,1,'l'),('2022-04-10 00:00:00',6,2,'w'),('2022-04-10 00:00:00',20,0,'l'),('2022-04-10 00:00:00',24,2,'w'),('2022-04-16 00:00:00',24,2,'l'),('2022-04-16 00:00:00',2,3,'w'),('2022-04-16 00:00:00',1,0,'l'),('2022-04-16 00:00:00',17,1,'w'),('2022-04-16 00:00:00',53,2,'w'),('2022-04-16 00:00:00',22,1,'l'),('2022-04-16 00:00:00',19,1,'w'),('2022-04-16 00:00:00',15,0,'l'),('2022-04-17 00:00:00',20,1,'d'),('2022-04-17 00:00:00',21,1,'d'),('2022-04-17 00:00:00',6,1,'l'),('2022-04-17 00:00:00',18,2,'w'),('2022-04-19 00:00:00',2,0,'l'),('2022-04-19 00:00:00',3,4,'w'),('2022-04-20 00:00:00',19,0,'l'),('2022-04-20 00:00:00',4,3,'w'),('2022-04-20 00:00:00',14,0,'l'),('2022-04-20 00:00:00',18,1,'w'),('2022-04-20 00:00:00',6,1,'d'),('2022-04-20 00:00:00',16,1,'d'),('2022-04-20 00:00:00',1,4,'w'),('2022-04-20 00:00:00',7,2,'l'),('2022-04-21 00:00:00',17,0,'l'),('2022-04-21 00:00:00',20,2,'w'),('2022-04-23 00:00:00',15,0,'d'),('2022-04-23 00:00:00',53,0,'d'),('2022-04-23 00:00:00',22,1,'l'),('2022-04-23 00:00:00',4,5,'w'),('2022-04-23 00:00:00',18,3,'w'),('2022-04-23 00:00:00',24,0,'l'),('2022-04-23 00:00:00',5,0,'d'),('2022-04-23 00:00:00',6,0,'d'),('2022-04-23 00:00:00',2,1,'l'),('2022-04-23 00:00:00',1,3,'w'),('2022-04-24 00:00:00',16,0,'l'),('2022-04-24 00:00:00',3,2,'w'),('2022-04-24 00:00:00',21,0,'l'),('2022-04-24 00:00:00',7,1,'w'),('2022-04-24 00:00:00',8,0,'l'),('2022-04-24 00:00:00',20,1,'w'),('2022-04-24 00:00:00',17,2,'d'),('2022-04-24 00:00:00',19,2,'d'),('2022-04-25 00:00:00',27,0,'d'),('2022-04-25 00:00:00',14,0,'d'),('2022-04-28 00:00:00',7,1,'d'),('2022-04-28 00:00:00',2,1,'d'),('2022-04-30 00:00:00',4,4,'w'),('2022-04-30 00:00:00',27,0,'l'),('2022-04-30 00:00:00',19,3,'w'),('2022-04-30 00:00:00',8,0,'l'),('2022-04-30 00:00:00',14,2,'w'),('2022-04-30 00:00:00',17,1,'l'),('2022-04-30 00:00:00',20,2,'w'),('2022-04-30 00:00:00',22,1,'l'),('2022-04-30 00:00:00',24,0,'l'),('2022-04-30 00:00:00',5,2,'w'),('2022-04-30 00:00:00',3,1,'w'),('2022-04-30 00:00:00',18,0,'l'),('2022-05-01 00:00:00',1,2,'w'),('2022-05-01 00:00:00',21,1,'l'),('2022-05-01 00:00:00',7,0,'l'),('2022-05-01 00:00:00',16,1,'w'),('2022-05-01 00:00:00',6,1,'l'),('2022-05-01 00:00:00',15,3,'w'),('2022-05-02 00:00:00',53,0,'l'),('2022-05-02 00:00:00',2,3,'w'),('2022-05-07 00:00:00',15,1,'d'),('2022-05-07 00:00:00',3,1,'d'),('2022-05-07 00:00:00',2,0,'l'),('2022-05-07 00:00:00',19,4,'w'),('2022-05-07 00:00:00',17,0,'l'),('2022-05-07 00:00:00',53,3,'w'),('2022-05-07 00:00:00',8,2,'d'),('2022-05-07 00:00:00',7,2,'d'),('2022-05-07 00:00:00',5,3,'w'),('2022-05-07 00:00:00',20,1,'l'),('2022-05-07 00:00:00',22,0,'l'),('2022-05-07 00:00:00',14,1,'w'),('2022-05-08 00:00:00',18,0,'l'),('2022-05-08 00:00:00',4,5,'w'),('2022-05-08 00:00:00',21,4,'w'),('2022-05-08 00:00:00',24,0,'l'),('2022-05-08 00:00:00',16,2,'w'),('2022-05-08 00:00:00',6,1,'l'),('2022-05-08 00:00:00',27,1,'l'),('2022-05-08 00:00:00',1,2,'w'),('2022-05-10 00:00:00',3,2,'w'),('2022-05-10 00:00:00',5,1,'l'),('2022-05-11 00:00:00',4,5,'w'),('2022-05-11 00:00:00',8,1,'l'),('2022-05-11 00:00:00',16,0,'d'),('2022-05-11 00:00:00',22,0,'d'),('2022-05-11 00:00:00',24,0,'l'),('2022-05-11 00:00:00',6,3,'w'),('2022-05-11 00:00:00',7,3,'w'),('2022-05-11 00:00:00',27,0,'l'),('2022-05-12 00:00:00',1,0,'l'),('2022-05-12 00:00:00',15,3,'w'),('2022-05-15 00:00:00',53,3,'w'),('2022-05-15 00:00:00',16,2,'l'),('2022-05-15 00:00:00',14,1,'d'),('2022-05-15 00:00:00',5,1,'d'),('2022-05-15 00:00:00',19,1,'d'),('2022-05-15 00:00:00',27,1,'d'),('2022-05-15 00:00:00',4,2,'d'),('2022-05-15 00:00:00',21,2,'d'),('2022-05-15 00:00:00',6,5,'w'),('2022-05-15 00:00:00',22,1,'l'),('2022-05-15 00:00:00',24,1,'d'),('2022-05-15 00:00:00',8,1,'d'),('2022-05-15 00:00:00',20,0,'l'),('2022-05-15 00:00:00',15,1,'w'),('2022-05-16 00:00:00',1,0,'l'),('2022-05-16 00:00:00',18,2,'w'),('2022-05-17 00:00:00',3,2,'w'),('2022-05-17 00:00:00',17,1,'l'),('2022-05-19 00:00:00',6,1,'d'),('2022-05-19 00:00:00',7,1,'d'),('2022-05-19 00:00:00',20,1,'d'),('2022-05-19 00:00:00',5,1,'d'),('2022-05-19 00:00:00',14,2,'l'),('2022-05-19 00:00:00',16,3,'w'),('2022-05-22 00:00:00',2,0,'l'),('2022-05-22 00:00:00',14,1,'w'),('2022-05-22 00:00:00',17,1,'l'),('2022-05-22 00:00:00',6,4,'w'),('2022-05-22 00:00:00',15,5,'w'),('2022-05-22 00:00:00',24,0,'l'),('2022-05-22 00:00:00',8,1,'l'),('2022-05-22 00:00:00',3,3,'w'),('2022-05-22 00:00:00',5,2,'l'),('2022-05-22 00:00:00',4,3,'w'),('2022-05-22 00:00:00',21,1,'l'),('2022-05-22 00:00:00',19,3,'w'),('2022-05-22 00:00:00',18,2,'w'),('2022-05-22 00:00:00',20,1,'l'),('2022-05-22 00:00:00',16,1,'l'),('2022-05-22 00:00:00',1,5,'w'),('2022-05-22 00:00:00',27,2,'w'),('2022-05-22 00:00:00',53,1,'l'),('2022-05-22 00:00:00',22,1,'l'),('2022-05-22 00:00:00',7,2,'w');
/*!40000 ALTER TABLE `lms_results` ENABLE KEYS */;
UNLOCK TABLES;

--
-- Table structure for table `lms_team`
--

DROP TABLE IF EXISTS `lms_team`;
/*!40101 SET @saved_cs_client     = @@character_set_client */;
/*!40101 SET character_set_client = utf8 */;
CREATE TABLE `lms_team` (
  `lms_team_id` int(11) NOT NULL AUTO_INCREMENT,
  `lms_team_name` varchar(45) NOT NULL,
  `lms_team_active` tinyint(1) DEFAULT 1,
  `lms_team_wins` int(2) DEFAULT 0,
  `lms_team_abbr` char(3) NOT NULL DEFAULT '',
  `lms_team_api_id` int(11) NOT NULL DEFAULT 0,
  PRIMARY KEY (`lms_team_id`)
) ENGINE=InnoDB AUTO_INCREMENT=144 DEFAULT CHARSET=utf8 COLLATE=utf8_general_ci;
/*!40101 SET character_set_client = @saved_cs_client */;

--
-- Dumping data for table `lms_team`
--

LOCK TABLES `lms_team` WRITE;
/*!40000 ALTER TABLE `lms_team` DISABLE KEYS */;
INSERT INTO `lms_team` (`lms_team_id`, `lms_team_name`, `lms_team_active`, `lms_team_wins`, `lms_team_abbr`, `lms_team_api_id`) VALUES (1,'Arsenal',1,0,'ARS',42),(2,'Manchester United',1,0,'MUN',33),(3,'Liverpool',1,0,'LIV',40),(4,'Manchester City',1,0,'MCI',50),(5,'Aston Villa',1,0,'AVI',66),(6,'Leicester City',1,0,'LEI',46),(7,'Chelsea',1,0,'CHE',49),(8,'Wolverhampton Wanderers',1,0,'WOL',39),(9,'Sheffield United',0,0,'SHU',62),(14,'Crystal Palace',1,0,'CPA',52),(15,'Tottenham Hotspur',1,0,'TOT',47),(16,'Everton',1,0,'EVE',45),(17,'Southampton',1,0,'SOU',41),(18,'Newcastle United',1,0,'NEW',34),(19,'Brighton & Hove Albion',1,0,'BRI',51),(20,'Burnley',1,0,'BUR',44),(21,'West Ham United',1,0,'WHA',48),(22,'Watford',1,0,'WAT',38),(23,'Bournemouth',1,0,'BOU',35),(24,'Norwich City',0,0,'NCI',71),(25,'Fulham',1,0,'FUL',36),(26,'West Brom',1,0,'WBR',60),(27,'Leeds United',1,0,'LEE',63),(29,'Turkey',0,0,'TUR',0),(30,'Italy',0,0,'ITA',0),(31,'Wales',0,0,'WAL',0),(32,'Switzerland',0,0,'SWI',0),(33,'Denmark',0,0,'DEN',0),(34,'Finland',0,0,'FIN',0),(35,'Belgium',0,0,'BEL',0),(36,'Russia',0,0,'RUS',0),(37,'England',0,0,'ENG',0),(38,'Croatia',0,0,'CRO',0),(39,'Austria',0,0,'AUT',0),(40,'North Macedonia',0,0,'NMA',0),(41,'Netherlands',0,0,'NET',0),(42,'Ukraine',0,0,'UKR',0),(43,'Scotland',0,0,'SCO',0),(44,'Czech Republic',0,0,'CRE',0),(45,'Poland',0,0,'POL',0),(46,'Slovakia',0,0,'SLO',0),(47,'Spain',0,0,'SPA',0),(48,'Sweden',0,0,'SWE',0),(49,'Hungary',0,0,'HUN',0),(50,'Portugal',0,0,'POR',0),(51,'France',0,0,'FRA',0),(52,'Germany',0,0,'GER',0),(53,'Brentford',1,0,'BRE',55),(54,'Nottingham Forrest',1,0,'NFO',65),(55,'Qatar',1,0,'QAT',0),(56,'Brazil',1,0,'BRA',0),(57,'Argentina',1,0,'ARG',0),(58,'Mexico',1,0,'MEX',0),(59,'Uruguay',1,0,'URU',0),(60,'USA',1,0,'USA',0),(61,'Senegal',1,0,'SEN',0),(62,'Iran',1,0,'IRA',0),(63,'Japan',1,0,'JAP',0),(64,'Morocco',1,0,'MOR',0),(65,'Serbia',1,0,'SER',0),(66,'South Korea',1,0,'SKO',0),(67,'Tunisia',1,0,'TUN',0),(68,'Cameroon',1,0,'CAM',0),(69,'Canada',1,0,'CAN',0),(70,'Ecuador',1,0,'ECU',0),(71,'Saudi Arabia',1,0,'SAR',0),(72,'Ghana',1,0,'GHA',0),(73,'Costa Rica',1,0,'CRI',0),(74,'Australia',1,0,'AUS',0),(75,'Ipswich',1,0,'IPS',57),(76,'Bolton',1,0,'BOL',68),(77,'Derby',1,0,'DER',69),(78,'Sheffield Wednesday',1,0,'SWD',74),(79,'Barnsley',1,0,'BAR',747),(80,'Burton Albion',1,0,'BAL',748),(81,'Bristol Rovers',1,0,'BRO',1334),(82,'Charlton',1,0,'CHA',1335),(83,'Fleetwood Town',1,0,'FTO',1336),(84,'Oxford United',1,0,'OUN',1338),(85,'Milton Keynes Dons',1,0,'MKE',1348),(86,'Peterborough',1,0,'PET',1350),(87,'Port Vale',1,0,'PVA',1351),(88,'Shrewsbury',1,0,'SHR',1352),(89,'Portsmouth',1,0,'PMO',1355),(90,'Plymouth',1,0,'PLY',1357),(91,'Wycombe',1,0,'WYC',1358),(92,'Accrington ST',1,0,'ACC',1360),(93,'Exeter City',1,0,'ECI',1364),(94,'Cambridge United',1,0,'CUN',1370),(95,'Cheltenham',1,0,'CHL',1372),(96,'Morecambe',1,0,'MCM',1375),(97,'Forest Green',1,0,'FGR',1378),(98,'Lincoln',1,0,'LIN',1379),(99,'AFC Wimbledon',1,0,'AWI',1333),(100,'Northampton',1,0,'NCI',1337),(101,'Rochdale',1,0,'ROC',1339),(102,'Walsall',1,0,'WAL',1342),(103,'Bradford',1,0,'BRA',1343),(104,'Gillingham',1,0,'GIL',1347),(105,'Swindon Town',1,0,'STO',1353),(106,'Doncaster',1,0,'DON',1354),(107,'Colchester',1,0,'COL',1361),(108,'Crawley Town',1,0,'CTO',1362),(109,'Crewe',1,0,'CRE',1363),(110,'Grimsby',1,0,'GRI',1365),(111,'Hartlepool',1,0,'HAR',1366),(112,'Newport County',1,0,'NCO',1367),(113,'Stevenage',1,0,'STE',1368),(114,'Carlisle',1,0,'CAR',1371),(115,'Leyton Orient',1,0,'LOR',1373),(116,'Mansfield Town',1,0,'MTO',1374),(117,'Tranmere',1,0,'TRA',1381),(118,'Barrow',1,0,'BAR',1819),(119,'Sutton Utd',1,0,'STN',1835),(120,'Harrogate Town',1,0,'HTO',1842),(121,'Salford City',1,0,'SCI',1844),(122,'Stockport County',1,0,'SCO',4686),(123,'Huddersfield',1,0,'HUD',37),(124,'Cardiff',1,0,'CDF',43),(125,'Reading',1,0,'REA',53),(126,'Birmingham',1,0,'BIR',54),(127,'Bristol City',1,0,'BCI',56),(128,'Millwall',1,0,'MIL',58),(129,'Preston',1,0,'PRE',59),(130,'Wigan',1,0,'WIG',61),(131,'Sheffield Utd',1,0,'SUT',62),(132,'Hull City',1,0,'HCI',64),(133,'Blackburn',1,0,'BLA',67),(134,'Middlesbrough',1,0,'MID',70),(135,'Norwich',1,0,'NCI',71),(136,'QPR',1,0,'QPR',72),(137,'Rotherham',1,0,'ROT',73),(138,'Stoke City',1,0,'SCI',75),(139,'Swansea',1,0,'SWA',76),(140,'Sunderland',1,0,'SND',746),(141,'Coventry',1,0,'COV',1346),(142,'Blackpool',1,0,'BPO',1356),(143,'Luton',1,0,'LUT',1359);
/*!40000 ALTER TABLE `lms_team` ENABLE KEYS */;
UNLOCK TABLES;

--
-- Table structure for table `lms_team_abbr`
--

DROP TABLE IF EXISTS `lms_team_abbr`;
/*!40101 SET @saved_cs_client     = @@character_set_client */;
/*!40101 SET character_set_client = utf8 */;
CREATE TABLE `lms_team_abbr` (
  `lms_team_abbr_abbr` varchar(3) NOT NULL,
  `lms_team_abbr_team_id` int(11) NOT NULL,
  PRIMARY KEY (`lms_team_abbr_abbr`)
) ENGINE=MyISAM DEFAULT CHARSET=utf8 COLLATE=utf8_general_ci;
/*!40101 SET character_set_client = @saved_cs_client */;

--
-- Dumping data for table `lms_team_abbr`
--

LOCK TABLES `lms_team_abbr` WRITE;
/*!40000 ALTER TABLE `lms_team_abbr` DISABLE KEYS */;
INSERT INTO `lms_team_abbr` (`lms_team_abbr_abbr`, `lms_team_abbr_team_id`) VALUES ('ARS',1),('MUN',2),('LIV',3),('MCI',4),('AST',5),('AVI',5),('LEI',6),('LCI',6),('CHE',7),('WWA',8),('WOL',8),('SUN',9),('CRY',14),('CPA',14),('TOT',15),('THO',15),('EVE',16),('SOU',17),('NUN',18),('B&',19),('BUR',20),('WHA',21),('WAT',22),('BOU',23),('NCI',24),('FUL',25),('WBR',26),('LUN',27),('TUR',29),('ITA',30),('WAL',31),('SWI',32),('DEN',33),('FIN',34),('BEL',35),('RUS',36),('ENG',37),('CRO',38),('AUS',74),('NMA',40),('NET',41),('UKR',42),('SCO',43),('CRE',44),('POL',45),('SLO',46),('SPA',47),('SWE',48),('HUN',49),('POR',50),('FRA',51),('GER',52),('BRE',53),('BRI',19),('NOR',24),('LEE',27),('NEW',18),('SHU',9),('NFO',54),('BRA',56),('CAN',69),('ARG',57),('CAM',68),('CRI',73),('ECU',70),('GHA',72),('IRA',62),('JAP',63),('MEX',58),('MOR',64),('COS',73),('QAT',55),('SAR',71),('SAU',71),('SEN',61),('SER',65),('SKO',66),('TUN',67),('URU',59),('USA',60),('UST',60),('AUT',39),('BAN',19),('IPS',75),('BOL',76),('DER',77),('SWD',78),('BAR',79),('BAL',80),('BRO',81),('CHA',82),('FTO',83),('OUN',84),('MKE',85),('PET',86),('PVA',87),('SHR',88),('PMO',89),('PLY',90),('WYC',91),('ACC',92),('ECI',93),('CUN',94),('CHL',95),('MCM',96),('FGR',97),('LIN',98),('AWI',99),('NTN',100),('ROC',101),('WSL',102),('BRD',103),('GIL',104),('STO',105),('DON',106),('COL',107),('CTO',108),('CRW',109),('GRI',110),('HAR',111),('NCO',112),('STE',113),('CAR',114),('LOR',115),('MTO',116),('TRA',117),('BRW',118),('SUT',119),('HTO',120),('SCI',121),('STK',122),('HUD',123),('CDF',124),('REA',125),('BIR',126),('BCI',127),('MIL',128),('PRE',129),('WIG',130),('HCI',132),('BLA',133),('MID',134),('QPR',136),('ROT',137),('SWA',139),('SND',140),('COV',141),('BPO',142),('LUT',143),('STN',119);
/*!40000 ALTER TABLE `lms_team_abbr` ENABLE KEYS */;
UNLOCK TABLES;

--
-- Table structure for table `lms_week`
--

DROP TABLE IF EXISTS `lms_week`;
/*!40101 SET @saved_cs_client     = @@character_set_client */;
/*!40101 SET character_set_client = utf8 */;
CREATE TABLE `lms_week` (
  `lms_week_no` varchar(6) NOT NULL,
  `lms_week` int(2) NOT NULL,
  `lms_year` int(4) NOT NULL,
  `lms_week_start` datetime NOT NULL,
  `lms_week_end` datetime NOT NULL,
  `lms_week_deadline` datetime NOT NULL,
  `lms_week_state` int(1) NOT NULL DEFAULT 0,
  PRIMARY KEY (`lms_week_no`)
) ENGINE=InnoDB DEFAULT CHARSET=utf8 COLLATE=utf8_general_ci;
/*!40101 SET character_set_client = @saved_cs_client */;

--
-- Dumping data for table `lms_week`
--

LOCK TABLES `lms_week` WRITE;
/*!40000 ALTER TABLE `lms_week` DISABLE KEYS */;
INSERT INTO `lms_week` (`lms_week_no`, `lms_week`, `lms_year`, `lms_week_start`, `lms_week_end`, `lms_week_deadline`, `lms_week_state`) VALUES ('222301',1,2223,'2022-08-05 00:00:00','2022-08-11 00:00:00','2022-08-04 23:59:59',5),('222302',2,2223,'2022-08-12 00:00:00','2022-08-18 00:00:00','2022-08-11 23:59:59',5),('222303',3,2223,'2022-08-19 00:00:00','2022-08-25 00:00:00','2022-08-18 23:59:59',5),('222304',4,2223,'2022-08-26 00:00:00','2022-09-01 00:00:00','2022-08-25 23:59:59',5),('222305',5,2223,'2022-09-02 00:00:00','2022-09-08 00:00:00','2022-09-01 23:59:59',5),('222306',6,2223,'2022-09-09 00:00:00','2022-09-15 00:00:00','2022-09-08 23:59:59',5),('222307',7,2223,'2022-09-16 00:00:00','2022-09-22 00:00:00','2022-09-15 23:59:59',5),('222308',8,2223,'2022-09-23 00:00:00','2022-09-29 00:00:00','2022-09-22 23:59:59',5),('222309',9,2223,'2022-09-30 00:00:00','2022-10-06 00:00:00','2022-09-29 23:59:59',5),('222310',10,2223,'2022-10-07 00:00:00','2022-10-13 00:00:00','2022-10-06 23:59:59',5),('222311',11,2223,'2022-10-14 00:00:00','2022-10-20 00:00:00','2022-10-13 23:59:59',5),('222312',12,2223,'2022-10-21 00:00:00','2022-10-27 00:00:00','2022-10-20 23:59:59',5),('222313',13,2223,'2022-10-28 00:00:00','2022-11-03 00:00:00','2022-10-27 23:59:59',5),('222314',14,2223,'2022-11-04 00:00:00','2022-11-10 00:00:00','2022-11-03 23:59:59',5),('222315',15,2223,'2022-11-11 00:00:00','2022-11-17 00:00:00','2022-11-10 23:59:59',5),('222316',16,2223,'2022-12-23 00:00:00','2022-12-29 00:00:00','2022-12-22 23:59:59',5),('222317',17,2223,'2022-12-30 00:00:00','2023-01-05 00:00:00','2022-12-29 23:59:59',5),('222318',18,2223,'2023-01-06 00:00:00','2023-01-12 00:00:00','2023-01-05 23:59:59',5),('222319',19,2223,'2023-01-13 00:00:00','2023-01-19 00:00:00','2023-01-12 23:59:59',5),('222320',20,2223,'2023-01-20 00:00:00','2023-01-26 00:00:00','2023-01-19 23:59:59',5),('222321',21,2223,'2023-01-27 00:00:00','2023-02-02 00:00:00','2023-01-26 23:59:59',5),('222322',22,2223,'2023-02-03 00:00:00','2023-02-09 00:00:00','2023-02-02 23:59:59',5),('222323',23,2223,'2023-02-10 00:00:00','2023-02-16 00:00:00','2023-02-09 23:59:59',5),('222324',24,2223,'2023-02-17 00:00:00','2023-02-23 00:00:00','2023-02-16 23:59:59',5),('222325',25,2223,'2023-02-24 00:00:00','2023-03-02 00:00:00','2023-02-23 23:59:59',5),('222326',26,2223,'2023-03-03 00:00:00','2023-03-09 00:00:00','2023-03-02 23:59:59',5),('222327',27,2223,'2023-03-10 00:00:00','2023-03-16 00:00:00','2023-03-09 23:59:59',5),('222328',28,2223,'2023-03-17 00:00:00','2023-03-23 00:00:00','2023-03-16 23:59:59',5),('222329',29,2223,'2023-03-24 00:00:00','2023-03-30 00:00:00','2023-03-23 23:59:59',0),('222330',30,2223,'2023-03-31 00:00:00','2023-04-06 00:00:00','2023-03-30 23:59:59',0),('222331',31,2223,'2023-04-07 00:00:00','2023-04-13 00:00:00','2023-04-06 23:59:59',0),('222332',32,2223,'2023-04-14 00:00:00','2023-04-20 00:00:00','2023-04-13 23:59:59',0),('222333',33,2223,'2023-04-21 00:00:00','2023-04-27 00:00:00','2023-04-20 23:59:59',0),('222334',34,2223,'2023-04-28 00:00:00','2023-05-04 00:00:00','2023-04-27 23:59:59',0),('222335',35,2223,'2023-05-05 00:00:00','2023-05-11 00:00:00','2023-05-04 23:59:59',0),('222336',36,2223,'2023-05-12 00:00:00','2023-05-18 00:00:00','2023-05-11 23:59:59',0),('222337',37,2223,'2023-05-19 00:00:00','2023-05-25 00:00:00','2023-05-18 23:59:59',0),('222338',38,2223,'2023-05-26 00:00:00','2023-09-01 00:00:00','2023-05-25 23:59:59',0);
/*!40000 ALTER TABLE `lms_week` ENABLE KEYS */;
UNLOCK TABLES;

--
-- Temporary table structure for view `v_lms_available_picks`
--

DROP TABLE IF EXISTS `v_lms_available_picks`;
/*!50001 DROP VIEW IF EXISTS `v_lms_available_picks`*/;
SET @saved_cs_client     = @@character_set_client;
SET character_set_client = utf8;
/*!50001 CREATE VIEW `v_lms_available_picks` AS SELECT
 1 AS `lms_available_picks_player_id`,
  1 AS `lms_available_picks_game`,
  1 AS `lms_available_picks_team`,
  1 AS `lms_team_name` */;
SET character_set_client = @saved_cs_client;

--
-- Temporary table structure for view `v_lms_fixture`
--

DROP TABLE IF EXISTS `v_lms_fixture`;
/*!50001 DROP VIEW IF EXISTS `v_lms_fixture`*/;
SET @saved_cs_client     = @@character_set_client;
SET character_set_client = utf8;
/*!50001 CREATE VIEW `v_lms_fixture` AS SELECT
 1 AS `lms_match_id`,
  1 AS `lms_match_weekno`,
  1 AS `lms_match_team`,
  1 AS `lms_match_date`,
  1 AS `lms_match_result`,
  1 AS `lms_match_league`,
  1 AS `lms_match_opp`,
  1 AS `lms_team_id`,
  1 AS `lms_team_name`,
  1 AS `lms_team_active`,
  1 AS `lms_team_wins`,
  1 AS `lms_team_abbr`,
  1 AS `lms_opp_abbr` */;
SET character_set_client = @saved_cs_client;

--
-- Temporary table structure for view `v_lms_game`
--

DROP TABLE IF EXISTS `v_lms_game`;
/*!50001 DROP VIEW IF EXISTS `v_lms_game`*/;
SET @saved_cs_client     = @@character_set_client;
SET character_set_client = utf8;
/*!50001 CREATE VIEW `v_lms_game` AS SELECT
 1 AS `lms_game_id`,
  1 AS `lms_game_start_wkno`,
  1 AS `lms_game_name`,
  1 AS `lms_game_status`,
  1 AS `lms_game_week_count`,
  1 AS `lms_game_total_players`,
  1 AS `lms_game_still_active`,
  1 AS `lms_game_manager`,
  1 AS `lms_game_code`,
  1 AS `lms_player_screen_name`,
  1 AS `lms_week`,
  1 AS `lms_year`,
  1 AS `lms_week_start`,
  1 AS `lms_game_status_text` */;
SET character_set_client = @saved_cs_client;

--
-- Temporary table structure for view `v_lms_match`
--

DROP TABLE IF EXISTS `v_lms_match`;
/*!50001 DROP VIEW IF EXISTS `v_lms_match`*/;
SET @saved_cs_client     = @@character_set_client;
SET character_set_client = utf8;
/*!50001 CREATE VIEW `v_lms_match` AS SELECT
 1 AS `lms_match_id`,
  1 AS `lms_match_weekno`,
  1 AS `lms_match_ha`,
  1 AS `lms_week`,
  1 AS `lms_year`,
  1 AS `lms_match_team`,
  1 AS `lms_match_date`,
  1 AS `lms_match_result`,
  1 AS `lms_team_name`,
  1 AS `lms_match_opp`,
  1 AS `lms_week_start` */;
SET character_set_client = @saved_cs_client;

--
-- Temporary table structure for view `v_lms_player_games`
--

DROP TABLE IF EXISTS `v_lms_player_games`;
/*!50001 DROP VIEW IF EXISTS `v_lms_player_games`*/;
SET @saved_cs_client     = @@character_set_client;
SET character_set_client = utf8;
/*!50001 CREATE VIEW `v_lms_player_games` AS SELECT
 1 AS `lms_player_id`,
  1 AS `lms_game_id`,
  1 AS `lms_game_player_status`,
  1 AS `lms_game_player_elimination_week`,
  1 AS `lml_game_outcome_text`,
  1 AS `lms_game_name`,
  1 AS `lms_game_start_wkno`,
  1 AS `lms_game_status`,
  1 AS `lms_game_total_players`,
  1 AS `lms_game_still_active`,
  1 AS `lms_game_week_count`,
  1 AS `lms_game_code`,
  1 AS `lms_player_screen_name`,
  1 AS `lms_active`,
  1 AS `lms_game_player_status_text`,
  1 AS `lms_game_status_text`,
  1 AS `lms_week`,
  1 AS `lms_year` */;
SET character_set_client = @saved_cs_client;

--
-- Temporary table structure for view `v_lms_player_picks`
--

DROP TABLE IF EXISTS `v_lms_player_picks`;
/*!50001 DROP VIEW IF EXISTS `v_lms_player_picks`*/;
SET @saved_cs_client     = @@character_set_client;
SET character_set_client = utf8;
/*!50001 CREATE VIEW `v_lms_player_picks` AS SELECT
 1 AS `lms_pick_player_id`,
  1 AS `lms_pick_game_id`,
  1 AS `lms_pick_match_id`,
  1 AS `lms_pick_wl`,
  1 AS `lms_player_screen_name`,
  1 AS `lms_game_name`,
  1 AS `lms_match_weekno`,
  1 AS `lms_match_ha`,
  1 AS `lms_team_id`,
  1 AS `lms_team_name`,
  1 AS `lms_game_status`,
  1 AS `lms_game_status_text`,
  1 AS `lms_week`,
  1 AS `lms_year`,
  1 AS `lms_match_date`,
  1 AS `lms_match_result`,
  1 AS `lms_match_opp` */;
SET character_set_client = @saved_cs_client;

--
-- Temporary table structure for view `v_lms_results`
--

DROP TABLE IF EXISTS `v_lms_results`;
/*!50001 DROP VIEW IF EXISTS `v_lms_results`*/;
SET @saved_cs_client     = @@character_set_client;
SET character_set_client = utf8;
/*!50001 CREATE VIEW `v_lms_results` AS SELECT
 1 AS `lms_match_id`,
  1 AS `lms_match_weekno`,
  1 AS `lms_match_date`,
  1 AS `lms_match_league`,
  1 AS `lms_match_ha`,
  1 AS `home_team_id`,
  1 AS `home_team_name`,
  1 AS `home_team_abbr`,
  1 AS `away_team_id`,
  1 AS `away_team_name`,
  1 AS `away_team_abbr`,
  1 AS `home_score`,
  1 AS `away_score`,
  1 AS `home_result`,
  1 AS `away_result`,
  1 AS `home_result_type`,
  1 AS `no_result` */;
SET character_set_client = @saved_cs_client;

--
-- Temporary table structure for view `v_lms_team_lookup`
--

DROP TABLE IF EXISTS `v_lms_team_lookup`;
/*!50001 DROP VIEW IF EXISTS `v_lms_team_lookup`*/;
SET @saved_cs_client     = @@character_set_client;
SET character_set_client = utf8;
/*!50001 CREATE VIEW `v_lms_team_lookup` AS SELECT
 1 AS `lms_team_abbr_abbr`,
  1 AS `lms_team_abbr_team_id`,
  1 AS `lms_team_id`,
  1 AS `lms_team_name`,
  1 AS `lms_team_active`,
  1 AS `lms_team_wins`,
  1 AS `lms_team_abbr` */;
SET character_set_client = @saved_cs_client;

--
-- Dumping events for database 'lastmanl_lms'
--

--
-- Dumping routines for database 'lastmanl_lms'
--

--
-- Final view structure for view `v_lms_available_picks`
--

/*!50001 DROP VIEW IF EXISTS `v_lms_available_picks`*/;
/*!50001 SET @saved_cs_client          = @@character_set_client */;
/*!50001 SET @saved_cs_results         = @@character_set_results */;
/*!50001 SET @saved_col_connection     = @@collation_connection */;
/*!50001 SET character_set_client      = utf8mb4 */;
/*!50001 SET character_set_results     = utf8mb4 */;
/*!50001 SET collation_connection      = utf8mb4_unicode_ci */;
/*!50001 CREATE ALGORITHM=UNDEFINED */
/*!50013 DEFINER=`lastmanl`@`localhost` SQL SECURITY DEFINER */
/*!50001 VIEW `v_lms_available_picks` AS select `a`.`lms_available_picks_player_id` AS `lms_available_picks_player_id`,`a`.`lms_available_picks_game` AS `lms_available_picks_game`,`a`.`lms_available_picks_team` AS `lms_available_picks_team`,`t`.`lms_team_name` AS `lms_team_name` from (`lms_available_picks` `a` join `lms_team` `t` on(`a`.`lms_available_picks_team` = `t`.`lms_team_id`)) */;
/*!50001 SET character_set_client      = @saved_cs_client */;
/*!50001 SET character_set_results     = @saved_cs_results */;
/*!50001 SET collation_connection      = @saved_col_connection */;

--
-- Final view structure for view `v_lms_fixture`
--

/*!50001 DROP VIEW IF EXISTS `v_lms_fixture`*/;
/*!50001 SET @saved_cs_client          = @@character_set_client */;
/*!50001 SET @saved_cs_results         = @@character_set_results */;
/*!50001 SET @saved_col_connection     = @@collation_connection */;
/*!50001 SET character_set_client      = utf8mb4 */;
/*!50001 SET character_set_results     = utf8mb4 */;
/*!50001 SET collation_connection      = utf8mb4_general_ci */;
/*!50001 CREATE ALGORITHM=UNDEFINED */
/*!50013 DEFINER=`lastmanl`@`localhost` SQL SECURITY DEFINER */
/*!50001 VIEW `v_lms_fixture` AS select `m`.`lms_match_id` AS `lms_match_id`,`m`.`lms_match_weekno` AS `lms_match_weekno`,`m`.`lms_match_team` AS `lms_match_team`,`m`.`lms_match_date` AS `lms_match_date`,`m`.`lms_match_result` AS `lms_match_result`,`m`.`lms_match_league` AS `lms_match_league`,`m`.`lms_match_opp` AS `lms_match_opp`,`t`.`lms_team_id` AS `lms_team_id`,`t`.`lms_team_name` AS `lms_team_name`,`t`.`lms_team_active` AS `lms_team_active`,`t`.`lms_team_wins` AS `lms_team_wins`,`t`.`lms_team_abbr` AS `lms_team_abbr`,`o`.`lms_team_abbr` AS `lms_opp_abbr` from ((`lms_match` `m` join `lms_team` `t` on(`m`.`lms_match_team` = `t`.`lms_team_id`)) left join `lms_team` `o` on(`m`.`lms_match_opp` = `o`.`lms_team_id`)) */;
/*!50001 SET character_set_client      = @saved_cs_client */;
/*!50001 SET character_set_results     = @saved_cs_results */;
/*!50001 SET collation_connection      = @saved_col_connection */;

--
-- Final view structure for view `v_lms_game`
--

/*!50001 DROP VIEW IF EXISTS `v_lms_game`*/;
/*!50001 SET @saved_cs_client          = @@character_set_client */;
/*!50001 SET @saved_cs_results         = @@character_set_results */;
/*!50001 SET @saved_col_connection     = @@collation_connection */;
/*!50001 SET character_set_client      = utf8mb4 */;
/*!50001 SET character_set_results     = utf8mb4 */;
/*!50001 SET collation_connection      = utf8mb4_unicode_ci */;
/*!50001 CREATE ALGORITHM=UNDEFINED */
/*!50013 DEFINER=`lastmanl`@`localhost` SQL SECURITY DEFINER */
/*!50001 VIEW `v_lms_game` AS select `g`.`lms_game_id` AS `lms_game_id`,`g`.`lms_game_start_wkno` AS `lms_game_start_wkno`,`g`.`lms_game_name` AS `lms_game_name`,`g`.`lms_game_status` AS `lms_game_status`,`g`.`lms_game_week_count` AS `lms_game_week_count`,`g`.`lms_game_total_players` AS `lms_game_total_players`,`g`.`lms_game_still_active` AS `lms_game_still_active`,`g`.`lms_game_manager` AS `lms_game_manager`,`g`.`lms_game_code` AS `lms_game_code`,`p`.`lms_player_screen_name` AS `lms_player_screen_name`,`w`.`lms_week` AS `lms_week`,`w`.`lms_year` AS `lms_year`,`w`.`lms_week_start` AS `lms_week_start`,`gl`.`lms_game_status_text` AS `lms_game_status_text` from (((`lms_game` `g` join `lms_player` `p` on(`g`.`lms_game_manager` = `p`.`lms_player_id`)) join `lms_week` `w` on(`w`.`lms_week_no` = `g`.`lms_game_start_wkno`)) join `lms_game_status` `gl` on(`g`.`lms_game_status` = `gl`.`lms_game_status_id`)) */;
/*!50001 SET character_set_client      = @saved_cs_client */;
/*!50001 SET character_set_results     = @saved_cs_results */;
/*!50001 SET collation_connection      = @saved_col_connection */;

--
-- Final view structure for view `v_lms_match`
--

/*!50001 DROP VIEW IF EXISTS `v_lms_match`*/;
/*!50001 SET @saved_cs_client          = @@character_set_client */;
/*!50001 SET @saved_cs_results         = @@character_set_results */;
/*!50001 SET @saved_col_connection     = @@collation_connection */;
/*!50001 SET character_set_client      = utf8mb4 */;
/*!50001 SET character_set_results     = utf8mb4 */;
/*!50001 SET collation_connection      = utf8mb4_general_ci */;
/*!50001 CREATE ALGORITHM=UNDEFINED */
/*!50013 DEFINER=`lastmanl_lmsadmin`@`82.9.248.136` SQL SECURITY DEFINER */
/*!50001 VIEW `v_lms_match` AS select `m`.`lms_match_id` AS `lms_match_id`,`m`.`lms_match_weekno` AS `lms_match_weekno`,`m`.`lms_match_ha` AS `lms_match_ha`,`w`.`lms_week` AS `lms_week`,`w`.`lms_year` AS `lms_year`,`m`.`lms_match_team` AS `lms_match_team`,`m`.`lms_match_date` AS `lms_match_date`,`m`.`lms_match_result` AS `lms_match_result`,`t`.`lms_team_name` AS `lms_team_name`,`o`.`lms_team_name` AS `lms_match_opp`,`w`.`lms_week_start` AS `lms_week_start` from (((`lms_match` `m` join `lms_team` `t` on(`m`.`lms_match_team` = `t`.`lms_team_id`)) join `lms_week` `w` on(`m`.`lms_match_weekno` = `w`.`lms_week_no`)) join `lms_team` `o` on(`m`.`lms_match_opp` = `o`.`lms_team_id`)) */;
/*!50001 SET character_set_client      = @saved_cs_client */;
/*!50001 SET character_set_results     = @saved_cs_results */;
/*!50001 SET collation_connection      = @saved_col_connection */;

--
-- Final view structure for view `v_lms_player_games`
--

/*!50001 DROP VIEW IF EXISTS `v_lms_player_games`*/;
/*!50001 SET @saved_cs_client          = @@character_set_client */;
/*!50001 SET @saved_cs_results         = @@character_set_results */;
/*!50001 SET @saved_col_connection     = @@collation_connection */;
/*!50001 SET character_set_client      = utf8mb4 */;
/*!50001 SET character_set_results     = utf8mb4 */;
/*!50001 SET collation_connection      = utf8mb4_general_ci */;
/*!50001 CREATE ALGORITHM=UNDEFINED */
/*!50013 DEFINER=`lastmanl_lmsadmin`@`82.9.248.136` SQL SECURITY DEFINER */
/*!50001 VIEW `v_lms_player_games` AS select `gp`.`lms_player_id` AS `lms_player_id`,`gp`.`lms_game_id` AS `lms_game_id`,`gp`.`lms_game_player_status` AS `lms_game_player_status`,`gp`.`lms_game_player_elimination_week` AS `lms_game_player_elimination_week`,`o`.`lml_game_outcome_text` AS `lml_game_outcome_text`,`g`.`lms_game_name` AS `lms_game_name`,`g`.`lms_game_start_wkno` AS `lms_game_start_wkno`,`g`.`lms_game_status` AS `lms_game_status`,`g`.`lms_game_total_players` AS `lms_game_total_players`,`g`.`lms_game_still_active` AS `lms_game_still_active`,`g`.`lms_game_week_count` AS `lms_game_week_count`,`g`.`lms_game_code` AS `lms_game_code`,`p`.`lms_player_screen_name` AS `lms_player_screen_name`,`p`.`lms_active` AS `lms_active`,`pl`.`lms_game_player_status_text` AS `lms_game_player_status_text`,`gl`.`lms_game_status_text` AS `lms_game_status_text`,`w`.`lms_week` AS `lms_week`,`w`.`lms_year` AS `lms_year` from ((((((`lms_game_player` `gp` join `lms_game` `g` on(`gp`.`lms_game_id` = `g`.`lms_game_id`)) join `lms_player` `p` on(`gp`.`lms_player_id` = `p`.`lms_player_id`)) join `lms_game_player_status` `pl` on(`gp`.`lms_game_player_status` = `pl`.`lms_game_player_status_id`)) join `lms_game_status` `gl` on(`g`.`lms_game_status` = `gl`.`lms_game_status_id`)) join `lms_week` `w` on(`w`.`lms_week_no` = `g`.`lms_game_start_wkno`)) join `lms_game_outcome` `o` on(`gp`.`lms_game_player_outcome` = `o`.`lml_game_outcome_id`)) */;
/*!50001 SET character_set_client      = @saved_cs_client */;
/*!50001 SET character_set_results     = @saved_cs_results */;
/*!50001 SET collation_connection      = @saved_col_connection */;

--
-- Final view structure for view `v_lms_player_picks`
--

/*!50001 DROP VIEW IF EXISTS `v_lms_player_picks`*/;
/*!50001 SET @saved_cs_client          = @@character_set_client */;
/*!50001 SET @saved_cs_results         = @@character_set_results */;
/*!50001 SET @saved_col_connection     = @@collation_connection */;
/*!50001 SET character_set_client      = utf8mb4 */;
/*!50001 SET character_set_results     = utf8mb4 */;
/*!50001 SET collation_connection      = utf8mb4_general_ci */;
/*!50001 CREATE ALGORITHM=UNDEFINED */
/*!50013 DEFINER=`lastmanl_lmsadmin`@`82.9.248.136` SQL SECURITY DEFINER */
/*!50001 VIEW `v_lms_player_picks` AS select `p`.`lms_pick_player_id` AS `lms_pick_player_id`,`p`.`lms_pick_game_id` AS `lms_pick_game_id`,`p`.`lms_pick_match_id` AS `lms_pick_match_id`,`p`.`lms_pick_wl` AS `lms_pick_wl`,`pl`.`lms_player_screen_name` AS `lms_player_screen_name`,`g`.`lms_game_name` AS `lms_game_name`,`m`.`lms_match_weekno` AS `lms_match_weekno`,`m`.`lms_match_ha` AS `lms_match_ha`,`t`.`lms_team_id` AS `lms_team_id`,`t`.`lms_team_name` AS `lms_team_name`,`g`.`lms_game_status` AS `lms_game_status`,`g`.`lms_game_status_text` AS `lms_game_status_text`,`w`.`lms_week` AS `lms_week`,`w`.`lms_year` AS `lms_year`,`m`.`lms_match_date` AS `lms_match_date`,`m`.`lms_match_result` AS `lms_match_result`,`o`.`lms_team_name` AS `lms_match_opp` from ((((((`lms_pick` `p` join `lms_player` `pl` on(`p`.`lms_pick_player_id` = `pl`.`lms_player_id`)) join `v_lms_game` `g` on(`p`.`lms_pick_game_id` = `g`.`lms_game_id`)) join `lms_match` `m` on(`p`.`lms_pick_match_id` = `m`.`lms_match_id`)) join `lms_team` `t` on(`m`.`lms_match_team` = `t`.`lms_team_id`)) join `lms_week` `w` on(`w`.`lms_week_no` = `m`.`lms_match_weekno`)) join `lms_team` `o` on(`m`.`lms_match_opp` = `o`.`lms_team_id`)) */;
/*!50001 SET character_set_client      = @saved_cs_client */;
/*!50001 SET character_set_results     = @saved_cs_results */;
/*!50001 SET collation_connection      = @saved_col_connection */;

--
-- Final view structure for view `v_lms_results`
--

/*!50001 DROP VIEW IF EXISTS `v_lms_results`*/;
/*!50001 SET @saved_cs_client          = @@character_set_client */;
/*!50001 SET @saved_cs_results         = @@character_set_results */;
/*!50001 SET @saved_col_connection     = @@collation_connection */;
/*!50001 SET character_set_client      = utf8mb4 */;
/*!50001 SET character_set_results     = utf8mb4 */;
/*!50001 SET collation_connection      = utf8mb4_general_ci */;
/*!50001 CREATE ALGORITHM=UNDEFINED */
/*!50013 DEFINER=`lastmanl_lmsadmin`@`82.9.248.136` SQL SECURITY DEFINER */
/*!50001 VIEW `v_lms_results` AS select `m`.`lms_match_id` AS `lms_match_id`,`m`.`lms_match_weekno` AS `lms_match_weekno`,`m`.`lms_match_date` AS `lms_match_date`,`m`.`lms_match_league` AS `lms_match_league`,`m`.`lms_match_ha` AS `lms_match_ha`,`t`.`lms_team_id` AS `home_team_id`,`t`.`lms_team_name` AS `home_team_name`,`t`.`lms_team_abbr` AS `home_team_abbr`,`o`.`lms_team_id` AS `away_team_id`,`o`.`lms_team_name` AS `away_team_name`,`o`.`lms_team_abbr` AS `away_team_abbr`,`rh`.`lms_match_team_score` AS `home_score`,`ra`.`lms_match_team_score` AS `away_score`,`rh`.`lms_match_team_wl` AS `home_result`,`ra`.`lms_match_team_wl` AS `away_result`,`rt`.`lms_result_type_desc` AS `home_result_type`,`rt`.`lms_result_type_noresult` AS `no_result` from (((((`lms_match` `m` join `lms_team` `t` on(`m`.`lms_match_team` = `t`.`lms_team_id`)) join `lms_team` `o` on(`m`.`lms_match_opp` = `o`.`lms_team_id`)) left join `lms_results` `rh` on(`m`.`lms_match_date` = `rh`.`lms_match_date` and `t`.`lms_team_id` = `rh`.`lms_match_team`)) left join `lms_results` `ra` on(`m`.`lms_match_date` = `ra`.`lms_match_date` and `o`.`lms_team_id` = `ra`.`lms_match_team`)) left join `lms_result_type` `rt` on(`rh`.`lms_match_team_wl` = `rt`.`lms_result_type`)) order by `m`.`lms_match_weekno`,`m`.`lms_match_date`,`t`.`lms_team_name` */;
/*!50001 SET character_set_client      = @saved_cs_client */;
/*!50001 SET character_set_results     = @saved_cs_results */;
/*!50001 SET collation_connection      = @saved_col_connection */;

--
-- Final view structure for view `v_lms_team_lookup`
--

/*!50001 DROP VIEW IF EXISTS `v_lms_team_lookup`*/;
/*!50001 SET @saved_cs_client          = @@character_set_client */;
/*!50001 SET @saved_cs_results         = @@character_set_results */;
/*!50001 SET @saved_col_connection     = @@collation_connection */;
/*!50001 SET character_set_client      = utf8mb4 */;
/*!50001 SET character_set_results     = utf8mb4 */;
/*!50001 SET collation_connection      = utf8mb4_general_ci */;
/*!50001 CREATE ALGORITHM=UNDEFINED */
/*!50013 DEFINER=`lastmanl`@`localhost` SQL SECURITY DEFINER */
/*!50001 VIEW `v_lms_team_lookup` AS select `a`.`lms_team_abbr_abbr` AS `lms_team_abbr_abbr`,`a`.`lms_team_abbr_team_id` AS `lms_team_abbr_team_id`,`t`.`lms_team_id` AS `lms_team_id`,`t`.`lms_team_name` AS `lms_team_name`,`t`.`lms_team_active` AS `lms_team_active`,`t`.`lms_team_wins` AS `lms_team_wins`,`t`.`lms_team_abbr` AS `lms_team_abbr` from (`lms_team_abbr` `a` join `lms_team` `t` on(`a`.`lms_team_abbr_team_id` = `t`.`lms_team_id`)) */;
/*!50001 SET character_set_client      = @saved_cs_client */;
/*!50001 SET character_set_results     = @saved_cs_results */;
/*!50001 SET collation_connection      = @saved_col_connection */;
/*!40103 SET TIME_ZONE=@OLD_TIME_ZONE */;

/*!40101 SET SQL_MODE=@OLD_SQL_MODE */;
/*!40014 SET FOREIGN_KEY_CHECKS=@OLD_FOREIGN_KEY_CHECKS */;
/*!40014 SET UNIQUE_CHECKS=@OLD_UNIQUE_CHECKS */;
/*!40101 SET CHARACTER_SET_CLIENT=@OLD_CHARACTER_SET_CLIENT */;
/*!40101 SET CHARACTER_SET_RESULTS=@OLD_CHARACTER_SET_RESULTS */;
/*!40101 SET COLLATION_CONNECTION=@OLD_COLLATION_CONNECTION */;
/*!40111 SET SQL_NOTES=@OLD_SQL_NOTES */;

-- Dump completed on 2023-03-27 19:40:56
