-- MySQL dump 10.19  Distrib 10.3.31-MariaDB, for Linux (x86_64)
--
-- Host: localhost    Database: lastmanl_lms
-- ------------------------------------------------------
-- Server version	10.3.31-MariaDB-log-cll-lve

/*!40101 SET @OLD_CHARACTER_SET_CLIENT=@@CHARACTER_SET_CLIENT */;
/*!40101 SET @OLD_CHARACTER_SET_RESULTS=@@CHARACTER_SET_RESULTS */;
/*!40101 SET @OLD_COLLATION_CONNECTION=@@COLLATION_CONNECTION */;
/*!40101 SET NAMES utf8mb4 */;
/*!40103 SET @OLD_TIME_ZONE=@@TIME_ZONE */;
/*!40103 SET TIME_ZONE='+00:00' */;
/*!40014 SET @OLD_UNIQUE_CHECKS=@@UNIQUE_CHECKS, UNIQUE_CHECKS=0 */;
/*!40014 SET @OLD_FOREIGN_KEY_CHECKS=@@FOREIGN_KEY_CHECKS, FOREIGN_KEY_CHECKS=0 */;
/*!40101 SET @OLD_SQL_MODE=@@SQL_MODE, SQL_MODE='NO_AUTO_VALUE_ON_ZERO' */;
/*!40111 SET @OLD_SQL_NOTES=@@SQL_NOTES, SQL_NOTES=0 */;

--
-- Table structure for table `lms_available_picks`
--

DROP TABLE IF EXISTS `lms_available_picks`;
/*!40101 SET @saved_cs_client     = @@character_set_client */;
/*!40101 SET character_set_client = utf8 */;
CREATE TABLE `lms_available_picks` (
  `lms_available_picks_player_id` int(11) NOT NULL,
  `lms_available_picks_game` int(11) NOT NULL,
  `lms_available_picks_team` int(11) NOT NULL,
  PRIMARY KEY (`lms_available_picks_player_id`,`lms_available_picks_game`,`lms_available_picks_team`),
  KEY `lms_game_id_idx` (`lms_available_picks_game`),
  KEY `fk_lms_team_id_idx` (`lms_available_picks_team`),
  CONSTRAINT `fk_lms_available_picks_lms_team1` FOREIGN KEY (`lms_available_picks_team`) REFERENCES `lms_team` (`lms_team_id`) ON DELETE NO ACTION ON UPDATE NO ACTION,
  CONSTRAINT `fk_lms_avpick_game` FOREIGN KEY (`lms_available_picks_game`) REFERENCES `lms_game` (`lms_game_id`) ON DELETE NO ACTION ON UPDATE NO ACTION,
  CONSTRAINT `fk_lms_avpick_player` FOREIGN KEY (`lms_available_picks_player_id`) REFERENCES `lms_player` (`lms_player_id`) ON DELETE NO ACTION ON UPDATE NO ACTION
) ENGINE=InnoDB DEFAULT CHARSET=utf8;
/*!40101 SET character_set_client = @saved_cs_client */;

--
-- Dumping data for table `lms_available_picks`
--

LOCK TABLES `lms_available_picks` WRITE;
/*!40000 ALTER TABLE `lms_available_picks` DISABLE KEYS */;
INSERT INTO `lms_available_picks` (`lms_available_picks_player_id`, `lms_available_picks_game`, `lms_available_picks_team`) VALUES (18,19,1),(18,19,2),(18,19,3),(18,19,4),(18,19,5),(18,19,6),(18,19,8),(18,19,9),(18,19,14),(18,19,15),(18,19,16),(18,19,17),(18,19,18),(18,19,19),(18,19,20),(18,19,21),(18,19,22),(18,19,23),(18,19,24),(18,25,1),(18,25,2),(18,25,3),(18,25,4),(18,25,5),(18,25,6),(18,25,7),(18,25,8),(18,25,9),(18,25,14),(18,25,15),(18,25,16),(18,25,17),(18,25,18),(18,25,19),(18,25,21),(18,25,22),(18,25,23),(18,25,24),(18,37,1),(18,37,3),(18,37,5),(18,37,6),(18,37,7),(18,37,8),(18,37,9),(18,37,14),(18,37,15),(18,37,16),(18,37,17),(18,37,18),(18,37,19),(18,37,20),(18,37,21),(18,37,25),(18,37,26),(18,37,28),(18,58,1),(18,58,2),(18,58,3),(18,58,4),(18,58,5),(18,58,6),(18,58,7),(18,58,8),(18,58,14),(18,58,15),(18,58,16),(18,58,17),(18,58,19),(18,58,20),(18,58,21),(18,58,22),(18,58,24),(18,58,53),(18,60,1),(18,60,2),(18,60,3),(18,60,4),(18,60,5),(18,60,6),(18,60,7),(18,60,8),(18,60,14),(18,60,15),(18,60,16),(18,60,17),(18,60,18),(18,60,19),(18,60,20),(18,60,21),(18,60,22),(18,60,24),(18,60,28),(18,60,53),(18,61,1),(18,61,2),(18,61,3),(18,61,4),(18,61,5),(18,61,8),(18,61,14),(18,61,15),(18,61,16),(18,61,17),(18,61,18),(18,61,19),(18,61,20),(18,61,21),(18,61,22),(18,61,24),(18,61,28),(18,61,53),(18,62,1),(18,62,2),(18,62,3),(18,62,4),(18,62,5),(18,62,6),(18,62,7),(18,62,8),(18,62,14),(18,62,15),(18,62,16),(18,62,17),(18,62,18),(18,62,19),(18,62,20),(18,62,21),(18,62,22),(18,62,24),(18,62,28),(18,62,53),(18,63,1),(18,63,2),(18,63,3),(18,63,4),(18,63,5),(18,63,7),(18,63,8),(18,63,14),(18,63,15),(18,63,16),(18,63,17),(18,63,18),(18,63,19),(18,63,20),(18,63,21),(18,63,24),(18,63,27),(18,63,28),(18,63,53),(20,25,1),(20,25,2),(20,25,4),(20,25,5),(20,25,6),(20,25,7),(20,25,8),(20,25,9),(20,25,14),(20,25,15),(20,25,16),(20,25,17),(20,25,18),(20,25,19),(20,25,20),(20,25,21),(20,25,22),(20,25,23),(20,25,24),(21,25,1),(21,25,2),(21,25,3),(21,25,4),(21,25,5),(21,25,6),(21,25,7),(21,25,8),(21,25,9),(21,25,14),(21,25,15),(21,25,16),(21,25,17),(21,25,19),(21,25,20),(21,25,21),(21,25,22),(21,25,23),(21,25,24),(21,60,1),(21,60,2),(21,60,3),(21,60,5),(21,60,6),(21,60,7),(21,60,8),(21,60,14),(21,60,15),(21,60,16),(21,60,17),(21,60,18),(21,60,19),(21,60,20),(21,60,21),(21,60,22),(21,60,24),(21,60,27),(21,60,28),(21,60,53),(21,61,1),(21,61,2),(21,61,3),(21,61,4),(21,61,5),(21,61,6),(21,61,7),(21,61,8),(21,61,15),(21,61,16),(21,61,17),(21,61,18),(21,61,19),(21,61,20),(21,61,21),(21,61,22),(21,61,24),(21,61,27),(21,61,28),(21,61,53),(21,62,1),(21,62,2),(21,62,3),(21,62,4),(21,62,5),(21,62,6),(21,62,7),(21,62,8),(21,62,14),(21,62,15),(21,62,17),(21,62,18),(21,62,19),(21,62,20),(21,62,21),(21,62,22),(21,62,24),(21,62,27),(21,62,28),(21,62,53),(21,63,1),(21,63,2),(21,63,3),(21,63,4),(21,63,5),(21,63,6),(21,63,7),(21,63,8),(21,63,14),(21,63,15),(21,63,16),(21,63,18),(21,63,19),(21,63,20),(21,63,21),(21,63,22),(21,63,27),(21,63,28),(21,63,53),(23,25,1),(23,25,2),(23,25,3),(23,25,4),(23,25,5),(23,25,7),(23,25,8),(23,25,9),(23,25,14),(23,25,15),(23,25,16),(23,25,17),(23,25,18),(23,25,19),(23,25,20),(23,25,21),(23,25,22),(23,25,23),(23,25,24),(23,57,1),(23,57,2),(23,57,3),(23,57,5),(23,57,6),(23,57,7),(23,57,8),(23,57,14),(23,57,16),(23,57,17),(23,57,18),(23,57,19),(23,57,20),(23,57,21),(23,57,22),(23,57,24),(23,57,27),(23,57,53),(23,58,1),(23,58,2),(23,58,4),(23,58,5),(23,58,8),(23,58,14),(23,58,15),(23,58,16),(23,58,17),(23,58,18),(23,58,19),(23,58,20),(23,58,21),(23,58,22),(23,58,24),(23,58,27),(23,58,53),(23,60,1),(23,60,2),(23,60,3),(23,60,4),(23,60,5),(23,60,6),(23,60,7),(23,60,8),(23,60,14),(23,60,15),(23,60,17),(23,60,18),(23,60,19),(23,60,20),(23,60,21),(23,60,22),(23,60,24),(23,60,27),(23,60,28),(23,60,53),(23,61,1),(23,61,2),(23,61,3),(23,61,4),(23,61,5),(23,61,6),(23,61,7),(23,61,8),(23,61,14),(23,61,15),(23,61,16),(23,61,17),(23,61,18),(23,61,19),(23,61,21),(23,61,22),(23,61,24),(23,61,27),(23,61,28),(23,61,53),(23,62,1),(23,62,2),(23,62,4),(23,62,5),(23,62,6),(23,62,7),(23,62,8),(23,62,14),(23,62,15),(23,62,16),(23,62,17),(23,62,18),(23,62,19),(23,62,20),(23,62,21),(23,62,22),(23,62,24),(23,62,27),(23,62,28),(23,62,53),(23,63,1),(23,63,3),(23,63,5),(23,63,6),(23,63,7),(23,63,8),(23,63,14),(23,63,15),(23,63,16),(23,63,17),(23,63,18),(23,63,19),(23,63,20),(23,63,21),(23,63,22),(23,63,24),(23,63,27),(23,63,28),(23,63,53),(26,25,1),(26,25,2),(26,25,3),(26,25,5),(26,25,6),(26,25,7),(26,25,8),(26,25,9),(26,25,14),(26,25,15),(26,25,16),(26,25,17),(26,25,18),(26,25,19),(26,25,20),(26,25,21),(26,25,22),(26,25,23),(26,25,24),(28,25,1),(28,25,2),(28,25,3),(28,25,4),(28,25,5),(28,25,6),(28,25,7),(28,25,8),(28,25,9),(28,25,14),(28,25,15),(28,25,17),(28,25,18),(28,25,19),(28,25,20),(28,25,21),(28,25,22),(28,25,23),(28,25,24),(29,25,2),(29,25,3),(29,25,4),(29,25,5),(29,25,6),(29,25,7),(29,25,8),(29,25,9),(29,25,14),(29,25,15),(29,25,16),(29,25,17),(29,25,18),(29,25,19),(29,25,20),(29,25,21),(29,25,22),(29,25,23),(29,25,24),(92,37,1),(92,37,2),(92,37,3),(92,37,4),(92,37,5),(92,37,6),(92,37,7),(92,37,8),(92,37,9),(92,37,14),(92,37,15),(92,37,16),(92,37,17),(92,37,18),(92,37,19),(92,37,20),(92,37,21),(92,37,25),(92,37,26),(92,37,27),(92,37,28),(92,40,1),(92,40,2),(92,40,3),(92,40,4),(92,40,5),(92,40,6),(92,40,7),(92,40,8),(92,40,9),(92,40,14),(92,40,15),(92,40,16),(92,40,17),(92,40,18),(92,40,19),(92,40,20),(92,40,21),(92,40,25),(92,40,26),(92,40,27),(92,40,28),(92,41,1),(92,41,2),(92,41,3),(92,41,4),(92,41,5),(92,41,6),(92,41,7),(92,41,8),(92,41,9),(92,41,14),(92,41,15),(92,41,16),(92,41,17),(92,41,18),(92,41,19),(92,41,20),(92,41,21),(92,41,25),(92,41,26),(92,41,27),(92,41,28),(92,42,1),(92,42,2),(92,42,3),(92,42,4),(92,42,5),(92,42,6),(92,42,7),(92,42,8),(92,42,9),(92,42,14),(92,42,15),(92,42,16),(92,42,17),(92,42,18),(92,42,19),(92,42,20),(92,42,21),(92,42,25),(92,42,26),(92,42,27),(92,42,28),(92,43,1),(92,43,2),(92,43,3),(92,43,4),(92,43,5),(92,43,6),(92,43,7),(92,43,8),(92,43,9),(92,43,14),(92,43,15),(92,43,16),(92,43,17),(92,43,18),(92,43,19),(92,43,20),(92,43,21),(92,43,25),(92,43,26),(92,43,27),(92,43,28),(92,44,1),(92,44,2),(92,44,3),(92,44,4),(92,44,5),(92,44,6),(92,44,7),(92,44,8),(92,44,9),(92,44,14),(92,44,15),(92,44,16),(92,44,17),(92,44,18),(92,44,19),(92,44,20),(92,44,21),(92,44,25),(92,44,26),(92,44,27),(92,44,28),(92,45,1),(92,45,2),(92,45,3),(92,45,4),(92,45,5),(92,45,6),(92,45,7),(92,45,8),(92,45,9),(92,45,14),(92,45,15),(92,45,16),(92,45,17),(92,45,18),(92,45,19),(92,45,20),(92,45,21),(92,45,25),(92,45,26),(92,45,27),(92,45,28),(92,46,1),(92,46,2),(92,46,3),(92,46,4),(92,46,5),(92,46,6),(92,46,7),(92,46,8),(92,46,9),(92,46,14),(92,46,15),(92,46,16),(92,46,17),(92,46,18),(92,46,19),(92,46,20),(92,46,21),(92,46,25),(92,46,26),(92,46,27),(92,46,28),(92,57,1),(92,57,2),(92,57,3),(92,57,4),(92,57,5),(92,57,6),(92,57,8),(92,57,14),(92,57,15),(92,57,16),(92,57,17),(92,57,18),(92,57,19),(92,57,20),(92,57,21),(92,57,22),(92,57,24),(92,57,27),(92,57,53),(92,59,1),(92,59,2),(92,59,3),(92,59,4),(92,59,5),(92,59,6),(92,59,7),(92,59,8),(92,59,14),(92,59,15),(92,59,16),(92,59,17),(92,59,18),(92,59,19),(92,59,20),(92,59,21),(92,59,22),(92,59,24),(92,59,27),(92,59,53);
/*!40000 ALTER TABLE `lms_available_picks` ENABLE KEYS */;
UNLOCK TABLES;

--
-- Table structure for table `lms_game`
--

DROP TABLE IF EXISTS `lms_game`;
/*!40101 SET @saved_cs_client     = @@character_set_client */;
/*!40101 SET character_set_client = utf8 */;
CREATE TABLE `lms_game` (
  `lms_game_id` int(11) NOT NULL AUTO_INCREMENT,
  `lms_game_start_wkno` varchar(6) NOT NULL,
  `lms_game_name` varchar(45) NOT NULL,
  `lms_game_status` int(1) NOT NULL DEFAULT 1,
  `lms_game_week_count` int(11) NOT NULL DEFAULT 0,
  `lms_game_total_players` int(11) NOT NULL DEFAULT 0,
  `lms_game_still_active` int(11) NOT NULL DEFAULT 0,
  `lms_game_manager` int(11) NOT NULL,
  `lms_game_code` varchar(6) NOT NULL,
  PRIMARY KEY (`lms_game_id`),
  UNIQUE KEY `lms_game_id_UNIQUE` (`lms_game_id`)
) ENGINE=InnoDB AUTO_INCREMENT=64 DEFAULT CHARSET=utf8;
/*!40101 SET character_set_client = @saved_cs_client */;

--
-- Dumping data for table `lms_game`
--

LOCK TABLES `lms_game` WRITE;
/*!40000 ALTER TABLE `lms_game` DISABLE KEYS */;
INSERT INTO `lms_game` (`lms_game_id`, `lms_game_start_wkno`, `lms_game_name`, `lms_game_status`, `lms_game_week_count`, `lms_game_total_players`, `lms_game_still_active`, `lms_game_manager`, `lms_game_code`) VALUES (19,'202007','adamsgame',3,1,2,0,19,'ifbrax'),(23,'202008','MyFirstGame',3,1,1,0,24,'x7xrf8'),(25,'202011','Test Game 01',3,2,9,0,18,'5yergv'),(27,'202121','adamsfirstgame',3,1,2,0,24,'qfp6ug'),(28,'202101','GameName',3,1,1,0,24,'2ebq26'),(32,'202108','games1',3,2,1,0,24,'ctgca9'),(37,'202129','AddsersFirstGame',3,1,2,0,92,'hsyss4'),(40,'202133','New game',3,1,1,0,92,'a9gjta'),(41,'202135','Game04',3,3,1,0,92,'5dpeb2'),(42,'202135','Game 29',3,3,1,0,92,'4rqduc'),(43,'202135','Game 22020',3,3,1,0,92,'9dbhed'),(44,'202135','Game 2020',3,3,1,0,92,'kjttyz'),(45,'202135','Game 203030',3,3,1,0,92,'k2vbxm'),(46,'202135','gaME 4342',3,3,1,0,92,'pvbfzg'),(57,'212201','New Season',3,2,2,0,92,'g5r5wg'),(58,'212201','Game of Drones',3,2,2,0,23,'uc86b3'),(59,'212203','Recruiting No Pick',3,1,1,0,92,'cs3k9h'),(60,'212205','Week 5 game',3,2,3,0,23,'csfpx4'),(61,'212208','Week 8 game',3,4,3,0,23,'wqxdb3'),(62,'212213','Time to play',3,1,3,0,18,'3j724d'),(63,'212215','Matchless',2,1,3,3,23,'7d2fdj');
/*!40000 ALTER TABLE `lms_game` ENABLE KEYS */;
UNLOCK TABLES;

--
-- Table structure for table `lms_game_league`
--

DROP TABLE IF EXISTS `lms_game_league`;
/*!40101 SET @saved_cs_client     = @@character_set_client */;
/*!40101 SET character_set_client = utf8 */;
CREATE TABLE `lms_game_league` (
  `lms_game_league_game_id` int(11) NOT NULL,
  `lms_game_league_league_id` int(11) NOT NULL,
  PRIMARY KEY (`lms_game_league_game_id`,`lms_game_league_league_id`)
) ENGINE=MyISAM DEFAULT CHARSET=latin1;
/*!40101 SET character_set_client = @saved_cs_client */;

--
-- Dumping data for table `lms_game_league`
--

LOCK TABLES `lms_game_league` WRITE;
/*!40000 ALTER TABLE `lms_game_league` DISABLE KEYS */;
INSERT INTO `lms_game_league` (`lms_game_league_game_id`, `lms_game_league_league_id`) VALUES (19,1),(23,1),(25,1),(27,1),(32,1),(37,1),(40,1),(41,1),(42,1),(43,1),(44,1),(45,1),(46,1),(57,1),(58,1),(59,1),(60,1),(61,1),(62,1),(63,1);
/*!40000 ALTER TABLE `lms_game_league` ENABLE KEYS */;
UNLOCK TABLES;

--
-- Table structure for table `lms_game_player`
--

DROP TABLE IF EXISTS `lms_game_player`;
/*!40101 SET @saved_cs_client     = @@character_set_client */;
/*!40101 SET character_set_client = utf8 */;
CREATE TABLE `lms_game_player` (
  `lms_game_id` int(11) NOT NULL,
  `lms_player_id` int(11) NOT NULL,
  `lms_game_player_status` int(1) NOT NULL DEFAULT 1,
  PRIMARY KEY (`lms_game_id`,`lms_player_id`),
  KEY `lms_player_id_idx` (`lms_player_id`),
  CONSTRAINT `fk_lms_game_player_game` FOREIGN KEY (`lms_game_id`) REFERENCES `lms_game` (`lms_game_id`) ON DELETE NO ACTION ON UPDATE NO ACTION,
  CONSTRAINT `fk_lms_game_player_player` FOREIGN KEY (`lms_player_id`) REFERENCES `lms_player` (`lms_player_id`) ON DELETE NO ACTION ON UPDATE NO ACTION
) ENGINE=InnoDB DEFAULT CHARSET=utf8;
/*!40101 SET character_set_client = @saved_cs_client */;

--
-- Dumping data for table `lms_game_player`
--

LOCK TABLES `lms_game_player` WRITE;
/*!40000 ALTER TABLE `lms_game_player` DISABLE KEYS */;
INSERT INTO `lms_game_player` (`lms_game_id`, `lms_player_id`, `lms_game_player_status`) VALUES (37,18,2),(37,92,2),(40,92,2),(41,92,2),(42,92,2),(43,92,2),(44,92,2),(45,92,2),(46,92,2),(57,23,2),(57,92,2),(58,18,2),(58,23,2),(59,92,2),(60,18,2),(60,21,2),(60,23,2),(61,18,2),(61,21,2),(61,23,2),(62,18,2),(62,21,2),(62,23,2),(63,18,1),(63,21,1),(63,23,1);
/*!40000 ALTER TABLE `lms_game_player` ENABLE KEYS */;
UNLOCK TABLES;

--
-- Table structure for table `lms_game_player_status`
--

DROP TABLE IF EXISTS `lms_game_player_status`;
/*!40101 SET @saved_cs_client     = @@character_set_client */;
/*!40101 SET character_set_client = utf8 */;
CREATE TABLE `lms_game_player_status` (
  `lms_game_player_status_id` int(11) NOT NULL,
  `lms_game_player_status_text` varchar(20) NOT NULL DEFAULT 'unknown',
  PRIMARY KEY (`lms_game_player_status_id`),
  UNIQUE KEY `lms_game_player_status_id_UNIQUE` (`lms_game_player_status_id`)
) ENGINE=InnoDB DEFAULT CHARSET=utf8;
/*!40101 SET character_set_client = @saved_cs_client */;

--
-- Dumping data for table `lms_game_player_status`
--

LOCK TABLES `lms_game_player_status` WRITE;
/*!40000 ALTER TABLE `lms_game_player_status` DISABLE KEYS */;
INSERT INTO `lms_game_player_status` (`lms_game_player_status_id`, `lms_game_player_status_text`) VALUES (1,'active'),(2,'out'),(3,'left');
/*!40000 ALTER TABLE `lms_game_player_status` ENABLE KEYS */;
UNLOCK TABLES;

--
-- Table structure for table `lms_game_status`
--

DROP TABLE IF EXISTS `lms_game_status`;
/*!40101 SET @saved_cs_client     = @@character_set_client */;
/*!40101 SET character_set_client = utf8 */;
CREATE TABLE `lms_game_status` (
  `lms_game_status_id` int(11) NOT NULL,
  `lms_game_status_text` varchar(20) NOT NULL DEFAULT 'unknown',
  PRIMARY KEY (`lms_game_status_id`),
  UNIQUE KEY `lms_game_status_id_UNIQUE` (`lms_game_status_id`)
) ENGINE=InnoDB DEFAULT CHARSET=utf8;
/*!40101 SET character_set_client = @saved_cs_client */;

--
-- Dumping data for table `lms_game_status`
--

LOCK TABLES `lms_game_status` WRITE;
/*!40000 ALTER TABLE `lms_game_status` DISABLE KEYS */;
INSERT INTO `lms_game_status` (`lms_game_status_id`, `lms_game_status_text`) VALUES (1,'recruiting'),(2,'in-play'),(3,'complete'),(4,'cancelled');
/*!40000 ALTER TABLE `lms_game_status` ENABLE KEYS */;
UNLOCK TABLES;

--
-- Table structure for table `lms_info`
--

DROP TABLE IF EXISTS `lms_info`;
/*!40101 SET @saved_cs_client     = @@character_set_client */;
/*!40101 SET character_set_client = utf8 */;
CREATE TABLE `lms_info` (
  `lms_info_id` varchar(24) NOT NULL,
  `lms_info_value` varchar(256) DEFAULT '',
  PRIMARY KEY (`lms_info_id`)
) ENGINE=InnoDB DEFAULT CHARSET=utf8;
/*!40101 SET character_set_client = @saved_cs_client */;

--
-- Dumping data for table `lms_info`
--

LOCK TABLES `lms_info` WRITE;
/*!40000 ALTER TABLE `lms_info` DISABLE KEYS */;
INSERT INTO `lms_info` (`lms_info_id`, `lms_info_value`) VALUES ('admin_email_address','lmladmin@lastmanlive.co.uk'),('create_email_subject','Last Man Live  account created'),('currseason','2122'),('currweek','15'),('fixtures url euro','https://www.thesportsman.com/football/competitions/europe/european-championship'),('fixtures url prem','https://www.thesportsman.com/football/competitions/england/premier-league/fixtures'),('invite_email_subject','Join my Last Man Live game '),('lml_url','https://lastmanlive.co.uk'),('match_week_complete','202107'),('newval','ijklmno'),('results url euro','https://www.thesportsman.com/football/competitions/europe/european-championship/results'),('results url prem','https://www.thesportsman.com/football/competitions/england/premier-league/results'),('selectweek','16'),('smtp_from_address','lmladmin@lastmanlive.co.uk'),('smtp_from_name','Last Man Live'),('smtp_host','mail.lastmanlive.co.uk'),('smtp_port','465'),('smtp_pwd','kryLms!e1'),('smtp_reply_address','lml-reply@lastmanlive.co.uk'),('smtp_reply_name','LML Replies'),('smtp_user','lmladmin@lastmanlive.co.uk');
/*!40000 ALTER TABLE `lms_info` ENABLE KEYS */;
UNLOCK TABLES;

--
-- Table structure for table `lms_league`
--

DROP TABLE IF EXISTS `lms_league`;
/*!40101 SET @saved_cs_client     = @@character_set_client */;
/*!40101 SET character_set_client = utf8 */;
CREATE TABLE `lms_league` (
  `lms_league_id` int(11) NOT NULL AUTO_INCREMENT,
  `lms_league_name` varchar(255) NOT NULL DEFAULT '',
  `lms_league_abbr` varchar(4) NOT NULL DEFAULT '',
  `lms_league_supported` tinyint(1) DEFAULT 0,
  PRIMARY KEY (`lms_league_id`),
  UNIQUE KEY `lms_league_id_UNIQUE` (`lms_league_id`)
) ENGINE=MyISAM AUTO_INCREMENT=15 DEFAULT CHARSET=latin1;
/*!40101 SET character_set_client = @saved_cs_client */;

--
-- Dumping data for table `lms_league`
--

LOCK TABLES `lms_league` WRITE;
/*!40000 ALTER TABLE `lms_league` DISABLE KEYS */;
INSERT INTO `lms_league` (`lms_league_id`, `lms_league_name`, `lms_league_abbr`, `lms_league_supported`) VALUES (1,'English Premier League','EPL',1),(2,'English Championship','ECH',0),(3,'English League One','EL1',0),(4,'English League Two','EL2',0),(5,'Scottish Premiership','SPL',0),(6,'Scottish Championship','SCH',0),(7,'Scottish League One','SL1',0),(8,'Scottish League Two','SL2',0),(9,'UEFA Champions League','UCL',0),(10,'UEFA Europa League','UEL',0),(11,'EURO 2020','EU20',0),(12,'FA Cup','FACP',0),(13,'EFL Cup','FLCP',0),(14,'World Cup 2022','WC22',0);
/*!40000 ALTER TABLE `lms_league` ENABLE KEYS */;
UNLOCK TABLES;

--
-- Table structure for table `lms_league_team`
--

DROP TABLE IF EXISTS `lms_league_team`;
/*!40101 SET @saved_cs_client     = @@character_set_client */;
/*!40101 SET character_set_client = utf8 */;
CREATE TABLE `lms_league_team` (
  `lms_league_team_league_id` int(11) NOT NULL,
  `lms_league_team_team_id` int(11) NOT NULL,
  PRIMARY KEY (`lms_league_team_league_id`,`lms_league_team_team_id`)
) ENGINE=MyISAM DEFAULT CHARSET=latin1;
/*!40101 SET character_set_client = @saved_cs_client */;

--
-- Dumping data for table `lms_league_team`
--

LOCK TABLES `lms_league_team` WRITE;
/*!40000 ALTER TABLE `lms_league_team` DISABLE KEYS */;
INSERT INTO `lms_league_team` (`lms_league_team_league_id`, `lms_league_team_team_id`) VALUES (1,1),(1,2),(1,3),(1,4),(1,5),(1,6),(1,7),(1,8),(1,14),(1,15),(1,16),(1,17),(1,18),(1,19),(1,20),(1,21),(1,22),(1,24),(1,26),(1,27),(1,28),(1,53),(2,9),(2,23),(2,25),(11,29),(11,30),(11,31),(11,32),(11,33),(11,34),(11,35),(11,36),(11,37),(11,38),(11,39),(11,40),(11,41),(11,42),(11,43),(11,44),(11,45),(11,46),(11,47),(11,48),(11,49),(11,50),(11,51),(11,52);
/*!40000 ALTER TABLE `lms_league_team` ENABLE KEYS */;
UNLOCK TABLES;

--
-- Table structure for table `lms_match`
--

DROP TABLE IF EXISTS `lms_match`;
/*!40101 SET @saved_cs_client     = @@character_set_client */;
/*!40101 SET character_set_client = utf8 */;
CREATE TABLE `lms_match` (
  `lms_match_id` int(11) NOT NULL AUTO_INCREMENT,
  `lms_match_weekno` varchar(6) NOT NULL,
  `lms_match_team` int(11) NOT NULL,
  `lms_match_date` datetime NOT NULL,
  `lms_match_result` char(1) NOT NULL DEFAULT '',
  `lms_match_league` int(11) NOT NULL DEFAULT 0,
  `lms_match_opp` int(11) DEFAULT NULL,
  PRIMARY KEY (`lms_match_id`),
  KEY `fk_weekno_idx` (`lms_match_weekno`),
  KEY `fk_team_idx` (`lms_match_team`),
  CONSTRAINT `fk_lms_match_lms_team1` FOREIGN KEY (`lms_match_team`) REFERENCES `lms_team` (`lms_team_id`) ON DELETE NO ACTION ON UPDATE NO ACTION,
  CONSTRAINT `fk_match_weekno` FOREIGN KEY (`lms_match_weekno`) REFERENCES `lms_week` (`lms_week_no`) ON DELETE NO ACTION ON UPDATE NO ACTION
) ENGINE=InnoDB AUTO_INCREMENT=5422 DEFAULT CHARSET=utf8;
/*!40101 SET character_set_client = @saved_cs_client */;

--
-- Dumping data for table `lms_match`
--

LOCK TABLES `lms_match` WRITE;
/*!40000 ALTER TABLE `lms_match` DISABLE KEYS */;
INSERT INTO `lms_match` (`lms_match_id`, `lms_match_weekno`, `lms_match_team`, `lms_match_date`, `lms_match_result`, `lms_match_league`, `lms_match_opp`) VALUES (317,'202101',1,'2020-09-12 00:00:00','w',1,NULL),(318,'202101',3,'2020-09-12 00:00:00','w',1,NULL),(319,'202101',6,'2020-09-13 00:00:00','w',1,NULL),(320,'202101',7,'2020-09-14 00:00:00','w',1,NULL),(321,'202101',8,'2020-09-14 00:00:00','w',1,NULL),(322,'202101',9,'2020-09-14 00:00:00','l',1,NULL),(323,'202101',14,'2020-09-12 00:00:00','w',1,NULL),(324,'202101',15,'2020-09-13 00:00:00','l',1,NULL),(325,'202101',16,'2020-09-13 00:00:00','w',1,NULL),(326,'202101',17,'2020-09-12 00:00:00','l',1,NULL),(327,'202101',18,'2020-09-12 00:00:00','w',1,NULL),(328,'202101',19,'2020-09-14 00:00:00','l',1,NULL),(329,'202101',21,'2020-09-12 00:00:00','l',1,NULL),(330,'202101',25,'2020-09-12 00:00:00','l',1,NULL),(331,'202101',26,'2020-09-13 00:00:00','l',1,NULL),(332,'202102',1,'2020-09-19 00:00:00','w',1,NULL),(333,'202102',2,'2020-09-19 00:00:00','l',1,NULL),(334,'202102',3,'2020-09-19 00:00:00','w',1,NULL),(335,'202102',4,'2020-09-21 00:00:00','w',1,NULL),(336,'202102',5,'2020-09-21 00:00:00','w',1,NULL),(337,'202102',6,'2020-09-20 00:00:00','w',1,NULL),(338,'202102',7,'2020-09-20 00:00:00','l',1,NULL),(339,'202102',8,'2020-09-21 00:00:00','l',1,NULL),(340,'202102',9,'2020-09-21 00:00:00','l',1,NULL),(341,'202102',14,'2020-09-19 00:00:00','w',1,NULL),(342,'202102',15,'2020-09-20 00:00:00','w',1,NULL),(343,'202102',16,'2020-09-19 00:00:00','w',1,NULL),(344,'202102',17,'2020-09-20 00:00:00','l',1,NULL),(345,'202102',18,'2020-09-20 00:00:00','l',1,NULL),(346,'202102',19,'2020-09-20 00:00:00','w',1,NULL),(347,'202102',20,'2020-09-20 00:00:00','l',1,NULL),(348,'202102',21,'2020-09-19 00:00:00','l',1,NULL),(349,'202102',25,'2020-09-19 00:00:00','l',1,NULL),(350,'202102',26,'2020-09-19 00:00:00','l',1,NULL),(351,'202102',27,'2020-09-19 00:00:00','w',1,NULL),(352,'202101',27,'2020-09-12 00:00:00','l',1,NULL),(353,'202103',1,'2020-09-28 00:00:00','l',1,NULL),(354,'202103',2,'2020-09-26 00:00:00','w',1,NULL),(355,'202103',3,'2020-09-28 00:00:00','w',1,NULL),(356,'202103',4,'2020-09-27 00:00:00','l',1,NULL),(357,'202103',5,'2020-09-28 00:00:00','w',1,NULL),(358,'202103',6,'2020-09-27 00:00:00','w',1,NULL),(359,'202103',7,'2020-09-26 00:00:00','d',1,NULL),(360,'202103',8,'2020-09-27 00:00:00','l',1,NULL),(361,'202103',9,'2020-09-27 00:00:00','l',1,NULL),(362,'202103',14,'2020-09-26 00:00:00','l',1,NULL),(363,'202103',15,'2020-09-27 00:00:00','d',1,NULL),(364,'202103',16,'2020-09-26 00:00:00','w',1,NULL),(365,'202103',17,'2020-09-26 00:00:00','w',1,NULL),(366,'202103',18,'2020-09-27 00:00:00','d',1,NULL),(367,'202103',19,'2020-09-26 00:00:00','l',1,NULL),(368,'202103',20,'2020-09-26 00:00:00','l',1,NULL),(369,'202103',21,'2020-09-27 00:00:00','w',1,NULL),(370,'202103',25,'2020-09-28 00:00:00','l',1,NULL),(371,'202103',26,'2020-09-26 00:00:00','d',1,NULL),(372,'202103',27,'2020-09-27 00:00:00','w',1,NULL),(373,'202104',1,'2020-10-04 00:00:00','w',1,NULL),(374,'202104',2,'2020-10-04 00:00:00','l',1,NULL),(375,'202104',3,'2020-10-04 00:00:00','l',1,NULL),(376,'202104',4,'2020-10-03 00:00:00','d',1,NULL),(377,'202104',5,'2020-10-04 00:00:00','w',1,NULL),(378,'202104',6,'2020-10-04 00:00:00','l',1,NULL),(379,'202104',7,'2020-10-03 00:00:00','w',1,NULL),(380,'202104',8,'2020-10-04 00:00:00','w',1,NULL),(381,'202104',9,'2020-10-04 00:00:00','l',1,NULL),(382,'202104',14,'2020-10-03 00:00:00','l',1,NULL),(383,'202104',15,'2020-10-04 00:00:00','w',1,NULL),(384,'202104',16,'2020-10-03 00:00:00','w',1,NULL),(385,'202104',17,'2020-10-04 00:00:00','w',1,NULL),(386,'202104',18,'2020-10-03 00:00:00','w',1,NULL),(387,'202104',19,'2020-10-03 00:00:00','l',1,NULL),(388,'202104',20,'2020-10-03 00:00:00','l',1,NULL),(389,'202104',21,'2020-10-04 00:00:00','w',1,NULL),(390,'202104',25,'2020-10-04 00:00:00','l',1,NULL),(391,'202104',26,'2020-10-04 00:00:00','l',1,NULL),(392,'202104',27,'2020-10-03 00:00:00','d',1,NULL),(393,'202105',1,'2020-10-17 00:00:00','l',1,NULL),(394,'202105',2,'2020-10-17 00:00:00','w',1,NULL),(395,'202105',3,'2020-10-17 00:00:00','d',1,NULL),(396,'202105',4,'2020-10-17 00:00:00','w',1,NULL),(397,'202105',5,'2020-10-17 00:00:00','w',1,NULL),(398,'202105',6,'2020-10-18 00:00:00','l',1,NULL),(399,'202105',7,'2020-10-17 00:00:00','d',1,NULL),(400,'202105',8,'2020-10-17 00:00:00','w',1,NULL),(401,'202105',9,'2020-10-18 00:00:00','d',1,NULL),(402,'202105',14,'2020-10-18 00:00:00','d',1,NULL),(403,'202105',15,'2020-10-18 00:00:00','d',1,NULL),(404,'202105',16,'2020-10-17 00:00:00','d',1,NULL),(405,'202105',17,'2020-10-17 00:00:00','d',1,NULL),(406,'202105',18,'2020-10-17 00:00:00','l',1,NULL),(407,'202105',19,'2020-10-18 00:00:00','d',1,NULL),(408,'202105',20,'2020-10-17 00:00:00','d',1,NULL),(409,'202105',21,'2020-10-18 00:00:00','d',1,NULL),(410,'202105',25,'2020-10-18 00:00:00','d',1,NULL),(411,'202105',26,'2020-10-17 00:00:00','d',1,NULL),(412,'202105',27,'2020-10-17 00:00:00','l',1,NULL),(413,'202106',1,'2020-10-25 00:00:00','l',1,NULL),(414,'202106',2,'2020-10-24 00:00:00','d',1,NULL),(415,'202106',3,'2020-10-24 00:00:00','w',1,NULL),(416,'202106',4,'2020-10-24 00:00:00','d',1,NULL),(417,'202106',5,'2020-10-23 00:00:00','l',1,NULL),(418,'202106',6,'2020-10-25 00:00:00','w',1,NULL),(419,'202106',7,'2020-10-24 00:00:00','d',1,NULL),(420,'202106',8,'2020-10-25 00:00:00','d',1,NULL),(421,'202106',9,'2020-10-24 00:00:00','l',1,NULL),(422,'202106',14,'2020-10-24 00:00:00','w',1,NULL),(423,'202106',15,'2020-10-26 00:00:00','w',1,NULL),(424,'202106',16,'2020-10-24 00:00:00','l',1,NULL),(425,'202106',17,'2020-10-24 00:00:00','w',1,NULL),(426,'202106',18,'2020-10-23 00:00:00','d',1,NULL),(427,'202106',19,'2020-10-26 00:00:00','d',1,NULL),(428,'202106',20,'2020-10-26 00:00:00','l',1,NULL),(429,'202106',21,'2020-10-24 00:00:00','d',1,NULL),(430,'202106',25,'2020-10-24 00:00:00','l',1,NULL),(431,'202106',26,'2020-10-26 00:00:00','d',1,NULL),(432,'202106',27,'2020-10-23 00:00:00','w',1,NULL),(433,'202107',1,'2020-11-01 00:00:00','w',1,NULL),(434,'202107',2,'2020-11-01 00:00:00','l',1,NULL),(435,'202107',3,'2020-10-31 00:00:00','w',1,NULL),(436,'202107',4,'2020-10-31 00:00:00','w',1,NULL),(437,'202107',5,'2020-11-01 00:00:00','l',1,NULL),(438,'202107',6,'2020-11-02 00:00:00','w',1,NULL),(439,'202107',7,'2020-10-31 00:00:00','w',1,NULL),(440,'202107',8,'2020-10-30 00:00:00','w',1,NULL),(441,'202107',9,'2020-10-31 00:00:00','l',1,NULL),(442,'202107',14,'2020-10-30 00:00:00','l',1,NULL),(443,'202107',15,'2020-11-01 00:00:00','w',1,NULL),(444,'202107',16,'2020-11-01 00:00:00','l',1,NULL),(445,'202107',17,'2020-11-01 00:00:00','w',1,NULL),(446,'202107',18,'2020-11-01 00:00:00','w',1,NULL),(447,'202107',19,'2020-11-01 00:00:00','l',1,NULL),(448,'202107',20,'2020-10-31 00:00:00','l',1,NULL),(449,'202107',21,'2020-10-31 00:00:00','l',1,NULL),(450,'202107',25,'2020-11-02 00:00:00','w',1,NULL),(451,'202107',26,'2020-11-02 00:00:00','l',1,NULL),(452,'202107',27,'2020-11-02 00:00:00','l',1,NULL),(453,'202108',1,'2020-11-08 00:00:00','l',1,NULL),(454,'202108',2,'2020-11-07 00:00:00','w',1,NULL),(455,'202108',3,'2020-11-08 00:00:00','d',1,NULL),(456,'202108',4,'2020-11-08 00:00:00','d',1,NULL),(457,'202108',5,'2020-11-08 00:00:00','w',1,NULL),(458,'202108',6,'2020-11-08 00:00:00','w',1,NULL),(459,'202108',7,'2020-11-07 00:00:00','w',1,NULL),(460,'202108',8,'2020-11-08 00:00:00','l',1,NULL),(461,'202108',9,'2020-11-07 00:00:00','l',1,NULL),(462,'202108',14,'2020-11-07 00:00:00','w',1,NULL),(463,'202108',15,'2020-11-08 00:00:00','w',1,NULL),(464,'202108',16,'2020-11-07 00:00:00','l',1,NULL),(465,'202108',17,'2020-11-06 00:00:00','w',1,NULL),(466,'202108',18,'2020-11-06 00:00:00','l',1,NULL),(467,'202108',19,'2020-11-06 00:00:00','d',1,NULL),(468,'202108',20,'2020-11-06 00:00:00','d',1,NULL),(469,'202108',21,'2020-11-07 00:00:00','w',1,NULL),(470,'202108',25,'2020-11-07 00:00:00','l',1,NULL),(471,'202108',26,'2020-11-08 00:00:00','l',1,NULL),(472,'202108',27,'2020-11-07 00:00:00','l',1,NULL),(473,'202109',1,'2020-11-22 00:00:00','d',1,NULL),(474,'202109',2,'2020-11-21 00:00:00','w',1,NULL),(475,'202109',3,'2020-11-22 00:00:00','w',1,NULL),(476,'202109',4,'2020-11-21 00:00:00','l',1,NULL),(477,'202109',5,'2020-11-21 00:00:00','l',1,NULL),(478,'202109',6,'2020-11-22 00:00:00','l',1,NULL),(479,'202109',7,'2020-11-21 00:00:00','w',1,NULL),(481,'202109',9,'2020-11-22 00:00:00','l',1,NULL),(483,'202109',15,'2020-11-21 00:00:00','w',1,NULL),(484,'202109',16,'2020-11-22 00:00:00','w',1,NULL),(486,'202109',18,'2020-11-21 00:00:00','l',1,NULL),(487,'202109',19,'2020-11-21 00:00:00','w',1,NULL),(489,'202109',21,'2020-11-22 00:00:00','w',1,NULL),(490,'202109',25,'2020-11-22 00:00:00','l',1,NULL),(491,'202109',26,'2020-11-21 00:00:00','l',1,NULL),(492,'202109',27,'2020-11-22 00:00:00','d',1,NULL),(1073,'202110',19,'2020-11-28 00:00:00','d',1,NULL),(1074,'202110',3,'2020-11-28 00:00:00','d',1,NULL),(1081,'202110',4,'2020-11-28 00:00:00','w',1,NULL),(1082,'202110',20,'2020-11-28 00:00:00','l',1,NULL),(1083,'202110',26,'2020-11-28 00:00:00','w',1,NULL),(1084,'202110',9,'2020-11-28 00:00:00','l',1,NULL),(1085,'202110',16,'2020-11-28 00:00:00','l',1,NULL),(1086,'202110',27,'2020-11-28 00:00:00','w',1,NULL),(1087,'202110',17,'2020-11-29 00:00:00','l',1,NULL),(1088,'202110',2,'2020-11-29 00:00:00','w',1,NULL),(1089,'202110',7,'2020-11-29 00:00:00','d',1,NULL),(1090,'202110',15,'2020-11-29 00:00:00','d',1,NULL),(1091,'202110',21,'2020-11-30 00:00:00','w',1,NULL),(1092,'202110',5,'2020-11-30 00:00:00','l',1,NULL),(1096,'202111',17,'2020-12-07 00:00:00','w',1,NULL),(1097,'202111',20,'2020-12-05 00:00:00','d',1,NULL),(1098,'202111',16,'2020-12-05 00:00:00','d',1,NULL),(1099,'202111',7,'2020-12-05 00:00:00','w',1,NULL),(1100,'202111',27,'2020-12-05 00:00:00','l',1,NULL),(1101,'202111',3,'2020-12-06 00:00:00','w',1,NULL),(1103,'202111',4,'2020-12-05 00:00:00','w',1,NULL),(1104,'202111',25,'2020-12-05 00:00:00','l',1,NULL),(1105,'202111',9,'2020-12-06 00:00:00','l',1,NULL),(1109,'202111',26,'2020-12-06 00:00:00','l',1,NULL),(1111,'202111',21,'2020-12-05 00:00:00','l',1,NULL),(1112,'202111',2,'2020-12-05 00:00:00','w',1,NULL),(1117,'202112',16,'2020-12-12 00:00:00','w',1,NULL),(1118,'202112',7,'2020-12-12 00:00:00','l',1,NULL),(1125,'202112',2,'2020-12-12 00:00:00','d',1,NULL),(1126,'202112',4,'2020-12-12 00:00:00','d',1,NULL),(1127,'202112',18,'2020-12-12 00:00:00','w',1,NULL),(1128,'202112',26,'2020-12-12 00:00:00','l',1,NULL),(1131,'202112',8,'2020-12-12 00:00:00','l',1,NULL),(1132,'202112',5,'2020-12-12 00:00:00','w',1,NULL),(1147,'202112',8,'2020-12-15 00:00:00','w',1,NULL),(1148,'202112',7,'2020-12-15 00:00:00','l',1,NULL),(1149,'202112',3,'2020-12-16 00:00:00','w',1,NULL),(1150,'202112',15,'2020-12-16 00:00:00','l',1,NULL),(1159,'202113',14,'2020-12-19 00:00:00','l',1,NULL),(1160,'202113',3,'2020-12-19 00:00:00','w',1,NULL),(1161,'202113',16,'2020-12-19 00:00:00','w',1,NULL),(1162,'202113',1,'2020-12-19 00:00:00','l',1,NULL),(1165,'202113',18,'2020-12-19 00:00:00','d',1,NULL),(1166,'202113',25,'2020-12-19 00:00:00','d',1,NULL),(1167,'202113',17,'2020-12-19 00:00:00','l',1,NULL),(1168,'202113',4,'2020-12-19 00:00:00','w',1,NULL),(1173,'202114',1,'2020-12-26 00:00:00','w',1,NULL),(1174,'202114',7,'2020-12-26 00:00:00','l',1,NULL),(1175,'202114',5,'2020-12-26 00:00:00','w',1,NULL),(1176,'202114',14,'2020-12-26 00:00:00','l',1,NULL),(1177,'202114',25,'2020-12-26 00:00:00','d',1,NULL),(1178,'202114',17,'2020-12-26 00:00:00','d',1,NULL),(1181,'202114',6,'2020-12-26 00:00:00','d',1,NULL),(1182,'202114',2,'2020-12-26 00:00:00','d',1,NULL),(1185,'202114',4,'2020-12-26 00:00:00','w',1,NULL),(1186,'202114',18,'2020-12-26 00:00:00','l',1,NULL),(1187,'202114',9,'2020-12-26 00:00:00','l',1,NULL),(1188,'202114',16,'2020-12-26 00:00:00','w',1,NULL),(1197,'202114',7,'2020-12-28 00:00:00','d',1,NULL),(1198,'202114',5,'2020-12-28 00:00:00','d',1,NULL),(1199,'202114',14,'2020-12-28 00:00:00','d',1,NULL),(1200,'202114',6,'2020-12-28 00:00:00','d',1,NULL),(1201,'202114',16,'2020-12-28 00:00:00','p',1,NULL),(1202,'202114',4,'2020-12-28 00:00:00','p',1,NULL),(1213,'202115',19,'2021-01-02 00:00:00','d',1,NULL),(1214,'202115',8,'2021-01-02 00:00:00','d',1,NULL),(1219,'202115',14,'2021-01-02 00:00:00','w',1,NULL),(1220,'202115',9,'2021-01-02 00:00:00','l',1,NULL),(1229,'202115',15,'2021-01-02 00:00:00','w',1,NULL),(1230,'202115',27,'2021-01-02 00:00:00','l',1,NULL),(1231,'202115',26,'2021-01-02 00:00:00','l',1,NULL),(1232,'202115',1,'2021-01-02 00:00:00','w',1,NULL),(1243,'202116',9,'2021-01-12 00:00:00','w',1,NULL),(1244,'202116',18,'2021-01-12 00:00:00','l',1,NULL),(1247,'202116',8,'2021-01-12 00:00:00','l',1,NULL),(1248,'202116',16,'2021-01-12 00:00:00','w',1,NULL),(1251,'202116',4,'2021-01-13 00:00:00','w',1,NULL),(1252,'202116',19,'2021-01-13 00:00:00','l',1,NULL),(1259,'202117',27,'2021-01-16 00:00:00','l',1,NULL),(1260,'202117',19,'2021-01-16 00:00:00','w',1,NULL),(1261,'202117',6,'2021-01-16 00:00:00','w',1,NULL),(1262,'202117',17,'2021-01-16 00:00:00','l',1,NULL),(1269,'202117',21,'2021-01-16 00:00:00','w',1,NULL),(1270,'202117',20,'2021-01-16 00:00:00','l',1,NULL),(1271,'202117',8,'2021-01-16 00:00:00','l',1,NULL),(1272,'202117',26,'2021-01-16 00:00:00','w',1,NULL),(1281,'202118',26,'2021-01-26 00:00:00','l',1,NULL),(1282,'202118',4,'2021-01-26 00:00:00','w',1,NULL),(1283,'202118',7,'2021-01-27 00:00:00','d',1,NULL),(1284,'202118',8,'2021-01-27 00:00:00','d',1,NULL),(1293,'202119',1,'2021-01-30 00:00:00','d',1,NULL),(1294,'202119',2,'2021-01-30 00:00:00','d',1,NULL),(1299,'202119',14,'2021-01-30 00:00:00','w',1,NULL),(1300,'202119',8,'2021-01-30 00:00:00','l',1,NULL),(1301,'202119',16,'2021-01-30 00:00:00','l',1,NULL),(1302,'202119',18,'2021-01-30 00:00:00','w',1,NULL),(1305,'202119',4,'2021-01-30 00:00:00','w',1,NULL),(1306,'202119',9,'2021-01-30 00:00:00','l',1,NULL),(1307,'202119',17,'2021-01-30 00:00:00','l',1,NULL),(1308,'202119',5,'2021-01-30 00:00:00','w',1,NULL),(1309,'202119',26,'2021-01-30 00:00:00','d',1,NULL),(1310,'202119',25,'2021-01-30 00:00:00','d',1,NULL),(1321,'202119',9,'2021-02-02 00:00:00','w',1,NULL),(1322,'202119',26,'2021-02-02 00:00:00','l',1,NULL),(1323,'202119',8,'2021-02-02 00:00:00','w',1,NULL),(1324,'202119',1,'2021-02-02 00:00:00','l',1,NULL),(1325,'202119',2,'2021-02-02 00:00:00','w',1,NULL),(1326,'202119',17,'2021-02-02 00:00:00','l',1,NULL),(1331,'202119',3,'2021-02-03 00:00:00','l',1,NULL),(1332,'202119',19,'2021-02-03 00:00:00','w',1,NULL),(1333,'202120',5,'2021-02-06 00:00:00','w',1,NULL),(1334,'202120',1,'2021-02-06 00:00:00','l',1,NULL),(1335,'202120',20,'2021-02-06 00:00:00','d',1,NULL),(1336,'202120',19,'2021-02-06 00:00:00','d',1,NULL),(1337,'202120',25,'2021-02-06 00:00:00','d',1,NULL),(1338,'202120',21,'2021-02-06 00:00:00','d',1,NULL),(1345,'202120',18,'2021-02-06 00:00:00','w',1,NULL),(1346,'202120',17,'2021-02-06 00:00:00','l',1,NULL),(1355,'202121',19,'2021-02-13 00:00:00','d',1,NULL),(1356,'202121',5,'2021-02-13 00:00:00','d',1,NULL),(1359,'202121',14,'2021-02-13 00:00:00','l',1,NULL),(1360,'202121',20,'2021-02-13 00:00:00','w',1,NULL),(1363,'202121',6,'2021-02-13 00:00:00','w',1,NULL),(1364,'202121',3,'2021-02-13 00:00:00','l',1,NULL),(1365,'202121',4,'2021-02-13 00:00:00','w',1,NULL),(1366,'202121',15,'2021-02-13 00:00:00','l',1,NULL),(1379,'202122',20,'2021-02-20 00:00:00','d',1,NULL),(1380,'202122',26,'2021-02-20 00:00:00','d',1,NULL),(1381,'202122',25,'2021-02-20 00:00:00','w',1,NULL),(1382,'202122',9,'2021-02-20 00:00:00','l',1,NULL),(1383,'202122',3,'2021-02-20 00:00:00','l',1,NULL),(1384,'202122',16,'2021-02-20 00:00:00','w',1,NULL),(1387,'202122',17,'2021-02-20 00:00:00','d',1,NULL),(1388,'202122',7,'2021-02-20 00:00:00','d',1,NULL),(1399,'202123',27,'2021-02-27 00:00:00','l',1,NULL),(1400,'202123',5,'2021-02-27 00:00:00','w',1,NULL),(1403,'202123',4,'2021-02-27 00:00:00','w',1,NULL),(1404,'202123',21,'2021-02-27 00:00:00','l',1,NULL),(1405,'202123',18,'2021-02-27 00:00:00','d',1,NULL),(1406,'202123',8,'2021-02-27 00:00:00','d',1,NULL),(1411,'202123',26,'2021-02-27 00:00:00','w',1,NULL),(1412,'202123',19,'2021-02-27 00:00:00','l',1,NULL),(1413,'202124',5,'2021-03-06 00:00:00','d',1,NULL),(1414,'202124',8,'2021-03-06 00:00:00','d',1,NULL),(1415,'202124',19,'2021-03-06 00:00:00','l',1,NULL),(1416,'202124',6,'2021-03-06 00:00:00','w',1,NULL),(1417,'202124',20,'2021-03-06 00:00:00','d',1,NULL),(1418,'202124',1,'2021-03-06 00:00:00','d',1,NULL),(1425,'202124',9,'2021-03-06 00:00:00','l',1,NULL),(1426,'202124',17,'2021-03-06 00:00:00','w',1,NULL),(1435,'202125',14,'2021-03-13 00:00:00','w',1,NULL),(1436,'202125',26,'2021-03-13 00:00:00','l',1,NULL),(1439,'202125',25,'2021-03-13 00:00:00','l',1,NULL),(1440,'202125',4,'2021-03-13 00:00:00','w',1,NULL),(1441,'202125',27,'2021-03-13 00:00:00','d',1,NULL),(1442,'202125',7,'2021-03-13 00:00:00','d',1,NULL),(1654,'202109',20,'2020-11-23 00:00:00','w',1,NULL),(1655,'202109',14,'2020-11-23 00:00:00','l',1,NULL),(1656,'202109',8,'2020-11-23 00:00:00','d',1,NULL),(1657,'202109',17,'2020-11-23 00:00:00','d',1,NULL),(1658,'202110',14,'2020-11-27 00:00:00','l',1,NULL),(1659,'202110',18,'2020-11-27 00:00:00','w',1,NULL),(1660,'202110',1,'2020-11-29 00:00:00','l',1,NULL),(1661,'202110',8,'2020-11-29 00:00:00','w',1,NULL),(1662,'202110',6,'2020-11-30 00:00:00','l',1,NULL),(1663,'202110',25,'2020-11-30 00:00:00','w',1,NULL),(1664,'202111',5,'2020-12-04 00:00:00','p',1,NULL),(1665,'202111',18,'2020-12-04 00:00:00','p',1,NULL),(1667,'202111',14,'2020-12-06 00:00:00','w',1,NULL),(1669,'202111',6,'2020-12-06 00:00:00','w',1,NULL),(1670,'202111',15,'2020-12-06 00:00:00','w',1,NULL),(1671,'202111',1,'2020-12-06 00:00:00','l',1,NULL),(1673,'202111',8,'2020-12-06 00:00:00','l',1,NULL),(1674,'202111',19,'2020-12-07 00:00:00','l',1,NULL),(1676,'202112',27,'2020-12-11 00:00:00','l',1,NULL),(1677,'202112',21,'2020-12-11 00:00:00','w',1,NULL),(1678,'202112',17,'2020-12-13 00:00:00','w',1,NULL),(1679,'202112',9,'2020-12-13 00:00:00','l',1,NULL),(1680,'202112',14,'2020-12-13 00:00:00','d',1,NULL),(1681,'202112',15,'2020-12-13 00:00:00','d',1,NULL),(1682,'202112',25,'2020-12-13 00:00:00','d',1,NULL),(1683,'202112',3,'2020-12-13 00:00:00','d',1,NULL),(1684,'202112',1,'2020-12-13 00:00:00','l',1,NULL),(1685,'202112',20,'2020-12-13 00:00:00','w',1,NULL),(1686,'202112',6,'2020-12-13 00:00:00','w',1,NULL),(1687,'202112',19,'2020-12-13 00:00:00','l',1,NULL),(1688,'202112',4,'2020-12-15 00:00:00','d',1,NULL),(1689,'202112',26,'2020-12-15 00:00:00','d',1,NULL),(1690,'202112',1,'2020-12-16 00:00:00','d',1,NULL),(1691,'202112',17,'2020-12-16 00:00:00','d',1,NULL),(1692,'202112',27,'2020-12-16 00:00:00','w',1,NULL),(1693,'202112',18,'2020-12-16 00:00:00','l',1,NULL),(1694,'202112',6,'2020-12-16 00:00:00','l',1,NULL),(1695,'202112',16,'2020-12-16 00:00:00','w',1,NULL),(1696,'202112',25,'2020-12-16 00:00:00','d',1,NULL),(1697,'202112',19,'2020-12-16 00:00:00','d',1,NULL),(1698,'202112',21,'2020-12-16 00:00:00','d',1,NULL),(1699,'202112',14,'2020-12-16 00:00:00','d',1,NULL),(1700,'202112',5,'2020-12-17 00:00:00','d',1,NULL),(1701,'202112',20,'2020-12-17 00:00:00','d',1,NULL),(1702,'202112',9,'2020-12-17 00:00:00','l',1,NULL),(1703,'202112',2,'2020-12-17 00:00:00','w',1,NULL),(1704,'202113',19,'2020-12-20 00:00:00','d',1,NULL),(1705,'202113',9,'2020-12-20 00:00:00','d',1,NULL),(1706,'202113',15,'2020-12-20 00:00:00','l',1,NULL),(1707,'202113',6,'2020-12-20 00:00:00','w',1,NULL),(1708,'202113',2,'2020-12-20 00:00:00','w',1,NULL),(1709,'202113',27,'2020-12-20 00:00:00','l',1,NULL),(1710,'202113',26,'2020-12-20 00:00:00','l',1,NULL),(1711,'202113',5,'2020-12-20 00:00:00','w',1,NULL),(1712,'202113',20,'2020-12-21 00:00:00','w',1,NULL),(1713,'202113',8,'2020-12-21 00:00:00','l',1,NULL),(1714,'202113',7,'2020-12-21 00:00:00','w',1,NULL),(1715,'202113',21,'2020-12-21 00:00:00','l',1,NULL),(1716,'202114',27,'2020-12-27 00:00:00','w',1,NULL),(1717,'202114',20,'2020-12-27 00:00:00','l',1,NULL),(1718,'202114',21,'2020-12-27 00:00:00','d',1,NULL),(1719,'202114',19,'2020-12-27 00:00:00','d',1,NULL),(1720,'202114',3,'2020-12-27 00:00:00','d',1,NULL),(1721,'202114',26,'2020-12-27 00:00:00','d',1,NULL),(1722,'202114',8,'2020-12-27 00:00:00','d',1,NULL),(1723,'202114',15,'2020-12-27 00:00:00','d',1,NULL),(1724,'202114',19,'2020-12-29 00:00:00','l',1,NULL),(1725,'202114',1,'2020-12-29 00:00:00','w',1,NULL),(1726,'202114',20,'2020-12-29 00:00:00','w',1,NULL),(1727,'202114',9,'2020-12-29 00:00:00','l',1,NULL),(1728,'202114',17,'2020-12-29 00:00:00','d',1,NULL),(1729,'202114',21,'2020-12-29 00:00:00','d',1,NULL),(1730,'202114',26,'2020-12-29 00:00:00','l',1,NULL),(1731,'202114',27,'2020-12-29 00:00:00','w',1,NULL),(1732,'202114',2,'2020-12-29 00:00:00','w',1,NULL),(1733,'202114',8,'2020-12-29 00:00:00','l',1,NULL),(1734,'202114',15,'2020-12-30 00:00:00','p',1,NULL),(1735,'202114',25,'2020-12-30 00:00:00','p',1,NULL),(1736,'202114',18,'2020-12-30 00:00:00','d',1,NULL),(1737,'202114',3,'2020-12-30 00:00:00','d',1,NULL),(1740,'202119',18,'2021-02-02 00:00:00','l',1,NULL),(1741,'202119',14,'2021-02-02 00:00:00','w',1,NULL),(1744,'202115',16,'2021-01-01 00:00:00','l',1,NULL),(1745,'202115',21,'2021-01-01 00:00:00','w',1,NULL),(1746,'202115',2,'2021-01-01 00:00:00','w',1,NULL),(1747,'202115',5,'2021-01-01 00:00:00','l',1,NULL),(1748,'202115',20,'2021-01-03 00:00:00','p',1,NULL),(1749,'202115',25,'2021-01-03 00:00:00','p',1,NULL),(1750,'202115',18,'2021-01-03 00:00:00','l',1,NULL),(1751,'202115',6,'2021-01-03 00:00:00','w',1,NULL),(1752,'202115',7,'2021-01-03 00:00:00','l',1,NULL),(1753,'202115',4,'2021-01-03 00:00:00','w',1,NULL),(1754,'202115',17,'2021-01-04 00:00:00','w',1,NULL),(1755,'202115',3,'2021-01-04 00:00:00','l',1,NULL),(1756,'202116',5,'2021-01-13 00:00:00','p',1,NULL),(1757,'202116',15,'2021-01-13 00:00:00','d',1,NULL),(1758,'202116',1,'2021-01-14 00:00:00','d',1,NULL),(1759,'202116',14,'2021-01-14 00:00:00','d',1,NULL),(1762,'202117',9,'2021-01-17 00:00:00','l',1,NULL),(1763,'202117',15,'2021-01-17 00:00:00','w',1,NULL),(1764,'202117',3,'2021-01-17 00:00:00','d',1,NULL),(1765,'202117',2,'2021-01-17 00:00:00','d',1,NULL),(1766,'202117',4,'2021-01-17 00:00:00','w',1,NULL),(1767,'202117',14,'2021-01-17 00:00:00','l',1,NULL),(1768,'202117',1,'2021-01-18 00:00:00','w',1,NULL),(1769,'202117',18,'2021-01-18 00:00:00','l',1,NULL),(1770,'202117',21,'2021-01-19 00:00:00','w',1,NULL),(1771,'202117',26,'2021-01-19 00:00:00','l',1,NULL),(1772,'202117',6,'2021-01-19 00:00:00','w',1,NULL),(1773,'202117',7,'2021-01-19 00:00:00','l',1,NULL),(1774,'202117',27,'2021-01-20 00:00:00','p',1,NULL),(1775,'202117',17,'2021-01-20 00:00:00','p',1,NULL),(1776,'202117',25,'2021-01-20 00:00:00','l',1,NULL),(1777,'202117',2,'2021-01-20 00:00:00','w',1,NULL),(1778,'202117',3,'2021-01-21 00:00:00','l',1,NULL),(1779,'202117',20,'2021-01-21 00:00:00','w',1,NULL),(1780,'202118',18,'2021-01-26 00:00:00','l',1,NULL),(1781,'202118',27,'2021-01-26 00:00:00','w',1,NULL),(1782,'202118',17,'2021-01-26 00:00:00','l',1,NULL),(1783,'202118',1,'2021-01-26 00:00:00','w',1,NULL),(1784,'202118',20,'2021-01-27 00:00:00','w',1,NULL),(1785,'202118',5,'2021-01-27 00:00:00','l',1,NULL),(1788,'202118',16,'2021-01-27 00:00:00','d',1,NULL),(1789,'202118',6,'2021-01-27 00:00:00','d',1,NULL),(1790,'202118',2,'2021-01-27 00:00:00','l',1,NULL),(1791,'202118',9,'2021-01-27 00:00:00','w',1,NULL),(1792,'202118',15,'2021-01-28 00:00:00','l',1,NULL),(1793,'202118',3,'2021-01-28 00:00:00','w',1,NULL),(1794,'202119',19,'2021-01-31 00:00:00','w',1,NULL),(1795,'202119',15,'2021-01-31 00:00:00','l',1,NULL),(1796,'202119',6,'2021-01-31 00:00:00','l',1,NULL),(1797,'202119',27,'2021-01-31 00:00:00','w',1,NULL),(1798,'202119',21,'2021-01-31 00:00:00','l',1,NULL),(1799,'202119',3,'2021-01-31 00:00:00','w',1,NULL),(1800,'202116',20,'2021-01-12 00:00:00','l',1,NULL),(1801,'202116',2,'2021-01-12 00:00:00','w',1,NULL),(1802,'202117',4,'2021-01-20 00:00:00','w',1,NULL),(1803,'202117',5,'2021-01-20 00:00:00','l',1,NULL),(1804,'202116',25,'2021-01-13 00:00:00','d',1,NULL),(1805,'202117',25,'2021-01-16 00:00:00','l',1,NULL),(1806,'202117',7,'2021-01-16 00:00:00','w',1,NULL),(1807,'202117',5,'2021-01-17 00:00:00','p',1,NULL),(1808,'202117',16,'2021-01-17 00:00:00','p',1,NULL),(1809,'202118',5,'2021-01-23 00:00:00','w',1,NULL),(1810,'202118',18,'2021-01-23 00:00:00','l',1,NULL),(1811,'202118',14,'2021-01-26 00:00:00','l',1,NULL),(1812,'202118',21,'2021-01-26 00:00:00','w',1,NULL),(1813,'202118',19,'2021-01-27 00:00:00','d',1,NULL),(1814,'202118',25,'2021-01-27 00:00:00','d',1,NULL),(1815,'202119',7,'2021-01-31 00:00:00','w',1,NULL),(1816,'202119',20,'2021-01-31 00:00:00','l',1,NULL),(1817,'202119',20,'2021-02-03 00:00:00','l',1,NULL),(1818,'202119',4,'2021-02-03 00:00:00','w',1,NULL),(1819,'202119',25,'2021-02-03 00:00:00','l',1,NULL),(1820,'202119',6,'2021-02-03 00:00:00','w',1,NULL),(1821,'202119',27,'2021-02-03 00:00:00','l',1,NULL),(1822,'202119',16,'2021-02-03 00:00:00','w',1,NULL),(1823,'202119',5,'2021-02-03 00:00:00','l',1,NULL),(1824,'202119',21,'2021-02-03 00:00:00','w',1,NULL),(1825,'202119',15,'2021-02-04 00:00:00','l',1,NULL),(1826,'202119',7,'2021-02-04 00:00:00','w',1,NULL),(1827,'202120',8,'2021-02-07 00:00:00','d',1,NULL),(1828,'202120',6,'2021-02-07 00:00:00','d',1,NULL),(1829,'202120',3,'2021-02-07 00:00:00','l',1,NULL),(1830,'202120',4,'2021-02-07 00:00:00','w',1,NULL),(1833,'202123',16,'2021-03-01 00:00:00','w',1,NULL),(1834,'202123',17,'2021-03-01 00:00:00','l',1,NULL),(1835,'202121',1,'2021-02-14 00:00:00','w',1,NULL),(1836,'202121',27,'2021-02-14 00:00:00','l',1,NULL),(1837,'202121',7,'2021-02-15 00:00:00','w',1,NULL),(1838,'202121',18,'2021-02-15 00:00:00','l',1,NULL),(1839,'202122',5,'2021-02-21 00:00:00','l',1,NULL),(1840,'202122',6,'2021-02-21 00:00:00','w',1,NULL),(1841,'202122',1,'2021-02-21 00:00:00','l',1,NULL),(1842,'202122',4,'2021-02-21 00:00:00','w',1,NULL),(1843,'202122',2,'2021-02-21 00:00:00','w',1,NULL),(1844,'202122',18,'2021-02-21 00:00:00','l',1,NULL),(1845,'202122',19,'2021-02-22 00:00:00','l',1,NULL),(1846,'202122',14,'2021-02-22 00:00:00','w',1,NULL),(1847,'202123',15,'2021-02-28 00:00:00','w',1,NULL),(1848,'202123',20,'2021-02-28 00:00:00','l',1,NULL),(1849,'202123',7,'2021-02-28 00:00:00','d',1,NULL),(1850,'202123',2,'2021-02-28 00:00:00','d',1,NULL),(1851,'202120',2,'2021-02-06 00:00:00','d',1,NULL),(1852,'202120',16,'2021-02-06 00:00:00','d',1,NULL),(1853,'202120',15,'2021-02-07 00:00:00','w',1,NULL),(1854,'202120',26,'2021-02-07 00:00:00','l',1,NULL),(1855,'202120',9,'2021-02-07 00:00:00','l',1,NULL),(1856,'202120',7,'2021-02-07 00:00:00','w',1,NULL),(1857,'202120',27,'2021-02-08 00:00:00','w',1,NULL),(1858,'202120',14,'2021-02-08 00:00:00','l',1,NULL),(1859,'202121',17,'2021-02-14 00:00:00','l',1,NULL),(1860,'202121',8,'2021-02-14 00:00:00','w',1,NULL),(1861,'202121',26,'2021-02-14 00:00:00','d',1,NULL),(1862,'202121',2,'2021-02-14 00:00:00','d',1,NULL),(1863,'202121',16,'2021-02-14 00:00:00','l',1,NULL),(1864,'202121',25,'2021-02-14 00:00:00','w',1,NULL),(1865,'202121',21,'2021-02-15 00:00:00','w',1,NULL),(1866,'202121',9,'2021-02-15 00:00:00','l',1,NULL),(1867,'202122',8,'2021-02-19 00:00:00','w',1,NULL),(1868,'202122',27,'2021-02-19 00:00:00','l',1,NULL),(1869,'202122',21,'2021-02-21 00:00:00','w',1,NULL),(1870,'202122',15,'2021-02-21 00:00:00','l',1,NULL),(1871,'202123',14,'2021-02-28 00:00:00','d',1,NULL),(1872,'202123',25,'2021-02-28 00:00:00','d',1,NULL),(1873,'202123',6,'2021-02-28 00:00:00','l',1,NULL),(1874,'202123',1,'2021-02-28 00:00:00','w',1,NULL),(1875,'202123',9,'2021-02-28 00:00:00','l',1,NULL),(1876,'202123',3,'2021-02-28 00:00:00','w',1,NULL),(1877,'202121',20,'2021-02-17 00:00:00','d',1,NULL),(1878,'202121',25,'2021-02-17 00:00:00','d',1,NULL),(1879,'202121',16,'2021-02-17 00:00:00','l',1,NULL),(1880,'202121',4,'2021-02-17 00:00:00','w',1,NULL),(1881,'202122',27,'2021-02-23 00:00:00','w',1,NULL),(1882,'202122',17,'2021-02-23 00:00:00','l',1,NULL),(1883,'202123',4,'2021-03-02 00:00:00','w',1,NULL),(1884,'202123',8,'2021-03-02 00:00:00','l',1,NULL),(1885,'202123',20,'2021-03-03 00:00:00','d',1,NULL),(1886,'202123',6,'2021-03-03 00:00:00','d',1,NULL),(1887,'202123',9,'2021-03-03 00:00:00','w',1,NULL),(1888,'202123',5,'2021-03-03 00:00:00','l',1,NULL),(1889,'202123',14,'2021-03-03 00:00:00','d',1,NULL),(1890,'202123',2,'2021-03-03 00:00:00','d',1,NULL),(1891,'202123',26,'2021-03-04 00:00:00','l',1,NULL),(1892,'202123',16,'2021-03-04 00:00:00','w',1,NULL),(1893,'202123',25,'2021-03-04 00:00:00','l',1,NULL),(1894,'202123',15,'2021-03-04 00:00:00','w',1,NULL),(1895,'202123',3,'2021-03-04 00:00:00','l',1,NULL),(1896,'202123',7,'2021-03-04 00:00:00','w',1,NULL),(1897,'202124',26,'2021-03-07 00:00:00','d',1,NULL),(1898,'202124',18,'2021-03-07 00:00:00','d',1,NULL),(1899,'202124',3,'2021-03-07 00:00:00','l',1,NULL),(1900,'202124',25,'2021-03-07 00:00:00','w',1,NULL),(1901,'202124',4,'2021-03-10 00:00:00','w',1,NULL),(1902,'202124',2,'2021-03-07 00:00:00','w',1,NULL),(1903,'202124',15,'2021-03-07 00:00:00','w',1,NULL),(1904,'202124',14,'2021-03-07 00:00:00','l',1,NULL),(1905,'202124',7,'2021-03-08 00:00:00','w',1,NULL),(1906,'202124',16,'2021-03-08 00:00:00','l',1,NULL),(1907,'202124',21,'2021-03-08 00:00:00','w',1,NULL),(1908,'202124',27,'2021-03-08 00:00:00','l',1,NULL),(1909,'202124',4,'2021-03-07 00:00:00','l',1,NULL),(1913,'202125',1,'2021-03-14 00:00:00','w',1,NULL),(1914,'202125',15,'2021-03-14 00:00:00','l',1,NULL),(1923,'202125',18,'2021-03-12 00:00:00','d',1,NULL),(1924,'202125',5,'2021-03-12 00:00:00','d',1,NULL),(1925,'202125',16,'2021-03-13 00:00:00','l',1,NULL),(1926,'202125',20,'2021-03-13 00:00:00','w',1,NULL),(1927,'202125',17,'2021-03-14 00:00:00','l',1,NULL),(1928,'202125',19,'2021-03-14 00:00:00','w',1,NULL),(1929,'202125',6,'2021-03-14 00:00:00','w',1,NULL),(1930,'202125',9,'2021-03-14 00:00:00','l',1,NULL),(1931,'202125',2,'2021-03-14 00:00:00','w',1,NULL),(1932,'202125',21,'2021-03-14 00:00:00','l',1,NULL),(1933,'202124',17,'2021-03-10 00:00:00','l',1,NULL),(1938,'202126',15,'2021-03-20 00:00:00','p',1,17),(1939,'202126',17,'2021-03-20 00:00:00','p',1,15),(1940,'202126',19,'2021-03-20 00:00:00','w',1,18),(1941,'202126',18,'2021-03-20 00:00:00','l',1,19),(1944,'202126',5,'2021-03-21 00:00:00','l',1,15),(1945,'202126',15,'2021-03-21 00:00:00','w',1,5),(1950,'202128',7,'2021-04-03 00:00:00','l',1,26),(1951,'202128',26,'2021-04-03 00:00:00','w',1,7),(1954,'202128',27,'2021-04-03 00:00:00','w',1,9),(1955,'202128',9,'2021-04-03 00:00:00','l',1,27),(1956,'202128',6,'2021-04-03 00:00:00','l',1,4),(1957,'202128',4,'2021-04-03 00:00:00','w',1,6),(1970,'202129',14,'2021-04-10 00:00:00','l',1,7),(1971,'202129',7,'2021-04-10 00:00:00','w',1,14),(1974,'202129',3,'2021-04-10 00:00:00','w',1,5),(1975,'202129',5,'2021-04-10 00:00:00','l',1,3),(1976,'202129',4,'2021-04-10 00:00:00','l',1,27),(1977,'202129',27,'2021-04-10 00:00:00','w',1,4),(2000,'202130',18,'2021-04-17 00:00:00','w',1,21),(2001,'202130',21,'2021-04-17 00:00:00','l',1,18),(2002,'202130',17,'2021-04-17 00:00:00','p',1,14),(2003,'202130',14,'2021-04-17 00:00:00','p',1,17),(2004,'202130',8,'2021-04-17 00:00:00','w',1,9),(2005,'202130',9,'2021-04-17 00:00:00','l',1,8),(2014,'202131',3,'2021-04-24 00:00:00','d',1,18),(2015,'202131',18,'2021-04-24 00:00:00','d',1,3),(2016,'202131',9,'2021-04-24 00:00:00','w',1,19),(2017,'202131',19,'2021-04-24 00:00:00','l',1,9),(2018,'202131',21,'2021-04-24 00:00:00','l',1,7),(2019,'202131',7,'2021-04-24 00:00:00','w',1,21),(2022,'202132',19,'2021-05-01 00:00:00','w',1,27),(2023,'202132',27,'2021-05-01 00:00:00','l',1,19),(2026,'202132',7,'2021-05-01 00:00:00','w',1,25),(2027,'202132',25,'2021-05-01 00:00:00','l',1,7),(2028,'202132',14,'2021-05-01 00:00:00','l',1,4),(2029,'202132',4,'2021-05-01 00:00:00','w',1,14),(2030,'202132',16,'2021-05-01 00:00:00','l',1,5),(2031,'202132',5,'2021-05-01 00:00:00','w',1,16),(2048,'202133',27,'2021-05-08 00:00:00','w',1,15),(2049,'202133',15,'2021-05-08 00:00:00','l',1,27),(2052,'202133',3,'2021-05-08 00:00:00','w',1,17),(2053,'202133',17,'2021-05-08 00:00:00','l',1,3),(2054,'202133',4,'2021-05-08 00:00:00','l',1,7),(2055,'202133',7,'2021-05-08 00:00:00','w',1,4),(2056,'202133',9,'2021-05-08 00:00:00','l',1,14),(2057,'202133',14,'2021-05-08 00:00:00','w',1,9),(2072,'202133',14,'2021-05-11 00:00:00','l',1,5),(2074,'202133',7,'2021-05-12 00:00:00','l',1,1),(2075,'202133',1,'2021-05-12 00:00:00','w',1,7),(2084,'202134',20,'2021-05-15 00:00:00','l',1,3),(2093,'202134',25,'2021-05-15 00:00:00','l',1,2),(2096,'202134',17,'2021-05-15 00:00:00','w',1,27),(2101,'202134',21,'2021-05-15 00:00:00','d',1,26),(2121,'202135',2,'2021-05-23 00:00:00','w',1,8),(2123,'202126',25,'2021-03-19 00:00:00','l',1,27),(2124,'202126',27,'2021-03-19 00:00:00','w',1,25),(2125,'202126',21,'2021-03-21 00:00:00','d',1,1),(2126,'202126',1,'2021-03-21 00:00:00','d',1,21),(2127,'202125',8,'2021-03-15 00:00:00','l',1,3),(2128,'202125',3,'2021-03-15 00:00:00','w',1,8),(2129,'202128',17,'2021-04-04 00:00:00','w',1,20),(2130,'202128',20,'2021-04-04 00:00:00','l',1,17),(2131,'202128',18,'2021-04-04 00:00:00','d',1,15),(2132,'202128',15,'2021-04-04 00:00:00','d',1,18),(2135,'202128',2,'2021-04-04 00:00:00','w',1,19),(2136,'202128',19,'2021-04-04 00:00:00','l',1,2),(2137,'202128',16,'2021-04-05 00:00:00','d',1,14),(2138,'202128',14,'2021-04-05 00:00:00','d',1,16),(2139,'202128',8,'2021-04-05 00:00:00','l',1,21),(2140,'202128',21,'2021-04-05 00:00:00','w',1,8),(2141,'202129',25,'2021-04-09 00:00:00','l',1,8),(2142,'202129',8,'2021-04-09 00:00:00','w',1,25),(2143,'202129',20,'2021-04-11 00:00:00','l',1,18),(2144,'202129',18,'2021-04-11 00:00:00','w',1,20),(2145,'202129',21,'2021-04-11 00:00:00','w',1,6),(2146,'202129',6,'2021-04-11 00:00:00','l',1,21),(2147,'202129',15,'2021-04-11 00:00:00','l',1,2),(2148,'202129',2,'2021-04-11 00:00:00','w',1,15),(2149,'202129',9,'2021-04-11 00:00:00','l',1,1),(2150,'202129',1,'2021-04-11 00:00:00','w',1,9),(2151,'202129',26,'2021-04-12 00:00:00','w',1,17),(2152,'202129',17,'2021-04-12 00:00:00','l',1,26),(2153,'202129',19,'2021-04-12 00:00:00','d',1,16),(2154,'202129',16,'2021-04-12 00:00:00','d',1,19),(2155,'202128',1,'2021-04-03 00:00:00','l',1,3),(2156,'202128',3,'2021-04-03 00:00:00','w',1,1),(2157,'202128',5,'2021-04-04 00:00:00','w',1,25),(2158,'202128',25,'2021-04-04 00:00:00','l',1,5),(2159,'202130',16,'2021-04-16 00:00:00','d',1,15),(2160,'202130',15,'2021-04-16 00:00:00','d',1,16),(2161,'202130',1,'2021-04-18 00:00:00','d',1,25),(2162,'202130',25,'2021-04-18 00:00:00','d',1,1),(2163,'202130',2,'2021-04-18 00:00:00','w',1,20),(2164,'202130',20,'2021-04-18 00:00:00','l',1,2),(2165,'202130',27,'2021-04-19 00:00:00','d',1,3),(2166,'202130',3,'2021-04-19 00:00:00','d',1,27),(2167,'202130',7,'2021-04-20 00:00:00','d',1,19),(2168,'202130',19,'2021-04-20 00:00:00','d',1,7),(2169,'202130',15,'2021-04-21 00:00:00','w',1,17),(2170,'202130',17,'2021-04-21 00:00:00','l',1,15),(2171,'202130',5,'2021-04-21 00:00:00','l',1,4),(2172,'202130',4,'2021-04-21 00:00:00','w',1,5),(2173,'202130',6,'2021-04-22 00:00:00','w',1,26),(2174,'202130',26,'2021-04-22 00:00:00','l',1,6),(2175,'202131',1,'2021-04-23 00:00:00','l',1,16),(2176,'202131',16,'2021-04-23 00:00:00','w',1,1),(2177,'202131',8,'2021-04-25 00:00:00','l',1,20),(2178,'202131',20,'2021-04-25 00:00:00','w',1,8),(2179,'202131',27,'2021-04-25 00:00:00','d',1,2),(2180,'202131',2,'2021-04-25 00:00:00','d',1,27),(2181,'202131',5,'2021-04-25 00:00:00','d',1,26),(2182,'202131',26,'2021-04-25 00:00:00','d',1,5),(2183,'202131',6,'2021-04-26 00:00:00','w',1,14),(2184,'202131',14,'2021-04-26 00:00:00','l',1,6),(2185,'202132',17,'2021-04-30 00:00:00','d',1,6),(2186,'202132',6,'2021-04-30 00:00:00','d',1,17),(2187,'202132',18,'2021-05-02 00:00:00','l',1,1),(2188,'202132',1,'2021-05-02 00:00:00','w',1,18),(2189,'202132',2,'2021-05-02 00:00:00','p',1,3),(2190,'202132',3,'2021-05-02 00:00:00','p',1,2),(2191,'202132',15,'2021-05-02 00:00:00','w',1,9),(2192,'202132',9,'2021-05-02 00:00:00','l',1,15),(2193,'202132',26,'2021-05-03 00:00:00','d',1,8),(2194,'202132',8,'2021-05-03 00:00:00','d',1,26),(2195,'202132',20,'2021-05-03 00:00:00','l',1,21),(2196,'202132',21,'2021-05-03 00:00:00','w',1,20),(2197,'202133',6,'2021-05-07 00:00:00','l',1,18),(2198,'202133',18,'2021-05-07 00:00:00','w',1,6),(2199,'202133',8,'2021-05-09 00:00:00','w',1,19),(2200,'202133',19,'2021-05-09 00:00:00','l',1,8),(2201,'202133',5,'2021-05-09 00:00:00','l',1,2),(2202,'202133',2,'2021-05-09 00:00:00','w',1,5),(2203,'202133',21,'2021-05-09 00:00:00','l',1,16),(2204,'202133',16,'2021-05-09 00:00:00','w',1,21),(2205,'202133',1,'2021-05-09 00:00:00','w',1,26),(2206,'202133',26,'2021-05-09 00:00:00','l',1,1),(2207,'202133',25,'2021-05-10 00:00:00','l',1,20),(2208,'202133',20,'2021-05-10 00:00:00','w',1,25),(2209,'202133',17,'2021-05-11 00:00:00','w',1,14),(2212,'202133',5,'2021-05-13 00:00:00','d',1,16),(2213,'202133',16,'2021-05-13 00:00:00','d',1,5),(2215,'202134',4,'2021-05-14 00:00:00','w',1,18),(2216,'202134',14,'2021-05-16 00:00:00','w',1,5),(2217,'202134',5,'2021-05-16 00:00:00','l',1,14),(2220,'202134',26,'2021-05-16 00:00:00','l',1,3),(2221,'202134',3,'2021-05-16 00:00:00','w',1,26),(2222,'202134',16,'2021-05-16 00:00:00','l',1,9),(2223,'202134',9,'2021-05-16 00:00:00','w',1,16),(2224,'202134',16,'2021-05-19 00:00:00','w',1,8),(2227,'202134',9,'2021-05-19 00:00:00','l',1,18),(2228,'202134',20,'2021-05-19 00:00:00','l',1,3),(2229,'202134',3,'2021-05-19 00:00:00','w',1,20),(2230,'202134',14,'2021-05-19 00:00:00','l',1,1),(2231,'202134',1,'2021-05-19 00:00:00','w',1,14),(2237,'202134',5,'2021-05-19 00:00:00','w',1,15),(2238,'202134',26,'2021-05-19 00:00:00','l',1,21),(2239,'202134',21,'2021-05-19 00:00:00','w',1,26),(2244,'202133',2,'2021-05-11 00:00:00','l',1,6),(2246,'202133',2,'2021-05-13 00:00:00','l',1,3),(2247,'202133',3,'2021-05-13 00:00:00','w',1,2),(2248,'202134',2,'2021-05-18 00:00:00','d',1,25),(2249,'202134',25,'2021-05-18 00:00:00','d',1,2),(2250,'202134',17,'2021-05-18 00:00:00','l',1,27),(2253,'202134',4,'2021-05-18 00:00:00','l',1,19),(2254,'202134',7,'2021-05-18 00:00:00','w',1,6),(2256,'202134',18,'2021-05-14 00:00:00','l',1,4),(2257,'202134',19,'2021-05-15 00:00:00','d',1,21),(2258,'202134',15,'2021-05-16 00:00:00','w',1,8),(2259,'202134',8,'2021-05-16 00:00:00','l',1,15),(2260,'202134',19,'2021-05-18 00:00:00','w',1,4),(2261,'202134',6,'2021-05-18 00:00:00','l',1,7),(2262,'202134',15,'2021-05-19 00:00:00','l',1,5),(2263,'202134',18,'2021-05-19 00:00:00','w',1,9),(2264,'202134',8,'2021-05-19 00:00:00','l',1,16),(2265,'202135',8,'2021-05-23 00:00:00','l',1,2),(2270,'202134',27,'2021-05-15 00:00:00','w',1,20),(2271,'202134',27,'2021-05-18 00:00:00','w',1,17),(2273,'202140',29,'2021-06-11 00:00:00','l',0,NULL),(2274,'202140',30,'2021-06-11 00:00:00','w',0,NULL),(2275,'202140',31,'2021-06-12 00:00:00','d',0,NULL),(2276,'202140',32,'2021-06-12 00:00:00','d',0,NULL),(2277,'202140',33,'2021-06-12 00:00:00','l',0,NULL),(2278,'202140',34,'2021-06-12 00:00:00','w',0,NULL),(2279,'202140',35,'2021-06-12 00:00:00','w',0,NULL),(2280,'202140',36,'2021-06-12 00:00:00','l',0,NULL),(2281,'202140',37,'2021-06-13 00:00:00','w',0,NULL),(2282,'202140',38,'2021-06-13 00:00:00','l',0,NULL),(2283,'202140',39,'2021-06-13 00:00:00','w',0,NULL),(2284,'202140',40,'2021-06-13 00:00:00','l',0,NULL),(2285,'202140',41,'2021-06-13 00:00:00','w',0,NULL),(2286,'202140',42,'2021-06-13 00:00:00','l',0,NULL),(2287,'202140',43,'2021-06-14 00:00:00','l',0,NULL),(2288,'202140',44,'2021-06-14 00:00:00','w',0,NULL),(2289,'202140',45,'2021-06-14 00:00:00','l',0,NULL),(2290,'202140',46,'2021-06-14 00:00:00','w',0,NULL),(2291,'202140',47,'2021-06-14 00:00:00','d',0,NULL),(2292,'202140',48,'2021-06-14 00:00:00','d',0,NULL),(2293,'202140',49,'2021-06-15 00:00:00','l',0,NULL),(2294,'202140',50,'2021-06-15 00:00:00','w',0,NULL),(2295,'202140',51,'2021-06-15 00:00:00','w',0,NULL),(2296,'202140',52,'2021-06-15 00:00:00','l',0,NULL),(2297,'202141',29,'2021-06-16 00:00:00','l',0,NULL),(2298,'202141',30,'2021-06-16 00:00:00','w',0,NULL),(2299,'202141',31,'2021-06-16 00:00:00','w',0,NULL),(2300,'202141',32,'2021-06-16 00:00:00','l',0,NULL),(2301,'202141',33,'2021-06-17 00:00:00','l',0,NULL),(2302,'202141',34,'2021-06-16 00:00:00','l',0,NULL),(2303,'202141',35,'2021-06-17 00:00:00','w',0,NULL),(2304,'202141',36,'2021-06-16 00:00:00','w',0,NULL),(2305,'202141',37,'2021-06-18 00:00:00','d',0,NULL),(2306,'202141',38,'2021-06-18 00:00:00','d',0,NULL),(2307,'202141',39,'2021-06-17 00:00:00','l',0,NULL),(2308,'202141',40,'2021-06-17 00:00:00','l',0,NULL),(2309,'202141',41,'2021-06-17 00:00:00','w',0,NULL),(2310,'202141',42,'2021-06-17 00:00:00','w',0,NULL),(2311,'202141',43,'2021-06-18 00:00:00','d',0,NULL),(2312,'202141',44,'2021-06-18 00:00:00','d',0,NULL),(2313,'202141',45,'2021-06-19 00:00:00','d',0,NULL),(2314,'202141',46,'2021-06-18 00:00:00','l',0,NULL),(2315,'202141',47,'2021-06-19 00:00:00','d',0,NULL),(2316,'202141',48,'2021-06-18 00:00:00','w',0,NULL),(2317,'202141',49,'2021-06-19 00:00:00','d',0,NULL),(2318,'202141',50,'2021-06-19 00:00:00','l',0,NULL),(2319,'202141',51,'2021-06-19 00:00:00','d',0,NULL),(2320,'202141',52,'2021-06-19 00:00:00','w',0,NULL),(2321,'202142',29,'2021-06-20 00:00:00','l',0,NULL),(2322,'202142',30,'2021-06-20 00:00:00','w',0,NULL),(2323,'202142',31,'2021-06-20 00:00:00','l',0,NULL),(2324,'202142',32,'2021-06-20 00:00:00','w',0,NULL),(2325,'202142',33,'2021-06-21 00:00:00','w',0,NULL),(2326,'202142',34,'2021-06-21 00:00:00','l',0,NULL),(2327,'202142',35,'2021-06-21 00:00:00','w',0,NULL),(2328,'202142',36,'2021-06-21 00:00:00','l',0,NULL),(2329,'202142',37,'2021-06-22 00:00:00','w',0,NULL),(2330,'202142',38,'2021-06-22 00:00:00','w',0,NULL),(2331,'202142',39,'2021-06-21 00:00:00','w',0,NULL),(2332,'202142',40,'2021-06-21 00:00:00','l',0,NULL),(2333,'202142',41,'2021-06-21 00:00:00','w',0,NULL),(2334,'202142',42,'2021-06-21 00:00:00','l',0,NULL),(2335,'202142',43,'2021-06-22 00:00:00','l',0,NULL),(2336,'202142',44,'2021-06-22 00:00:00','l',0,NULL),(2337,'202142',45,'2021-06-23 00:00:00','l',0,NULL),(2338,'202142',46,'2021-06-23 00:00:00','l',0,NULL),(2339,'202142',47,'2021-06-23 00:00:00','w',0,NULL),(2340,'202142',48,'2021-06-23 00:00:00','w',0,NULL),(2341,'202142',49,'2021-06-23 00:00:00','d',0,NULL),(2342,'202142',50,'2021-06-23 00:00:00','d',0,NULL),(2343,'202142',51,'2021-06-23 00:00:00','d',0,NULL),(2344,'202142',52,'2021-06-23 00:00:00','d',0,NULL),(2345,'202143',31,'2021-06-26 00:00:00','l',11,33),(2346,'202143',33,'2021-06-26 00:00:00','w',11,31),(2347,'202143',30,'2021-06-26 00:00:00','w',11,39),(2348,'202143',39,'2021-06-26 00:00:00','l',11,30),(2349,'202143',41,'2021-06-27 00:00:00','l',11,44),(2350,'202143',44,'2021-06-27 00:00:00','w',11,41),(2351,'202143',35,'2021-06-27 00:00:00','w',11,50),(2352,'202143',50,'2021-06-27 00:00:00','l',11,35),(2353,'202143',38,'2021-06-28 00:00:00','l',11,47),(2354,'202143',47,'2021-06-28 00:00:00','w',11,38),(2355,'202143',51,'2021-06-28 00:00:00','l',11,32),(2356,'202143',32,'2021-06-28 00:00:00','w',11,51),(2357,'202143',37,'2021-06-29 00:00:00','w',11,52),(2358,'202143',52,'2021-06-29 00:00:00','l',11,37),(2359,'202143',48,'2021-06-29 00:00:00','l',11,42),(2360,'202143',42,'2021-06-29 00:00:00','w',11,48),(2361,'202144',35,'2021-07-02 00:00:00','l',11,30),(2362,'202144',30,'2021-07-02 00:00:00','w',11,35),(2363,'202144',44,'2021-07-03 00:00:00','l',11,33),(2364,'202144',33,'2021-07-03 00:00:00','w',11,44),(2365,'202144',32,'2021-07-02 00:00:00','l',11,47),(2366,'202144',47,'2021-07-02 00:00:00','w',11,32),(2367,'202144',42,'2021-07-03 00:00:00','l',11,37),(2368,'202144',37,'2021-07-03 00:00:00','w',11,42),(2369,'202145',30,'2021-07-06 00:00:00','w',11,47),(2370,'202145',47,'2021-07-06 00:00:00','l',11,30),(2371,'202145',37,'2021-07-07 00:00:00','w',11,33),(2372,'202145',33,'2021-07-07 00:00:00','l',11,37),(2373,'202146',30,'2021-07-11 00:00:00','w',11,37),(2374,'202146',37,'2021-07-11 00:00:00','l',11,30),(3895,'212201',53,'2021-08-13 00:00:00','w',1,1),(3896,'212201',1,'2021-08-13 00:00:00','l',1,53),(3897,'212201',2,'2021-08-14 00:00:00','w',1,27),(3898,'212201',27,'2021-08-14 00:00:00','l',1,2),(3899,'212201',22,'2021-08-14 00:00:00','w',1,5),(3900,'212201',5,'2021-08-14 00:00:00','l',1,22),(3901,'212201',6,'2021-08-14 00:00:00','w',1,8),(3902,'212201',8,'2021-08-14 00:00:00','l',1,6),(3903,'212201',16,'2021-08-14 00:00:00','w',1,17),(3904,'212201',17,'2021-08-14 00:00:00','l',1,16),(3905,'212201',7,'2021-08-14 00:00:00','w',1,14),(3906,'212201',14,'2021-08-14 00:00:00','l',1,7),(3907,'212201',20,'2021-08-14 00:00:00','l',1,19),(3908,'212201',19,'2021-08-14 00:00:00','w',1,20),(3909,'212201',24,'2021-08-14 00:00:00','l',1,3),(3910,'212201',3,'2021-08-14 00:00:00','w',1,24),(3911,'212201',18,'2021-08-15 00:00:00','l',1,21),(3912,'212201',21,'2021-08-15 00:00:00','w',1,18),(3913,'212201',15,'2021-08-15 00:00:00','w',1,4),(3914,'212201',4,'2021-08-15 00:00:00','l',1,15),(3915,'212202',3,'2021-08-21 00:00:00','w',1,20),(3916,'212202',20,'2021-08-21 00:00:00','l',1,3),(3917,'212202',4,'2021-08-21 00:00:00','w',1,24),(3918,'212202',24,'2021-08-21 00:00:00','l',1,4),(3919,'212202',27,'2021-08-21 00:00:00','d',1,16),(3920,'212202',16,'2021-08-21 00:00:00','d',1,27),(3921,'212202',14,'2021-08-21 00:00:00','d',1,53),(3922,'212202',53,'2021-08-21 00:00:00','d',1,14),(3923,'212202',5,'2021-08-21 00:00:00','w',1,18),(3924,'212202',18,'2021-08-21 00:00:00','l',1,5),(3925,'212202',19,'2021-08-21 00:00:00','w',1,22),(3926,'212202',22,'2021-08-21 00:00:00','l',1,19),(3927,'212202',8,'2021-08-22 00:00:00','l',1,15),(3928,'212202',15,'2021-08-22 00:00:00','w',1,8),(3929,'212202',17,'2021-08-22 00:00:00','d',1,2),(3930,'212202',2,'2021-08-22 00:00:00','d',1,17),(3931,'212202',1,'2021-08-22 00:00:00','l',1,7),(3932,'212202',7,'2021-08-22 00:00:00','w',1,1),(3933,'212202',21,'2021-08-23 00:00:00','w',1,6),(3934,'212202',6,'2021-08-23 00:00:00','l',1,21),(3935,'212203',4,'2021-08-28 00:00:00','w',1,1),(3936,'212203',1,'2021-08-28 00:00:00','l',1,4),(3937,'212203',21,'2021-08-28 00:00:00','d',1,14),(3938,'212203',14,'2021-08-28 00:00:00','d',1,21),(3941,'212203',18,'2021-08-28 00:00:00','d',1,17),(3942,'212203',17,'2021-08-28 00:00:00','d',1,18),(3944,'212203',16,'2021-08-28 00:00:00','w',1,19),(3945,'212203',5,'2021-08-28 00:00:00','d',1,53),(3946,'212203',53,'2021-08-28 00:00:00','d',1,5),(3947,'212203',3,'2021-08-28 00:00:00','d',1,7),(3948,'212203',7,'2021-08-28 00:00:00','d',1,3),(3950,'212203',22,'2021-08-29 00:00:00','l',1,15),(3951,'212203',20,'2021-08-29 00:00:00','d',1,27),(3952,'212203',27,'2021-08-29 00:00:00','d',1,20),(3954,'212203',2,'2021-08-29 00:00:00','w',1,8),(3955,'212205',14,'2021-09-11 00:00:00','w',1,15),(3957,'212205',22,'2021-09-11 00:00:00','l',1,8),(3959,'212205',17,'2021-09-11 00:00:00','d',1,21),(3960,'212205',21,'2021-09-11 00:00:00','d',1,17),(3961,'212205',2,'2021-09-11 00:00:00','w',1,18),(3964,'212205',4,'2021-09-11 00:00:00','w',1,6),(3965,'212205',53,'2021-09-11 00:00:00','l',1,19),(3967,'212205',1,'2021-09-11 00:00:00','w',1,24),(3969,'212205',7,'2021-09-11 00:00:00','w',1,5),(3970,'212205',5,'2021-09-11 00:00:00','l',1,7),(3972,'212205',3,'2021-09-12 00:00:00','w',1,27),(3973,'212205',16,'2021-09-13 00:00:00','w',1,20),(3974,'212205',20,'2021-09-13 00:00:00','l',1,16),(3978,'212206',53,'2021-09-18 00:00:00','w',1,8),(3980,'212206',22,'2021-09-18 00:00:00','w',1,24),(3981,'212206',4,'2021-09-18 00:00:00','d',1,17),(3982,'212206',17,'2021-09-18 00:00:00','d',1,4),(3983,'212206',3,'2021-09-18 00:00:00','w',1,14),(3984,'212206',14,'2021-09-18 00:00:00','l',1,3),(3985,'212206',20,'2021-09-18 00:00:00','l',1,1),(3986,'212206',1,'2021-09-18 00:00:00','w',1,20),(3987,'212206',5,'2021-09-18 00:00:00','w',1,16),(3988,'212206',16,'2021-09-18 00:00:00','l',1,5),(3989,'212206',21,'2021-09-19 00:00:00','l',1,2),(3990,'212206',2,'2021-09-19 00:00:00','w',1,21),(3994,'212206',7,'2021-09-19 00:00:00','w',1,15),(3995,'212207',7,'2021-09-25 00:00:00','l',1,4),(3996,'212207',4,'2021-09-25 00:00:00','w',1,7),(3997,'212207',22,'2021-09-25 00:00:00','d',1,18),(3999,'212207',2,'2021-09-25 00:00:00','l',1,5),(4000,'212207',5,'2021-09-25 00:00:00','w',1,2),(4002,'212207',20,'2021-09-25 00:00:00','d',1,6),(4004,'212207',21,'2021-09-25 00:00:00','w',1,27),(4005,'212207',16,'2021-09-25 00:00:00','w',1,24),(4007,'212207',53,'2021-09-25 00:00:00','d',1,3),(4008,'212207',3,'2021-09-25 00:00:00','d',1,53),(4009,'212207',17,'2021-09-26 00:00:00','l',1,8),(4011,'212207',1,'2021-09-26 00:00:00','w',1,15),(4013,'212207',14,'2021-09-27 00:00:00','d',1,19),(4021,'212208',2,'2021-10-02 00:00:00','d',1,16),(4022,'212208',16,'2021-10-02 00:00:00','d',1,2),(4026,'212208',22,'2021-10-02 00:00:00','l',1,27),(4029,'212208',7,'2021-10-02 00:00:00','w',1,17),(4030,'212208',17,'2021-10-02 00:00:00','l',1,7),(4031,'212208',20,'2021-10-02 00:00:00','d',1,24),(4034,'212208',1,'2021-10-02 00:00:00','d',1,19),(4035,'212210',22,'2021-10-16 00:00:00','l',1,3),(4036,'212210',3,'2021-10-16 00:00:00','w',1,22),(4037,'212210',17,'2021-10-16 00:00:00','w',1,27),(4043,'212210',4,'2021-10-16 00:00:00','w',1,20),(4044,'212210',20,'2021-10-16 00:00:00','l',1,4),(4046,'212210',2,'2021-10-16 00:00:00','l',1,6),(4049,'212210',53,'2021-10-16 00:00:00','l',1,7),(4050,'212210',7,'2021-10-16 00:00:00','w',1,53),(4051,'212210',5,'2021-10-16 00:00:00','l',1,8),(4057,'212211',17,'2021-10-23 00:00:00','d',1,20),(4058,'212211',20,'2021-10-23 00:00:00','d',1,17),(4063,'212211',16,'2021-10-23 00:00:00','l',1,22),(4064,'212211',22,'2021-10-23 00:00:00','w',1,16),(4065,'212211',14,'2021-10-23 00:00:00','d',1,18),(4067,'212211',7,'2021-10-23 00:00:00','w',1,24),(4070,'212211',4,'2021-10-23 00:00:00','w',1,19),(4077,'212212',22,'2021-10-30 00:00:00','l',1,17),(4078,'212212',17,'2021-10-30 00:00:00','w',1,22),(4080,'212212',2,'2021-10-30 00:00:00','w',1,15),(4084,'212212',7,'2021-10-30 00:00:00','w',1,18),(4085,'212212',4,'2021-10-30 00:00:00','l',1,14),(4086,'212212',14,'2021-10-30 00:00:00','w',1,4),(4087,'212212',3,'2021-10-30 00:00:00','d',1,19),(4090,'212212',1,'2021-10-30 00:00:00','w',1,6),(4091,'212212',20,'2021-10-30 00:00:00','w',1,53),(4092,'212212',53,'2021-10-30 00:00:00','l',1,20),(4099,'212213',2,'2021-11-06 00:00:00','l',1,4),(4100,'212213',4,'2021-11-06 00:00:00','w',1,2),(4105,'212213',14,'2021-11-06 00:00:00','w',1,8),(4107,'212213',7,'2021-11-06 00:00:00','d',1,20),(4108,'212213',20,'2021-11-06 00:00:00','d',1,7),(4111,'212213',53,'2021-11-06 00:00:00','l',1,24),(4116,'212215',21,'2021-11-20 00:00:00','l',1,8),(4117,'212215',22,'2021-11-20 00:00:00','w',1,2),(4118,'212215',2,'2021-11-20 00:00:00','l',1,22),(4122,'212215',17,'2021-11-20 00:00:00','l',1,24),(4124,'212215',53,'2021-11-20 00:00:00','d',1,18),(4127,'212215',3,'2021-11-20 00:00:00','',1,1),(4128,'212215',1,'2021-11-20 00:00:00','',1,3),(4130,'212215',7,'2021-11-20 00:00:00','w',1,6),(4131,'212215',20,'2021-11-20 00:00:00','d',1,14),(4132,'212215',14,'2021-11-20 00:00:00','d',1,20),(4133,'212215',5,'2021-11-20 00:00:00','w',1,19),(4139,'212216',3,'2021-11-27 00:00:00','',1,17),(4140,'212216',17,'2021-11-27 00:00:00','',1,3),(4143,'212216',14,'2021-11-27 00:00:00','',1,5),(4144,'212216',5,'2021-11-27 00:00:00','',1,14),(4153,'212216',1,'2021-11-27 00:00:00','',1,18),(4158,'212216',14,'2021-11-30 00:00:00','',1,27),(4171,'212216',17,'2021-12-01 00:00:00','',1,6),(4176,'212217',3,'2021-12-04 00:00:00','',1,8),(4177,'212217',21,'2021-12-04 00:00:00','',1,7),(4178,'212217',7,'2021-12-04 00:00:00','',1,21),(4179,'212217',22,'2021-12-04 00:00:00','',1,4),(4180,'212217',4,'2021-12-04 00:00:00','',1,22),(4183,'212217',17,'2021-12-04 00:00:00','',1,19),(4186,'212217',20,'2021-12-04 00:00:00','',1,18),(4196,'212218',2,'2021-12-11 00:00:00','',1,24),(4197,'212218',4,'2021-12-11 00:00:00','',1,8),(4199,'212218',3,'2021-12-11 00:00:00','',1,5),(4200,'212218',5,'2021-12-11 00:00:00','',1,3),(4205,'212218',7,'2021-12-11 00:00:00','',1,27),(4213,'212218',1,'2021-12-11 00:00:00','',1,17),(4214,'212218',17,'2021-12-11 00:00:00','',1,1),(4216,'212218',5,'2021-12-14 00:00:00','',1,24),(4223,'212218',53,'2021-12-14 00:00:00','',1,2),(4224,'212218',2,'2021-12-14 00:00:00','',1,53),(4237,'212219',21,'2021-12-18 00:00:00','',1,24),(4239,'212219',22,'2021-12-18 00:00:00','',1,14),(4240,'212219',14,'2021-12-18 00:00:00','',1,22),(4243,'212219',17,'2021-12-18 00:00:00','',1,53),(4244,'212219',53,'2021-12-18 00:00:00','',1,17),(4247,'212219',2,'2021-12-18 00:00:00','',1,19),(4250,'212219',1,'2021-12-18 00:00:00','',1,27),(4253,'212219',5,'2021-12-18 00:00:00','',1,20),(4254,'212219',20,'2021-12-18 00:00:00','',1,5),(4256,'212220',22,'2021-12-26 00:00:00','',1,8),(4257,'212220',21,'2021-12-26 00:00:00','',1,17),(4258,'212220',17,'2021-12-26 00:00:00','',1,21),(4260,'212220',14,'2021-12-26 00:00:00','',1,15),(4262,'212220',1,'2021-12-26 00:00:00','',1,24),(4265,'212220',4,'2021-12-26 00:00:00','',1,6),(4267,'212220',3,'2021-12-26 00:00:00','',1,27),(4269,'212220',20,'2021-12-26 00:00:00','',1,16),(4270,'212220',16,'2021-12-26 00:00:00','',1,20),(4272,'212220',53,'2021-12-26 00:00:00','',1,19),(4273,'212220',5,'2021-12-26 00:00:00','',1,7),(4274,'212220',7,'2021-12-26 00:00:00','',1,5),(4275,'212220',22,'2021-12-28 00:00:00','',1,21),(4276,'212220',21,'2021-12-28 00:00:00','',1,22),(4277,'212220',17,'2021-12-28 00:00:00','',1,15),(4282,'212220',3,'2021-12-28 00:00:00','',1,6),(4284,'212220',5,'2021-12-28 00:00:00','',1,27),(4287,'212220',14,'2021-12-28 00:00:00','',1,24),(4293,'212220',1,'2021-12-28 00:00:00','',1,8),(4295,'212221',22,'2022-01-01 00:00:00','',1,15),(4307,'212221',14,'2022-01-01 00:00:00','',1,21),(4308,'212221',21,'2022-01-01 00:00:00','',1,14),(4313,'212221',1,'2022-01-01 00:00:00','',1,4),(4314,'212221',4,'2022-01-01 00:00:00','',1,1),(4316,'212223',17,'2022-01-15 00:00:00','',1,8),(4322,'212223',16,'2022-01-15 00:00:00','',1,24),(4324,'212223',22,'2022-01-15 00:00:00','',1,18),(4325,'212223',4,'2022-01-15 00:00:00','',1,7),(4326,'212223',7,'2022-01-15 00:00:00','',1,4),(4327,'212223',3,'2022-01-15 00:00:00','',1,53),(4328,'212223',53,'2022-01-15 00:00:00','',1,3),(4329,'212223',20,'2022-01-15 00:00:00','',1,6),(4333,'212223',5,'2022-01-15 00:00:00','',1,2),(4334,'212223',2,'2022-01-15 00:00:00','',1,5),(4337,'212224',17,'2022-01-22 00:00:00','',1,4),(4338,'212224',4,'2022-01-22 00:00:00','',1,17),(4339,'212224',2,'2022-01-22 00:00:00','',1,21),(4340,'212224',21,'2022-01-22 00:00:00','',1,2),(4345,'212224',16,'2022-01-22 00:00:00','',1,5),(4346,'212224',5,'2022-01-22 00:00:00','',1,16),(4351,'212224',53,'2022-01-22 00:00:00','',1,8),(4353,'212224',1,'2022-01-22 00:00:00','',1,20),(4354,'212224',20,'2022-01-22 00:00:00','',1,1),(4356,'212226',1,'2022-02-08 00:00:00','',1,8),(4357,'212226',21,'2022-02-08 00:00:00','',1,22),(4358,'212226',22,'2022-02-08 00:00:00','',1,21),(4360,'212226',14,'2022-02-08 00:00:00','',1,24),(4361,'212226',20,'2022-02-08 00:00:00','',1,2),(4362,'212226',2,'2022-02-08 00:00:00','',1,20),(4364,'212226',7,'2022-02-08 00:00:00','',1,19),(4365,'212226',5,'2022-02-08 00:00:00','',1,27),(4368,'212226',17,'2022-02-09 00:00:00','',1,15),(4370,'212226',16,'2022-02-09 00:00:00','',1,18),(4371,'212226',4,'2022-02-09 00:00:00','',1,53),(4372,'212226',53,'2022-02-09 00:00:00','',1,4),(4373,'212226',3,'2022-02-09 00:00:00','',1,6),(4375,'212227',22,'2022-02-12 00:00:00','',1,19),(4380,'212227',4,'2022-02-12 00:00:00','',1,24),(4382,'212227',5,'2022-02-12 00:00:00','',1,18),(4383,'212227',2,'2022-02-12 00:00:00','',1,17),(4384,'212227',17,'2022-02-12 00:00:00','',1,2),(4386,'212227',21,'2022-02-12 00:00:00','',1,6),(4387,'212227',16,'2022-02-12 00:00:00','',1,27),(4389,'212227',7,'2022-02-12 00:00:00','',1,1),(4390,'212227',1,'2022-02-12 00:00:00','',1,7),(4391,'212227',20,'2022-02-12 00:00:00','',1,3),(4392,'212227',3,'2022-02-12 00:00:00','',1,20),(4393,'212227',53,'2022-02-12 00:00:00','',1,14),(4394,'212227',14,'2022-02-12 00:00:00','',1,53),(4397,'212228',21,'2022-02-19 00:00:00','',1,18),(4399,'212228',17,'2022-02-19 00:00:00','',1,16),(4400,'212228',16,'2022-02-19 00:00:00','',1,17),(4401,'212228',4,'2022-02-19 00:00:00','',1,15),(4403,'212228',3,'2022-02-19 00:00:00','',1,24),(4406,'212228',2,'2022-02-19 00:00:00','',1,27),(4407,'212228',14,'2022-02-19 00:00:00','',1,7),(4408,'212228',7,'2022-02-19 00:00:00','',1,14),(4410,'212228',20,'2022-02-19 00:00:00','',1,19),(4411,'212228',5,'2022-02-19 00:00:00','',1,22),(4412,'212228',22,'2022-02-19 00:00:00','',1,5),(4413,'212228',1,'2022-02-19 00:00:00','',1,53),(4414,'212228',53,'2022-02-19 00:00:00','',1,1),(4415,'212229',21,'2022-02-26 00:00:00','',1,8),(4417,'212229',17,'2022-02-26 00:00:00','',1,24),(4419,'212229',2,'2022-02-26 00:00:00','',1,22),(4420,'212229',22,'2022-02-26 00:00:00','',1,2),(4423,'212229',16,'2022-02-26 00:00:00','',1,4),(4424,'212229',4,'2022-02-26 00:00:00','',1,16),(4425,'212229',14,'2022-02-26 00:00:00','',1,20),(4426,'212229',20,'2022-02-26 00:00:00','',1,14),(4427,'212229',7,'2022-02-26 00:00:00','',1,6),(4430,'212229',5,'2022-02-26 00:00:00','',1,19),(4431,'212229',53,'2022-02-26 00:00:00','',1,18),(4433,'212229',1,'2022-02-26 00:00:00','',1,3),(4434,'212229',3,'2022-02-26 00:00:00','',1,1),(4436,'212230',14,'2022-03-05 00:00:00','',1,8),(4437,'212230',22,'2022-03-05 00:00:00','',1,1),(4438,'212230',1,'2022-03-05 00:00:00','',1,22),(4440,'212230',16,'2022-03-05 00:00:00','',1,15),(4442,'212230',53,'2022-03-05 00:00:00','',1,24),(4445,'212230',4,'2022-03-05 00:00:00','',1,2),(4446,'212230',2,'2022-03-05 00:00:00','',1,4),(4447,'212230',3,'2022-03-05 00:00:00','',1,21),(4448,'212230',21,'2022-03-05 00:00:00','',1,3),(4451,'212230',20,'2022-03-05 00:00:00','',1,7),(4452,'212230',7,'2022-03-05 00:00:00','',1,20),(4453,'212230',5,'2022-03-05 00:00:00','',1,17),(4454,'212230',17,'2022-03-05 00:00:00','',1,5),(4455,'212231',21,'2022-03-12 00:00:00','',1,5),(4456,'212231',5,'2022-03-12 00:00:00','',1,21),(4457,'212231',17,'2022-03-12 00:00:00','',1,22),(4458,'212231',22,'2022-03-12 00:00:00','',1,17),(4459,'212231',2,'2022-03-12 00:00:00','',1,15),(4463,'212231',16,'2022-03-12 00:00:00','',1,8),(4465,'212231',14,'2022-03-12 00:00:00','',1,4),(4466,'212231',4,'2022-03-12 00:00:00','',1,14),(4467,'212231',7,'2022-03-12 00:00:00','',1,18),(4470,'212231',3,'2022-03-12 00:00:00','',1,19),(4471,'212231',53,'2022-03-12 00:00:00','',1,20),(4472,'212231',20,'2022-03-12 00:00:00','',1,53),(4473,'212231',1,'2022-03-12 00:00:00','',1,6),(4477,'212232',22,'2022-03-19 00:00:00','',1,16),(4478,'212232',16,'2022-03-19 00:00:00','',1,22),(4480,'212232',21,'2022-03-19 00:00:00','',1,15),(4482,'212232',7,'2022-03-19 00:00:00','',1,24),(4484,'212232',14,'2022-03-19 00:00:00','',1,18),(4485,'212232',4,'2022-03-19 00:00:00','',1,19),(4487,'212232',3,'2022-03-19 00:00:00','',1,2),(4488,'212232',2,'2022-03-19 00:00:00','',1,3),(4490,'212232',53,'2022-03-19 00:00:00','',1,6),(4491,'212232',20,'2022-03-19 00:00:00','',1,17),(4492,'212232',17,'2022-03-19 00:00:00','',1,20),(4493,'212232',5,'2022-03-19 00:00:00','',1,1),(4494,'212232',1,'2022-03-19 00:00:00','',1,5),(4496,'212234',5,'2022-04-02 00:00:00','',1,8),(4497,'212234',21,'2022-04-02 00:00:00','',1,16),(4498,'212234',16,'2022-04-02 00:00:00','',1,21),(4501,'212234',2,'2022-04-02 00:00:00','',1,6),(4503,'212234',3,'2022-04-02 00:00:00','',1,22),(4504,'212234',22,'2022-04-02 00:00:00','',1,3),(4506,'212234',17,'2022-04-02 00:00:00','',1,27),(4507,'212234',14,'2022-04-02 00:00:00','',1,1),(4508,'212234',1,'2022-04-02 00:00:00','',1,14),(4509,'212234',7,'2022-04-02 00:00:00','',1,53),(4510,'212234',53,'2022-04-02 00:00:00','',1,7),(4511,'212234',20,'2022-04-02 00:00:00','',1,4),(4512,'212234',4,'2022-04-02 00:00:00','',1,20),(4515,'212235',22,'2022-04-09 00:00:00','',1,27),(4517,'212235',17,'2022-04-09 00:00:00','',1,7),(4518,'212235',7,'2022-04-09 00:00:00','',1,17),(4520,'212235',20,'2022-04-09 00:00:00','',1,24),(4523,'212235',4,'2022-04-09 00:00:00','',1,3),(4524,'212235',3,'2022-04-09 00:00:00','',1,4),(4526,'212235',14,'2022-04-09 00:00:00','',1,6),(4527,'212235',16,'2022-04-09 00:00:00','',1,2),(4528,'212235',2,'2022-04-09 00:00:00','',1,16),(4529,'212235',53,'2022-04-09 00:00:00','',1,21),(4530,'212235',21,'2022-04-09 00:00:00','',1,53),(4531,'212235',5,'2022-04-09 00:00:00','',1,15),(4533,'212235',1,'2022-04-09 00:00:00','',1,19),(4536,'212236',4,'2022-04-16 00:00:00','',1,8),(4537,'212236',21,'2022-04-16 00:00:00','',1,20),(4538,'212236',20,'2022-04-16 00:00:00','',1,21),(4539,'212236',22,'2022-04-16 00:00:00','',1,53),(4540,'212236',53,'2022-04-16 00:00:00','',1,22),(4543,'212236',17,'2022-04-16 00:00:00','',1,1),(4544,'212236',1,'2022-04-16 00:00:00','',1,17),(4547,'212236',2,'2022-04-16 00:00:00','',1,24),(4550,'212236',7,'2022-04-16 00:00:00','',1,27),(4551,'212236',16,'2022-04-16 00:00:00','',1,14),(4552,'212236',14,'2022-04-16 00:00:00','',1,16),(4553,'212236',5,'2022-04-16 00:00:00','',1,3),(4554,'212236',3,'2022-04-16 00:00:00','',1,5),(4557,'212237',4,'2022-04-23 00:00:00','',1,22),(4558,'212237',22,'2022-04-23 00:00:00','',1,4),(4559,'212237',3,'2022-04-23 00:00:00','',1,16),(4560,'212237',16,'2022-04-23 00:00:00','',1,3),(4562,'212237',5,'2022-04-23 00:00:00','',1,6),(4563,'212237',14,'2022-04-23 00:00:00','',1,27),(4565,'212237',7,'2022-04-23 00:00:00','',1,21),(4566,'212237',21,'2022-04-23 00:00:00','',1,7),(4567,'212237',20,'2022-04-23 00:00:00','',1,8),(4570,'212237',17,'2022-04-23 00:00:00','',1,19),(4571,'212237',53,'2022-04-23 00:00:00','',1,15),(4573,'212237',1,'2022-04-23 00:00:00','',1,2),(4574,'212237',2,'2022-04-23 00:00:00','',1,1),(4577,'212238',21,'2022-04-30 00:00:00','',1,1),(4578,'212238',1,'2022-04-30 00:00:00','',1,21),(4579,'212238',22,'2022-04-30 00:00:00','',1,20),(4580,'212238',20,'2022-04-30 00:00:00','',1,22),(4583,'212238',17,'2022-04-30 00:00:00','',1,14),(4584,'212238',14,'2022-04-30 00:00:00','',1,17),(4586,'212238',3,'2022-04-30 00:00:00','',1,18),(4587,'212238',2,'2022-04-30 00:00:00','',1,53),(4588,'212238',53,'2022-04-30 00:00:00','',1,2),(4590,'212238',4,'2022-04-30 00:00:00','',1,27),(4591,'212238',16,'2022-04-30 00:00:00','',1,7),(4592,'212238',7,'2022-04-30 00:00:00','',1,16),(4593,'212238',5,'2022-04-30 00:00:00','',1,24),(4596,'212239',21,'2022-05-07 00:00:00','',1,24),(4597,'212239',4,'2022-05-07 00:00:00','',1,18),(4599,'212239',3,'2022-05-07 00:00:00','',1,15),(4602,'212239',16,'2022-05-07 00:00:00','',1,6),(4603,'212239',14,'2022-05-07 00:00:00','',1,22),(4604,'212239',22,'2022-05-07 00:00:00','',1,14),(4605,'212239',7,'2022-05-07 00:00:00','',1,8),(4607,'212239',20,'2022-05-07 00:00:00','',1,5),(4608,'212239',5,'2022-05-07 00:00:00','',1,20),(4610,'212239',2,'2022-05-07 00:00:00','',1,19),(4611,'212239',53,'2022-05-07 00:00:00','',1,17),(4612,'212239',17,'2022-05-07 00:00:00','',1,53),(4613,'212239',1,'2022-05-07 00:00:00','',1,27),(4617,'212240',21,'2022-05-15 00:00:00','',1,4),(4618,'212240',4,'2022-05-15 00:00:00','',1,21),(4619,'212240',22,'2022-05-15 00:00:00','',1,6),(4622,'212240',20,'2022-05-15 00:00:00','',1,15),(4623,'212240',17,'2022-05-15 00:00:00','',1,3),(4624,'212240',3,'2022-05-15 00:00:00','',1,17),(4626,'212240',1,'2022-05-15 00:00:00','',1,18),(4627,'212240',2,'2022-05-15 00:00:00','',1,7),(4628,'212240',7,'2022-05-15 00:00:00','',1,2),(4631,'212240',16,'2022-05-15 00:00:00','',1,53),(4632,'212240',53,'2022-05-15 00:00:00','',1,16),(4633,'212240',5,'2022-05-15 00:00:00','',1,14),(4634,'212240',14,'2022-05-15 00:00:00','',1,5),(4637,'212241',4,'2022-05-22 00:00:00','',1,5),(4638,'212241',5,'2022-05-22 00:00:00','',1,4),(4639,'212241',3,'2022-05-22 00:00:00','',1,8),(4642,'212241',17,'2022-05-22 00:00:00','',1,6),(4643,'212241',14,'2022-05-22 00:00:00','',1,2),(4644,'212241',2,'2022-05-22 00:00:00','',1,14),(4645,'212241',7,'2022-05-22 00:00:00','',1,22),(4646,'212241',22,'2022-05-22 00:00:00','',1,7),(4647,'212241',20,'2022-05-22 00:00:00','',1,18),(4650,'212241',21,'2022-05-22 00:00:00','',1,19),(4651,'212241',53,'2022-05-22 00:00:00','',1,27),(4653,'212241',1,'2022-05-22 00:00:00','',1,16),(4654,'212241',16,'2022-05-22 00:00:00','',1,1),(4655,'212208',21,'2021-10-03 00:00:00','l',1,53),(4656,'212208',53,'2021-10-03 00:00:00','w',1,21),(4657,'212208',14,'2021-10-03 00:00:00','d',1,6),(4659,'212208',3,'2021-10-03 00:00:00','d',1,4),(4660,'212208',4,'2021-10-03 00:00:00','d',1,3),(4661,'212210',16,'2021-10-17 00:00:00','l',1,21),(4662,'212210',21,'2021-10-17 00:00:00','w',1,16),(4665,'212210',1,'2021-10-18 00:00:00','d',1,14),(4666,'212210',14,'2021-10-18 00:00:00','d',1,1),(4667,'212211',1,'2021-10-22 00:00:00','w',1,5),(4668,'212211',5,'2021-10-22 00:00:00','l',1,1),(4669,'212211',21,'2021-10-24 00:00:00','w',1,15),(4671,'212211',53,'2021-10-24 00:00:00','l',1,6),(4673,'212211',2,'2021-10-24 00:00:00','l',1,3),(4674,'212211',3,'2021-10-24 00:00:00','w',1,2),(4677,'212212',5,'2021-10-31 00:00:00','l',1,21),(4678,'212212',21,'2021-10-31 00:00:00','w',1,5),(4680,'212212',16,'2021-11-01 00:00:00','l',1,8),(4692,'212206',27,'2021-09-17 00:00:00','d',1,-1),(4707,'212208',8,'2021-10-02 00:00:00','w',1,-1),(4715,'212210',15,'2021-10-17 00:00:00','w',1,-1),(4729,'212213',19,'2021-11-06 00:00:00','d',1,-1),(4805,'212224',27,'2022-01-22 00:00:00','',1,-1),(4833,'212230',19,'2022-03-05 00:00:00','',1,-1),(4853,'212234',15,'2022-04-02 00:00:00','',1,-1),(4855,'212235',8,'2022-04-09 00:00:00','',1,-1),(4864,'212236',6,'2022-04-16 00:00:00','',1,-1),(4868,'212237',24,'2022-04-23 00:00:00','',1,-1),(4897,'212203',24,'2021-08-28 00:00:00','l',1,6),(4902,'212205',24,'2021-09-11 00:00:00','l',1,1),(4907,'212205',27,'2021-09-12 00:00:00','l',1,3),(4910,'212206',24,'2021-09-18 00:00:00','l',1,22),(4916,'212207',27,'2021-09-25 00:00:00','l',1,21),(4917,'212207',24,'2021-09-25 00:00:00','l',1,16),(4921,'212208',27,'2021-10-02 00:00:00','w',1,22),(4922,'212208',24,'2021-10-02 00:00:00','d',1,20),(4929,'212210',27,'2021-10-16 00:00:00','l',1,17),(4930,'212210',24,'2021-10-16 00:00:00','d',1,19),(4933,'212211',24,'2021-10-23 00:00:00','l',1,7),(4935,'212211',27,'2021-10-23 00:00:00','d',1,8),(4944,'212212',24,'2021-10-31 00:00:00','l',1,27),(4945,'212212',27,'2021-10-31 00:00:00','w',1,24),(4949,'212213',24,'2021-11-06 00:00:00','w',1,53),(4958,'212215',24,'2021-11-20 00:00:00','w',1,17),(4961,'212216',27,'2021-11-27 00:00:00','',1,19),(4964,'212216',24,'2021-11-27 00:00:00','',1,8),(4967,'212216',27,'2021-11-30 00:00:00','',1,14),(4980,'212218',27,'2021-12-11 00:00:00','',1,7),(4984,'212218',24,'2021-12-11 00:00:00','',1,2),(4990,'212218',24,'2021-12-14 00:00:00','',1,5),(4994,'212219',27,'2021-12-18 00:00:00','',1,1),(4999,'212219',24,'2021-12-18 00:00:00','',1,21),(5001,'212220',24,'2021-12-26 00:00:00','',1,1),(5005,'212220',27,'2021-12-26 00:00:00','',1,3),(5007,'212220',24,'2021-12-28 00:00:00','',1,14),(5012,'212220',27,'2021-12-28 00:00:00','',1,5),(5020,'212221',24,'2022-01-01 00:00:00','',1,6),(5024,'212223',24,'2022-01-15 00:00:00','',1,16),(5035,'212226',27,'2022-02-08 00:00:00','',1,5),(5036,'212226',24,'2022-02-08 00:00:00','',1,14),(5041,'212227',27,'2022-02-12 00:00:00','',1,16),(5047,'212227',24,'2022-02-12 00:00:00','',1,4),(5048,'212228',27,'2022-02-19 00:00:00','',1,2),(5054,'212228',24,'2022-02-19 00:00:00','',1,3),(5055,'212229',24,'2022-02-26 00:00:00','',1,17),(5057,'212229',27,'2022-02-26 00:00:00','',1,15),(5063,'212230',27,'2022-03-05 00:00:00','',1,6),(5067,'212230',24,'2022-03-05 00:00:00','',1,53),(5071,'212231',27,'2022-03-12 00:00:00','',1,24),(5072,'212231',24,'2022-03-12 00:00:00','',1,27),(5078,'212232',24,'2022-03-19 00:00:00','',1,7),(5080,'212232',27,'2022-03-19 00:00:00','',1,8),(5083,'212234',24,'2022-04-02 00:00:00','',1,19),(5084,'212234',27,'2022-04-02 00:00:00','',1,17),(5088,'212235',24,'2022-04-09 00:00:00','',1,20),(5090,'212235',27,'2022-04-09 00:00:00','',1,22),(5095,'212236',19,'2022-04-16 00:00:00','',1,15),(5097,'212236',24,'2022-04-16 00:00:00','',1,2),(5099,'212236',27,'2022-04-16 00:00:00','',1,7),(5100,'212237',27,'2022-04-23 00:00:00','',1,14),(5104,'212237',19,'2022-04-23 00:00:00','',1,17),(5106,'212238',24,'2022-04-30 00:00:00','',1,5),(5108,'212238',27,'2022-04-30 00:00:00','',1,4),(5112,'212238',19,'2022-04-30 00:00:00','',1,8),(5116,'212239',24,'2022-05-07 00:00:00','',1,21),(5117,'212239',27,'2022-05-07 00:00:00','',1,1),(5119,'212239',19,'2022-05-07 00:00:00','',1,2),(5122,'212240',24,'2022-05-15 00:00:00','',1,8),(5124,'212240',27,'2022-05-15 00:00:00','',1,19),(5125,'212240',19,'2022-05-15 00:00:00','',1,27),(5127,'212241',27,'2022-05-22 00:00:00','',1,53),(5129,'212241',19,'2022-05-22 00:00:00','',1,21),(5131,'212241',24,'2022-05-22 00:00:00','',1,15),(5134,'212203',19,'2021-08-28 00:00:00','l',1,16),(5136,'212203',15,'2021-08-29 00:00:00','w',1,22),(5137,'212203',8,'2021-08-29 00:00:00','l',1,2),(5138,'212205',15,'2021-09-11 00:00:00','l',1,14),(5139,'212205',19,'2021-09-11 00:00:00','w',1,53),(5140,'212205',18,'2021-09-11 00:00:00','l',1,2),(5141,'212205',8,'2021-09-11 00:00:00','w',1,22),(5142,'212205',6,'2021-09-11 00:00:00','l',1,4),(5143,'212206',18,'2021-09-17 00:00:00','d',1,27),(5144,'212206',8,'2021-09-18 00:00:00','l',1,53),(5145,'212206',19,'2021-09-19 00:00:00','w',1,6),(5146,'212206',6,'2021-09-19 00:00:00','l',1,19),(5147,'212206',15,'2021-09-19 00:00:00','l',1,7),(5148,'212207',18,'2021-09-25 00:00:00','d',1,22),(5149,'212207',6,'2021-09-25 00:00:00','d',1,20),(5150,'212207',8,'2021-09-26 00:00:00','w',1,17),(5151,'212207',15,'2021-09-26 00:00:00','l',1,1),(5152,'212207',19,'2021-09-27 00:00:00','d',1,14),(5154,'212208',18,'2021-10-02 00:00:00','l',1,8),(5155,'212208',19,'2021-10-02 00:00:00','d',1,1),(5156,'212208',6,'2021-10-03 00:00:00','d',1,14),(5157,'212210',6,'2021-10-16 00:00:00','w',1,2),(5158,'212210',8,'2021-10-16 00:00:00','w',1,5),(5159,'212210',19,'2021-10-16 00:00:00','d',1,24),(5160,'212210',18,'2021-10-17 00:00:00','l',1,15),(5161,'212211',18,'2021-10-23 00:00:00','d',1,14),(5162,'212211',8,'2021-10-23 00:00:00','d',1,27),(5163,'212211',19,'2021-10-23 00:00:00','l',1,4),(5164,'212211',6,'2021-10-24 00:00:00','w',1,53),(5165,'212211',15,'2021-10-24 00:00:00','l',1,21),(5166,'212212',6,'2021-10-30 00:00:00','l',1,1),(5167,'212212',18,'2021-10-30 00:00:00','l',1,7),(5168,'212212',19,'2021-10-30 00:00:00','d',1,3),(5169,'212212',15,'2021-10-30 00:00:00','l',1,2),(5170,'212212',8,'2021-11-01 00:00:00','w',1,16),(5171,'212213',8,'2021-11-06 00:00:00','l',1,14),(5172,'212213',18,'2021-11-06 00:00:00','d',1,19),(5175,'212215',19,'2021-11-20 00:00:00','l',1,5),(5176,'212215',6,'2021-11-20 00:00:00','l',1,7),(5178,'212215',8,'2021-11-20 00:00:00','w',1,21),(5179,'212215',18,'2021-11-20 00:00:00','d',1,53),(5180,'212216',19,'2021-11-27 00:00:00','',1,27),(5182,'212216',18,'2021-11-27 00:00:00','',1,1),(5183,'212216',8,'2021-11-27 00:00:00','',1,24),(5188,'212216',6,'2021-12-01 00:00:00','',1,17),(5191,'212217',8,'2021-12-04 00:00:00','',1,3),(5192,'212217',19,'2021-12-04 00:00:00','',1,17),(5193,'212217',18,'2021-12-04 00:00:00','',1,20),(5197,'212218',8,'2021-12-11 00:00:00','',1,4),(5204,'212219',19,'2021-12-18 00:00:00','',1,2),(5209,'212220',15,'2021-12-26 00:00:00','',1,14),(5210,'212220',8,'2021-12-26 00:00:00','',1,22),(5212,'212220',6,'2021-12-26 00:00:00','',1,4),(5213,'212220',19,'2021-12-26 00:00:00','',1,53),(5214,'212220',8,'2021-12-28 00:00:00','',1,1),(5216,'212220',6,'2021-12-28 00:00:00','',1,3),(5217,'212220',15,'2021-12-28 00:00:00','',1,17),(5220,'212221',15,'2022-01-01 00:00:00','',1,22),(5223,'212221',6,'2022-01-01 00:00:00','',1,24),(5224,'212223',6,'2022-01-15 00:00:00','',1,20),(5226,'212223',8,'2022-01-15 00:00:00','',1,17),(5227,'212223',18,'2022-01-15 00:00:00','',1,22),(5230,'212224',8,'2022-01-22 00:00:00','',1,53),(5231,'212224',6,'2022-01-22 00:00:00','',1,19),(5232,'212224',19,'2022-01-22 00:00:00','',1,6),(5233,'212224',18,'2022-01-22 00:00:00','',1,27),(5234,'212226',19,'2022-02-08 00:00:00','',1,7),(5235,'212226',8,'2022-02-08 00:00:00','',1,1),(5236,'212226',15,'2022-02-09 00:00:00','',1,17),(5237,'212226',18,'2022-02-09 00:00:00','',1,16),(5238,'212226',6,'2022-02-09 00:00:00','',1,3),(5239,'212227',6,'2022-02-12 00:00:00','',1,21),(5240,'212227',19,'2022-02-12 00:00:00','',1,22),(5241,'212227',18,'2022-02-12 00:00:00','',1,5),(5242,'212227',15,'2022-02-12 00:00:00','',1,8),(5243,'212227',8,'2022-02-12 00:00:00','',1,15),(5244,'212228',19,'2022-02-19 00:00:00','',1,20),(5245,'212228',15,'2022-02-19 00:00:00','',1,4),(5246,'212228',8,'2022-02-19 00:00:00','',1,6),(5247,'212228',6,'2022-02-19 00:00:00','',1,8),(5248,'212228',18,'2022-02-19 00:00:00','',1,21),(5249,'212229',8,'2022-02-26 00:00:00','',1,21),(5250,'212229',15,'2022-02-26 00:00:00','',1,27),(5251,'212229',18,'2022-02-26 00:00:00','',1,53),(5252,'212229',6,'2022-02-26 00:00:00','',1,7),(5253,'212229',19,'2022-02-26 00:00:00','',1,5),(5254,'212230',6,'2022-03-05 00:00:00','',1,27),(5255,'212230',8,'2022-03-05 00:00:00','',1,14),(5256,'212230',18,'2022-03-05 00:00:00','',1,19),(5257,'212230',15,'2022-03-05 00:00:00','',1,16),(5258,'212231',18,'2022-03-12 00:00:00','',1,7),(5259,'212231',19,'2022-03-12 00:00:00','',1,3),(5260,'212231',6,'2022-03-12 00:00:00','',1,1),(5261,'212231',8,'2022-03-12 00:00:00','',1,16),(5262,'212231',15,'2022-03-12 00:00:00','',1,2),(5263,'212232',19,'2022-03-19 00:00:00','',1,4),(5264,'212232',6,'2022-03-19 00:00:00','',1,53),(5265,'212232',15,'2022-03-19 00:00:00','',1,21),(5266,'212232',8,'2022-03-19 00:00:00','',1,27),(5267,'212232',18,'2022-03-19 00:00:00','',1,14),(5268,'212234',19,'2022-04-02 00:00:00','',1,24),(5269,'212234',8,'2022-04-02 00:00:00','',1,5),(5270,'212234',6,'2022-04-02 00:00:00','',1,2),(5271,'212234',18,'2022-04-02 00:00:00','',1,15),(5272,'212235',18,'2022-04-09 00:00:00','',1,8),(5273,'212235',19,'2022-04-09 00:00:00','',1,1),(5274,'212235',15,'2022-04-09 00:00:00','',1,5),(5275,'212235',6,'2022-04-09 00:00:00','',1,14),(5276,'212236',15,'2022-04-16 00:00:00','',1,19),(5277,'212236',8,'2022-04-16 00:00:00','',1,4),(5278,'212236',18,'2022-04-16 00:00:00','',1,6),(5279,'212237',6,'2022-04-23 00:00:00','',1,5),(5280,'212237',18,'2022-04-23 00:00:00','',1,24),(5281,'212237',15,'2022-04-23 00:00:00','',1,53),(5282,'212237',8,'2022-04-23 00:00:00','',1,20),(5283,'212238',18,'2022-04-30 00:00:00','',1,3),(5284,'212238',15,'2022-04-30 00:00:00','',1,6),(5285,'212238',6,'2022-04-30 00:00:00','',1,15),(5286,'212238',8,'2022-04-30 00:00:00','',1,19),(5287,'212239',6,'2022-05-07 00:00:00','',1,16),(5288,'212239',15,'2022-05-07 00:00:00','',1,3),(5289,'212239',18,'2022-05-07 00:00:00','',1,4),(5290,'212239',8,'2022-05-07 00:00:00','',1,7),(5291,'212240',15,'2022-05-15 00:00:00','',1,20),(5292,'212240',8,'2022-05-15 00:00:00','',1,24),(5293,'212240',6,'2022-05-15 00:00:00','',1,22),(5294,'212240',18,'2022-05-15 00:00:00','',1,1),(5295,'212241',18,'2022-05-22 00:00:00','',1,20),(5296,'212241',8,'2022-05-22 00:00:00','',1,3),(5297,'212241',15,'2022-05-22 00:00:00','',1,24),(5298,'212241',6,'2022-05-22 00:00:00','',1,17),(5299,'212203',6,'2021-08-28 00:00:00','w',1,24),(5300,'212208',15,'2021-10-03 00:00:00','w',1,5),(5301,'212208',5,'2021-10-03 00:00:00','l',1,15),(5302,'212213',17,'2021-11-05 00:00:00','w',1,5),(5303,'212213',5,'2021-11-05 00:00:00','l',1,17),(5304,'212213',1,'2021-11-07 00:00:00','w',1,22),(5305,'212213',22,'2021-11-07 00:00:00','l',1,1),(5306,'212213',27,'2021-11-07 00:00:00','d',1,6),(5307,'212213',6,'2021-11-07 00:00:00','d',1,27),(5308,'212213',16,'2021-11-07 00:00:00','d',1,15),(5309,'212213',15,'2021-11-07 00:00:00','d',1,16),(5310,'212213',21,'2021-11-07 00:00:00','w',1,3),(5311,'212213',3,'2021-11-07 00:00:00','l',1,21),(5312,'212215',4,'2021-11-21 00:00:00','',1,16),(5313,'212215',16,'2021-11-21 00:00:00','',1,4),(5314,'212215',15,'2021-11-21 00:00:00','',1,27),(5315,'212215',27,'2021-11-21 00:00:00','',1,15),(5316,'212216',53,'2021-11-28 00:00:00','',1,16),(5317,'212216',16,'2021-11-28 00:00:00','',1,53),(5318,'212216',20,'2021-11-28 00:00:00','',1,15),(5319,'212216',15,'2021-11-28 00:00:00','',1,20),(5320,'212216',4,'2021-11-28 00:00:00','',1,21),(5321,'212216',21,'2021-11-28 00:00:00','',1,4),(5322,'212216',6,'2021-11-28 00:00:00','',1,22),(5323,'212216',22,'2021-11-28 00:00:00','',1,6),(5324,'212216',7,'2021-11-28 00:00:00','',1,2),(5325,'212216',2,'2021-11-28 00:00:00','',1,7),(5326,'212216',18,'2021-11-30 00:00:00','',1,24),(5327,'212216',24,'2021-11-30 00:00:00','',1,18),(5328,'212216',22,'2021-12-01 00:00:00','',1,7),(5329,'212216',7,'2021-12-01 00:00:00','',1,22),(5330,'212216',21,'2021-12-01 00:00:00','',1,19),(5331,'212216',19,'2021-12-01 00:00:00','',1,21),(5332,'212216',8,'2021-12-01 00:00:00','',1,20),(5333,'212216',20,'2021-12-01 00:00:00','',1,8),(5334,'212216',16,'2021-12-01 00:00:00','',1,3),(5335,'212216',3,'2021-12-01 00:00:00','',1,16),(5336,'212216',5,'2021-12-01 00:00:00','',1,4),(5337,'212216',4,'2021-12-01 00:00:00','',1,5),(5338,'212216',15,'2021-12-02 00:00:00','',1,53),(5339,'212216',53,'2021-12-02 00:00:00','',1,15),(5340,'212216',2,'2021-12-02 00:00:00','',1,1),(5341,'212216',1,'2021-12-02 00:00:00','',1,2),(5342,'212217',15,'2021-12-05 00:00:00','',1,24),(5343,'212217',24,'2021-12-05 00:00:00','',1,15),(5344,'212217',2,'2021-12-05 00:00:00','',1,14),(5345,'212217',14,'2021-12-05 00:00:00','',1,2),(5346,'212217',27,'2021-12-05 00:00:00','',1,53),(5347,'212217',53,'2021-12-05 00:00:00','',1,27),(5348,'212217',5,'2021-12-05 00:00:00','',1,6),(5349,'212217',6,'2021-12-05 00:00:00','',1,5),(5350,'212217',16,'2021-12-06 00:00:00','',1,1),(5351,'212217',1,'2021-12-06 00:00:00','',1,16),(5352,'212218',53,'2021-12-10 00:00:00','',1,22),(5353,'212218',22,'2021-12-10 00:00:00','',1,53),(5354,'212218',20,'2021-12-12 00:00:00','',1,21),(5355,'212218',21,'2021-12-12 00:00:00','',1,20),(5356,'212218',19,'2021-12-12 00:00:00','',1,15),(5357,'212218',15,'2021-12-12 00:00:00','',1,19),(5358,'212218',6,'2021-12-12 00:00:00','',1,18),(5359,'212218',18,'2021-12-12 00:00:00','',1,6),(5360,'212218',14,'2021-12-12 00:00:00','',1,16),(5361,'212218',16,'2021-12-12 00:00:00','',1,14),(5362,'212218',4,'2021-12-14 00:00:00','',1,27),(5363,'212218',27,'2021-12-14 00:00:00','',1,4),(5364,'212218',19,'2021-12-15 00:00:00','',1,8),(5365,'212218',8,'2021-12-15 00:00:00','',1,19),(5366,'212218',20,'2021-12-15 00:00:00','',1,22),(5367,'212218',22,'2021-12-15 00:00:00','',1,20),(5368,'212218',14,'2021-12-15 00:00:00','',1,17),(5369,'212218',17,'2021-12-15 00:00:00','',1,14),(5370,'212218',1,'2021-12-15 00:00:00','',1,21),(5371,'212218',21,'2021-12-15 00:00:00','',1,1),(5372,'212218',6,'2021-12-16 00:00:00','',1,15),(5373,'212218',15,'2021-12-16 00:00:00','',1,6),(5374,'212218',3,'2021-12-16 00:00:00','',1,18),(5375,'212218',18,'2021-12-16 00:00:00','',1,3),(5376,'212219',18,'2021-12-19 00:00:00','',1,4),(5377,'212219',4,'2021-12-19 00:00:00','',1,18),(5378,'212219',15,'2021-12-19 00:00:00','',1,3),(5379,'212219',3,'2021-12-19 00:00:00','',1,15),(5382,'212220',18,'2021-12-27 00:00:00','',1,2),(5383,'212220',2,'2021-12-27 00:00:00','',1,18),(5384,'212220',7,'2021-12-29 00:00:00','',1,19),(5385,'212220',19,'2021-12-29 00:00:00','',1,7),(5386,'212220',53,'2021-12-29 00:00:00','',1,4),(5387,'212220',4,'2021-12-29 00:00:00','',1,53),(5388,'212220',16,'2021-12-30 00:00:00','',1,18),(5389,'212220',18,'2021-12-30 00:00:00','',1,16),(5390,'212220',2,'2021-12-30 00:00:00','',1,20),(5391,'212220',20,'2021-12-30 00:00:00','',1,2),(5392,'212221',53,'2022-01-02 00:00:00','',1,5),(5393,'212221',5,'2022-01-02 00:00:00','',1,53),(5394,'212221',16,'2022-01-02 00:00:00','',1,19),(5395,'212221',19,'2022-01-02 00:00:00','',1,16),(5396,'212221',17,'2022-01-02 00:00:00','',1,18),(5397,'212221',18,'2022-01-02 00:00:00','',1,17),(5398,'212221',27,'2022-01-02 00:00:00','',1,20),(5399,'212221',20,'2022-01-02 00:00:00','',1,27),(5400,'212221',7,'2022-01-02 00:00:00','',1,3),(5401,'212221',3,'2022-01-02 00:00:00','',1,7),(5402,'212221',2,'2022-01-03 00:00:00','',1,8),(5403,'212221',8,'2022-01-03 00:00:00','',1,2),(5404,'212218',7,'2021-12-16 00:00:00','',1,16),(5405,'212218',16,'2021-12-16 00:00:00','',1,7),(5406,'212219',8,'2021-12-19 00:00:00','',1,7),(5407,'212219',7,'2021-12-19 00:00:00','',1,8),(5408,'212219',16,'2021-12-19 00:00:00','',1,6),(5409,'212219',6,'2021-12-19 00:00:00','',1,16),(5410,'212223',19,'2022-01-14 00:00:00','',1,14),(5411,'212223',14,'2022-01-14 00:00:00','',1,19),(5412,'212223',21,'2022-01-16 00:00:00','',1,27),(5413,'212223',27,'2022-01-16 00:00:00','',1,21),(5414,'212223',15,'2022-01-16 00:00:00','',1,1),(5415,'212223',1,'2022-01-16 00:00:00','',1,15),(5416,'212224',22,'2022-01-21 00:00:00','',1,24),(5417,'212224',24,'2022-01-21 00:00:00','',1,22),(5418,'212224',14,'2022-01-23 00:00:00','',1,3),(5419,'212224',3,'2022-01-23 00:00:00','',1,14),(5420,'212224',7,'2022-01-23 00:00:00','',1,15),(5421,'212224',15,'2022-01-23 00:00:00','',1,7);
/*!40000 ALTER TABLE `lms_match` ENABLE KEYS */;
UNLOCK TABLES;

--
-- Table structure for table `lms_pick`
--

DROP TABLE IF EXISTS `lms_pick`;
/*!40101 SET @saved_cs_client     = @@character_set_client */;
/*!40101 SET character_set_client = utf8 */;
CREATE TABLE `lms_pick` (
  `lms_pick_player_id` int(11) NOT NULL,
  `lms_pick_game_id` int(11) NOT NULL,
  `lms_pick_match_id` int(11) NOT NULL,
  `lms_pick_wl` char(1) NOT NULL DEFAULT '',
  PRIMARY KEY (`lms_pick_player_id`,`lms_pick_game_id`,`lms_pick_match_id`),
  KEY `fk_lms_game_id_idx` (`lms_pick_game_id`),
  KEY `fk_lms_match_idx` (`lms_pick_match_id`),
  CONSTRAINT `fk_lms_pick_game` FOREIGN KEY (`lms_pick_game_id`) REFERENCES `lms_game` (`lms_game_id`) ON DELETE NO ACTION ON UPDATE NO ACTION,
  CONSTRAINT `fk_lms_pick_match` FOREIGN KEY (`lms_pick_match_id`) REFERENCES `lms_match` (`lms_match_id`) ON DELETE NO ACTION ON UPDATE NO ACTION,
  CONSTRAINT `fk_lms_pick_player` FOREIGN KEY (`lms_pick_player_id`) REFERENCES `lms_player` (`lms_player_id`) ON DELETE NO ACTION ON UPDATE NO ACTION
) ENGINE=InnoDB DEFAULT CHARSET=utf8;
/*!40101 SET character_set_client = @saved_cs_client */;

--
-- Dumping data for table `lms_pick`
--

LOCK TABLES `lms_pick` WRITE;
/*!40000 ALTER TABLE `lms_pick` DISABLE KEYS */;
INSERT INTO `lms_pick` (`lms_pick_player_id`, `lms_pick_game_id`, `lms_pick_match_id`, `lms_pick_wl`) VALUES (18,37,1399,'w'),(18,37,1909,'l'),(18,58,3898,'l'),(18,60,4907,'l'),(18,61,4050,'w'),(18,61,4921,'w'),(18,62,5306,'l'),(18,63,5176,''),(18,63,5323,''),(21,60,3964,'w'),(21,61,4657,'l'),(21,62,5308,'l'),(21,63,4122,''),(21,63,5327,''),(23,57,3914,'l'),(23,58,3910,'w'),(23,58,3934,'l'),(23,60,3973,'w'),(23,61,4031,'l'),(23,62,5311,'l'),(23,63,5312,''),(23,63,5340,''),(92,57,3905,'w');
/*!40000 ALTER TABLE `lms_pick` ENABLE KEYS */;
UNLOCK TABLES;

--
-- Table structure for table `lms_player`
--

DROP TABLE IF EXISTS `lms_player`;
/*!40101 SET @saved_cs_client     = @@character_set_client */;
/*!40101 SET character_set_client = utf8 */;
CREATE TABLE `lms_player` (
  `lms_player_id` int(11) NOT NULL AUTO_INCREMENT,
  `lms_player_login` varchar(255) NOT NULL,
  `lms_player_password` varchar(100) NOT NULL,
  `lms_player_forename` varchar(45) NOT NULL DEFAULT '',
  `lms_player_surname` varchar(45) NOT NULL DEFAULT '',
  `lms_player_screen_name` varchar(100) NOT NULL DEFAULT '',
  `lms_player_email` varchar(250) NOT NULL DEFAULT '',
  `lms_access` int(11) NOT NULL DEFAULT 0,
  `lms_active` tinyint(1) DEFAULT 1,
  `lms_player_send_email` tinyint(1) DEFAULT 1,
  `lms_player_created` datetime DEFAULT NULL,
  PRIMARY KEY (`lms_player_id`),
  UNIQUE KEY `lms_player_id_UNIQUE` (`lms_player_id`)
) ENGINE=InnoDB AUTO_INCREMENT=397 DEFAULT CHARSET=utf8;
/*!40101 SET character_set_client = @saved_cs_client */;

--
-- Dumping data for table `lms_player`
--

LOCK TABLES `lms_player` WRITE;
/*!40000 ALTER TABLE `lms_player` DISABLE KEYS */;
INSERT INTO `lms_player` (`lms_player_id`, `lms_player_login`, `lms_player_password`, `lms_player_forename`, `lms_player_surname`, `lms_player_screen_name`, `lms_player_email`, `lms_access`, `lms_active`, `lms_player_send_email`, `lms_player_created`) VALUES (18,'lmsadmin@netwyrks.co.uk','$2y$10$mwzJ4ZDhwKqXWUlo4rFBY.RsMpyv8w90gmZo7o2jGtl3l7bZYA6UW','Eric','Hindle','LML Admin','lmsadmin@netwyrks.co.uk',999,1,1,'2020-02-14 01:00:00'),(20,'ekky99@netwyrks.co.uk','$2y$10$k/zO2RtSEKLA8x5yMt2wxuEDM/mRrCFd1lqxdgzlOP36hNcC7WE52','Eric','Hindle','ekky99','ekky99@netwyrks.co.uk',0,0,1,'2020-02-14 01:00:00'),(21,'lmsplayer@artwyrks.co.uk','$2y$10$bMVIdoCrbsVftxxhzo6Xf.v7PBY1qlSxzy5dL0U2lsnvDulYCbK9O','Horace','Rumpole','RumpoleOfTheBailey','lmsplayer@artwyrks.co.uk',0,1,1,'2020-02-14 01:00:00'),(22,'ddare@artwyrks.co.uk','$2y$10$GSiGMgSTUH6hdDYtnRdbqOkGK98sFGE//sJjVrsAEmR0dSGYhcZey','Dan','Dare','dan_dare','ddare@artwyrks.co.uk',0,0,1,'2020-02-14 01:00:00'),(23,'lmldev@netwyrks.co.uk','$2y$10$0yLbV/FPFab5.SorcDpkve94xKFG/Zl8kbJm9ADny9uYDmvyEmlSS','LML','Dev','Developer','lmldev@netwyrks.co.uk',901,1,1,'2020-02-14 01:00:00'),(26,'erich@netwyrks.co.uk','$2y$11$UfotfmtLhh72gGogRzqhVuH1tv2szGtlGSSOjVxg2iuotDzYbUJ/u','Eric','Hindle','eric_h','erich@netwyrks.co.uk',0,0,1,'2020-02-14 01:00:00'),(28,'test01@netwyrks.co.uk','$2y$11$HCl3aUNo1wvhJq10GNRqFuppgodwpvB5S5yd6Yi3s8HvCY27hpErO','Test','Account','Test_01','test01@netwyrks.co.uk',0,0,1,'2020-02-14 01:00:00'),(29,'test02@netwyrks.co.uk','$2y$11$hb4s1pN88PTXGsw3WontXOm6YELTQdEMV9F5Jynd0e1EQWydc6gRK','Test','Two','test_02','test02@netwyrks.co.uk',0,0,1,'2020-02-14 01:48:00'),(87,'adcal20@netwyrks.co.uk','$2y$11$sh9vL6WghOtZgk9Hro/pYOeJhCaOUttrlIp9y00VnDgGZvd1eZSOu','John','Smith','Jonny','adcal20@netwyrks.co.uk',0,0,1,'2021-01-29 10:46:53'),(88,'dave.webster@netwyrks.co.uk','$2y$11$W4IwIuW9/5jYXjfvrYpUg.tYyFA.5YiwJ0R0y2GKmqdAIr2jaz.K6','Dave','Webster','Webbo','dave.webster@netwyrks.co.uk',0,0,1,'2021-01-29 10:49:37'),(89,'liz.pownell@netwyrks.co.uk','$2y$11$yoaHzkUELwmq6A1ZnxNG.uvjNnxqcAFUkfcKDzUcVIpGa.pUbeKHy','Liz','Pownell','Lizzy','liz.pownell@netwyrks.co.uk',0,0,1,'2021-01-29 10:53:54'),(92,'adammhindle@icloud.com','$2y$10$qMJvIgQh/0PLmHXHt7mzGuOnLsh63JeWs1r0QqeKvPNhYu613XtIW','Adam','Hindle','adddddsers','adammhindle@icloud.com',999,1,1,'2021-02-11 20:29:59'),(97,'adam@adam.agency','$2y$11$BgS1/4GKQ2Xsc4YPrZo8Se6vc4B9xRpQ.WNqhcSe9dHGL9waddvWm','Adam','Hindle','adam','adam@adam.agency',0,1,1,'2021-04-02 19:40:56');
/*!40000 ALTER TABLE `lms_player` ENABLE KEYS */;
UNLOCK TABLES;

--
-- Table structure for table `lms_player_temp_password`
--

DROP TABLE IF EXISTS `lms_player_temp_password`;
/*!40101 SET @saved_cs_client     = @@character_set_client */;
/*!40101 SET character_set_client = utf8 */;
CREATE TABLE `lms_player_temp_password` (
  `lms_player_id` int(11) NOT NULL,
  `lms_player_temp_password` varchar(100) NOT NULL,
  PRIMARY KEY (`lms_player_id`),
  UNIQUE KEY `idlms_player_id_UNIQUE` (`lms_player_id`)
) ENGINE=InnoDB DEFAULT CHARSET=utf8;
/*!40101 SET character_set_client = @saved_cs_client */;

--
-- Dumping data for table `lms_player_temp_password`
--

LOCK TABLES `lms_player_temp_password` WRITE;
/*!40000 ALTER TABLE `lms_player_temp_password` DISABLE KEYS */;
/*!40000 ALTER TABLE `lms_player_temp_password` ENABLE KEYS */;
UNLOCK TABLES;

--
-- Table structure for table `lms_results`
--

DROP TABLE IF EXISTS `lms_results`;
/*!40101 SET @saved_cs_client     = @@character_set_client */;
/*!40101 SET character_set_client = utf8 */;
CREATE TABLE `lms_results` (
  `lms_match_date` datetime NOT NULL,
  `lms_match_team` int(11) NOT NULL,
  `lms_match_team_score` int(11) DEFAULT NULL,
  `lms_match_team_wl` char(1) DEFAULT NULL,
  PRIMARY KEY (`lms_match_date`,`lms_match_team`)
) ENGINE=MyISAM DEFAULT CHARSET=latin1;
/*!40101 SET character_set_client = @saved_cs_client */;

--
-- Dumping data for table `lms_results`
--

LOCK TABLES `lms_results` WRITE;
/*!40000 ALTER TABLE `lms_results` DISABLE KEYS */;
INSERT INTO `lms_results` (`lms_match_date`, `lms_match_team`, `lms_match_team_score`, `lms_match_team_wl`) VALUES ('2020-09-12 00:00:00',18,2,'w'),('2020-09-12 00:00:00',21,0,'l'),('2020-09-12 00:00:00',27,3,'l'),('2020-09-12 00:00:00',3,4,'w'),('2020-09-12 00:00:00',17,0,'l'),('2020-09-12 00:00:00',14,1,'w'),('2020-09-12 00:00:00',1,3,'w'),('2020-09-12 00:00:00',25,0,'l'),('2020-09-13 00:00:00',16,1,'w'),('2020-09-13 00:00:00',15,0,'l'),('2020-09-13 00:00:00',6,3,'w'),('2020-09-13 00:00:00',26,0,'l'),('2020-09-14 00:00:00',7,3,'w'),('2020-09-14 00:00:00',19,1,'l'),('2020-09-14 00:00:00',8,2,'w'),('2020-09-14 00:00:00',9,0,'l'),('2020-09-19 00:00:00',21,1,'l'),('2020-09-19 00:00:00',1,2,'w'),('2020-09-19 00:00:00',14,3,'w'),('2020-09-19 00:00:00',2,1,'l'),('2020-09-19 00:00:00',25,3,'l'),('2020-09-19 00:00:00',27,4,'w'),('2020-09-19 00:00:00',26,2,'l'),('2020-09-19 00:00:00',16,5,'w'),('2020-09-20 00:00:00',20,2,'l'),('2020-09-20 00:00:00',6,4,'w'),('2020-09-20 00:00:00',3,2,'w'),('2020-09-20 00:00:00',7,0,'l'),('2020-09-20 00:00:00',19,3,'w'),('2020-09-20 00:00:00',18,0,'l'),('2020-09-20 00:00:00',15,5,'w'),('2020-09-20 00:00:00',17,2,'l'),('2020-09-21 00:00:00',4,3,'w'),('2020-09-21 00:00:00',8,1,'l'),('2020-09-21 00:00:00',9,0,'l'),('2020-09-21 00:00:00',5,1,'w'),('2020-09-26 00:00:00',17,1,'w'),('2020-09-26 00:00:00',20,0,'l'),('2020-09-26 00:00:00',7,3,'d'),('2020-09-26 00:00:00',26,3,'d'),('2020-09-26 00:00:00',16,2,'w'),('2020-09-26 00:00:00',14,1,'l'),('2020-09-26 00:00:00',2,3,'w'),('2020-09-26 00:00:00',19,2,'l'),('2020-09-27 00:00:00',8,0,'l'),('2020-09-27 00:00:00',21,4,'w'),('2020-09-27 00:00:00',6,5,'w'),('2020-09-27 00:00:00',4,2,'l'),('2020-09-27 00:00:00',18,1,'d'),('2020-09-27 00:00:00',15,1,'d'),('2020-09-27 00:00:00',27,1,'w'),('2020-09-27 00:00:00',9,0,'l'),('2020-09-28 00:00:00',1,1,'l'),('2020-09-28 00:00:00',3,3,'w'),('2020-09-28 00:00:00',5,3,'w'),('2020-09-28 00:00:00',25,0,'l'),('2020-10-03 00:00:00',20,1,'l'),('2020-10-03 00:00:00',18,3,'w'),('2020-10-03 00:00:00',4,1,'d'),('2020-10-03 00:00:00',27,1,'d'),('2020-10-03 00:00:00',19,2,'l'),('2020-10-03 00:00:00',16,4,'w'),('2020-10-03 00:00:00',14,0,'l'),('2020-10-03 00:00:00',7,4,'w'),('2020-10-04 00:00:00',3,2,'l'),('2020-10-04 00:00:00',5,7,'w'),('2020-10-04 00:00:00',15,6,'w'),('2020-10-04 00:00:00',2,1,'l'),('2020-10-04 00:00:00',25,0,'l'),('2020-10-04 00:00:00',8,1,'w'),('2020-10-04 00:00:00',9,1,'l'),('2020-10-04 00:00:00',1,2,'w'),('2020-10-04 00:00:00',26,0,'l'),('2020-10-04 00:00:00',17,2,'w'),('2020-10-04 00:00:00',21,3,'w'),('2020-10-04 00:00:00',6,0,'l'),('2020-10-17 00:00:00',2,4,'w'),('2020-10-17 00:00:00',18,1,'l'),('2020-10-17 00:00:00',1,0,'l'),('2020-10-17 00:00:00',4,1,'w'),('2020-10-17 00:00:00',17,3,'d'),('2020-10-17 00:00:00',7,3,'d'),('2020-10-17 00:00:00',3,2,'d'),('2020-10-17 00:00:00',16,2,'d'),('2020-10-18 00:00:00',5,1,'w'),('2020-10-18 00:00:00',6,0,'l'),('2020-10-18 00:00:00',21,3,'d'),('2020-10-18 00:00:00',15,3,'d'),('2020-10-18 00:00:00',19,1,'d'),('2020-10-18 00:00:00',14,1,'d'),('2020-10-18 00:00:00',25,1,'d'),('2020-10-18 00:00:00',9,1,'d'),('2020-10-19 00:00:00',8,1,'w'),('2020-10-19 00:00:00',27,0,'l'),('2020-10-19 00:00:00',20,0,'d'),('2020-10-19 00:00:00',26,0,'d'),('2020-10-23 00:00:00',27,3,'w'),('2020-10-23 00:00:00',5,0,'l'),('2020-10-24 00:00:00',9,1,'l'),('2020-10-24 00:00:00',3,2,'w'),('2020-10-24 00:00:00',7,0,'d'),('2020-10-24 00:00:00',2,0,'d'),('2020-10-24 00:00:00',14,2,'w'),('2020-10-24 00:00:00',25,1,'l'),('2020-10-24 00:00:00',4,1,'d'),('2020-10-24 00:00:00',21,1,'d'),('2020-10-25 00:00:00',6,1,'w'),('2020-10-25 00:00:00',1,0,'l'),('2020-10-25 00:00:00',18,1,'d'),('2020-10-25 00:00:00',8,1,'d'),('2020-10-25 00:00:00',16,0,'l'),('2020-10-25 00:00:00',17,2,'w'),('2020-10-26 00:00:00',15,1,'w'),('2020-10-26 00:00:00',20,0,'l'),('2020-10-26 00:00:00',26,1,'d'),('2020-10-26 00:00:00',19,1,'d'),('2020-10-30 00:00:00',14,0,'l'),('2020-10-30 00:00:00',8,2,'w'),('2020-10-31 00:00:00',21,1,'l'),('2020-10-31 00:00:00',3,2,'w'),('2020-10-31 00:00:00',7,3,'w'),('2020-10-31 00:00:00',20,0,'l'),('2020-10-31 00:00:00',4,1,'w'),('2020-10-31 00:00:00',9,0,'l'),('2020-11-01 00:00:00',19,1,'l'),('2020-11-01 00:00:00',15,2,'w'),('2020-11-01 00:00:00',1,1,'w'),('2020-11-01 00:00:00',2,0,'l'),('2020-11-01 00:00:00',16,1,'l'),('2020-11-01 00:00:00',18,2,'w'),('2020-11-01 00:00:00',17,4,'w'),('2020-11-01 00:00:00',5,3,'l'),('2020-11-02 00:00:00',6,4,'w'),('2020-11-02 00:00:00',27,1,'l'),('2020-11-02 00:00:00',26,0,'l'),('2020-11-02 00:00:00',25,2,'w'),('2020-11-06 00:00:00',18,0,'l'),('2020-11-06 00:00:00',17,2,'w'),('2020-11-06 00:00:00',20,0,'d'),('2020-11-06 00:00:00',19,0,'d'),('2020-11-07 00:00:00',2,3,'w'),('2020-11-07 00:00:00',16,1,'l'),('2020-11-07 00:00:00',14,4,'w'),('2020-11-07 00:00:00',27,1,'l'),('2020-11-07 00:00:00',7,4,'w'),('2020-11-07 00:00:00',9,1,'l'),('2020-11-07 00:00:00',21,1,'w'),('2020-11-07 00:00:00',25,0,'l'),('2020-11-08 00:00:00',26,0,'l'),('2020-11-08 00:00:00',15,1,'w'),('2020-11-08 00:00:00',6,1,'w'),('2020-11-08 00:00:00',8,0,'l'),('2020-11-08 00:00:00',4,1,'d'),('2020-11-08 00:00:00',3,1,'d'),('2020-11-08 00:00:00',1,0,'l'),('2020-11-08 00:00:00',5,3,'w'),('2020-11-21 00:00:00',26,0,'l'),('2020-11-21 00:00:00',2,1,'w'),('2020-11-21 00:00:00',4,0,'l'),('2020-11-21 00:00:00',15,2,'w'),('2020-11-21 00:00:00',19,2,'w'),('2020-11-21 00:00:00',5,1,'l'),('2020-11-21 00:00:00',7,2,'w'),('2020-11-21 00:00:00',18,0,'l'),('2020-11-22 00:00:00',1,0,'d'),('2020-11-22 00:00:00',27,0,'d'),('2020-11-22 00:00:00',21,1,'w'),('2020-11-22 00:00:00',9,0,'l'),('2020-11-22 00:00:00',16,3,'w'),('2020-11-22 00:00:00',25,2,'l'),('2020-11-22 00:00:00',3,3,'w'),('2020-11-22 00:00:00',6,0,'l'),('2020-11-23 00:00:00',20,1,'w'),('2020-11-23 00:00:00',14,0,'l'),('2020-11-23 00:00:00',8,1,'d'),('2020-11-23 00:00:00',17,1,'d'),('2020-11-27 00:00:00',14,0,'l'),('2020-11-27 00:00:00',18,2,'w'),('2020-11-28 00:00:00',19,1,'d'),('2020-11-28 00:00:00',3,1,'d'),('2020-11-28 00:00:00',4,5,'w'),('2020-11-28 00:00:00',20,0,'l'),('2020-11-28 00:00:00',16,0,'l'),('2020-11-28 00:00:00',27,1,'w'),('2020-11-28 00:00:00',26,1,'w'),('2020-11-28 00:00:00',9,0,'l'),('2020-11-29 00:00:00',17,2,'l'),('2020-11-29 00:00:00',2,3,'w'),('2020-11-29 00:00:00',7,0,'d'),('2020-11-29 00:00:00',15,0,'d'),('2020-11-29 00:00:00',1,1,'l'),('2020-11-29 00:00:00',8,2,'w'),('2020-11-30 00:00:00',6,1,'l'),('2020-11-30 00:00:00',25,2,'w'),('2020-11-30 00:00:00',21,2,'w'),('2020-11-30 00:00:00',5,1,'l'),('2020-12-05 00:00:00',20,1,'d'),('2020-12-05 00:00:00',16,1,'d'),('2020-12-05 00:00:00',4,2,'w'),('2020-12-05 00:00:00',25,0,'l'),('2020-12-05 00:00:00',21,1,'l'),('2020-12-05 00:00:00',2,3,'w'),('2020-12-05 00:00:00',7,3,'w'),('2020-12-05 00:00:00',27,1,'l'),('2020-12-06 00:00:00',26,1,'l'),('2020-12-06 00:00:00',14,5,'w'),('2020-12-06 00:00:00',9,1,'l'),('2020-12-06 00:00:00',6,2,'w'),('2020-12-06 00:00:00',15,2,'w'),('2020-12-06 00:00:00',1,0,'l'),('2020-12-06 00:00:00',3,4,'w'),('2020-12-06 00:00:00',8,0,'l'),('2020-12-07 00:00:00',19,1,'l'),('2020-12-07 00:00:00',17,2,'w'),('2020-12-11 00:00:00',27,1,'l'),('2020-12-11 00:00:00',21,2,'w'),('2020-12-12 00:00:00',8,0,'l'),('2020-12-12 00:00:00',5,1,'w'),('2020-12-12 00:00:00',18,2,'w'),('2020-12-12 00:00:00',26,1,'l'),('2020-12-12 00:00:00',2,0,'d'),('2020-12-12 00:00:00',4,0,'d'),('2020-12-12 00:00:00',16,1,'w'),('2020-12-12 00:00:00',7,0,'l'),('2020-12-13 00:00:00',17,3,'w'),('2020-12-13 00:00:00',9,0,'l'),('2020-12-13 00:00:00',14,1,'d'),('2020-12-13 00:00:00',15,1,'d'),('2020-12-13 00:00:00',25,1,'d'),('2020-12-13 00:00:00',3,1,'d'),('2020-12-13 00:00:00',1,0,'l'),('2020-12-13 00:00:00',20,1,'w'),('2020-12-13 00:00:00',6,3,'w'),('2020-12-13 00:00:00',19,0,'l'),('2020-12-15 00:00:00',8,2,'w'),('2020-12-15 00:00:00',7,1,'l'),('2020-12-15 00:00:00',4,1,'d'),('2020-12-15 00:00:00',26,1,'d'),('2020-12-16 00:00:00',1,1,'d'),('2020-12-16 00:00:00',17,1,'d'),('2020-12-16 00:00:00',27,5,'w'),('2020-12-16 00:00:00',18,2,'l'),('2020-12-16 00:00:00',6,0,'l'),('2020-12-16 00:00:00',16,2,'w'),('2020-12-16 00:00:00',3,2,'w'),('2020-12-16 00:00:00',15,1,'l'),('2020-12-16 00:00:00',25,0,'d'),('2020-12-16 00:00:00',19,0,'d'),('2020-12-16 00:00:00',21,1,'d'),('2020-12-16 00:00:00',14,1,'d'),('2020-12-17 00:00:00',5,0,'d'),('2020-12-17 00:00:00',20,0,'d'),('2020-12-17 00:00:00',9,2,'l'),('2020-12-17 00:00:00',2,3,'w'),('2020-12-19 00:00:00',14,0,'l'),('2020-12-19 00:00:00',3,7,'w'),('2020-12-19 00:00:00',17,0,'l'),('2020-12-19 00:00:00',4,1,'w'),('2020-12-19 00:00:00',16,2,'w'),('2020-12-19 00:00:00',1,1,'l'),('2020-12-19 00:00:00',18,1,'d'),('2020-12-19 00:00:00',25,1,'d'),('2020-12-20 00:00:00',19,1,'d'),('2020-12-20 00:00:00',9,1,'d'),('2020-12-20 00:00:00',15,0,'l'),('2020-12-20 00:00:00',6,2,'w'),('2020-12-20 00:00:00',2,6,'w'),('2020-12-20 00:00:00',27,2,'l'),('2020-12-20 00:00:00',26,0,'l'),('2020-12-20 00:00:00',5,3,'w'),('2020-12-21 00:00:00',20,2,'w'),('2020-12-21 00:00:00',8,1,'l'),('2020-12-21 00:00:00',7,3,'w'),('2020-12-21 00:00:00',21,0,'l'),('2020-12-26 00:00:00',6,2,'d'),('2020-12-26 00:00:00',2,2,'d'),('2020-12-26 00:00:00',5,3,'w'),('2020-12-26 00:00:00',14,0,'l'),('2020-12-26 00:00:00',25,0,'d'),('2020-12-26 00:00:00',17,0,'d'),('2020-12-26 00:00:00',1,3,'w'),('2020-12-26 00:00:00',7,1,'l'),('2020-12-26 00:00:00',4,2,'w'),('2020-12-26 00:00:00',18,0,'l'),('2020-12-26 00:00:00',9,0,'l'),('2020-12-26 00:00:00',16,1,'w'),('2020-12-27 00:00:00',27,1,'w'),('2020-12-27 00:00:00',20,0,'l'),('2020-12-27 00:00:00',21,2,'d'),('2020-12-27 00:00:00',19,2,'d'),('2020-12-27 00:00:00',3,1,'d'),('2020-12-27 00:00:00',26,1,'d'),('2020-12-27 00:00:00',8,1,'d'),('2020-12-27 00:00:00',15,1,'d'),('2020-12-28 00:00:00',14,1,'d'),('2020-12-28 00:00:00',6,1,'d'),('2020-12-28 00:00:00',7,1,'d'),('2020-12-28 00:00:00',5,1,'d'),('2020-12-29 00:00:00',19,0,'l'),('2020-12-29 00:00:00',1,1,'w'),('2020-12-29 00:00:00',20,1,'w'),('2020-12-29 00:00:00',9,0,'l'),('2020-12-29 00:00:00',17,0,'d'),('2020-12-29 00:00:00',21,0,'d'),('2020-12-29 00:00:00',26,0,'l'),('2020-12-29 00:00:00',27,5,'w'),('2020-12-29 00:00:00',2,1,'w'),('2020-12-29 00:00:00',8,0,'l'),('2020-12-30 00:00:00',18,0,'d'),('2020-12-30 00:00:00',3,0,'d'),('2021-01-01 00:00:00',16,0,'l'),('2021-01-01 00:00:00',21,1,'w'),('2021-01-01 00:00:00',2,2,'w'),('2021-01-01 00:00:00',5,1,'l'),('2021-01-02 00:00:00',15,3,'w'),('2021-01-02 00:00:00',27,0,'l'),('2021-01-02 00:00:00',14,2,'w'),('2021-01-02 00:00:00',9,0,'l'),('2021-01-02 00:00:00',19,3,'d'),('2021-01-02 00:00:00',8,3,'d'),('2021-01-02 00:00:00',26,0,'l'),('2021-01-02 00:00:00',1,4,'w'),('2021-01-03 00:00:00',18,1,'l'),('2021-01-03 00:00:00',6,2,'w'),('2021-01-03 00:00:00',7,1,'l'),('2021-01-03 00:00:00',4,3,'w'),('2021-01-03 00:00:00',20,0,'p'),('2021-01-03 00:00:00',25,0,'p'),('2021-01-04 00:00:00',17,1,'w'),('2021-01-04 00:00:00',3,0,'l'),('2021-01-12 00:00:00',9,1,'w'),('2021-01-12 00:00:00',18,0,'l'),('2021-01-12 00:00:00',20,0,'l'),('2021-01-12 00:00:00',2,1,'w'),('2021-01-12 00:00:00',8,1,'l'),('2021-01-12 00:00:00',16,2,'w'),('2021-01-13 00:00:00',5,0,'p'),('2021-01-13 00:00:00',15,1,'d'),('2021-01-13 00:00:00',4,1,'w'),('2021-01-13 00:00:00',19,0,'l'),('2021-01-13 00:00:00',25,1,'d'),('2021-01-14 00:00:00',1,0,'d'),('2021-01-14 00:00:00',14,0,'d'),('2021-01-16 00:00:00',8,2,'l'),('2021-01-16 00:00:00',26,3,'w'),('2021-01-16 00:00:00',27,0,'l'),('2021-01-16 00:00:00',19,1,'w'),('2021-01-16 00:00:00',21,1,'w'),('2021-01-16 00:00:00',20,0,'l'),('2021-01-16 00:00:00',25,0,'l'),('2021-01-16 00:00:00',7,1,'w'),('2021-01-16 00:00:00',6,2,'w'),('2021-01-16 00:00:00',17,0,'l'),('2021-01-17 00:00:00',5,0,'p'),('2021-01-17 00:00:00',16,0,'p'),('2021-01-17 00:00:00',9,1,'l'),('2021-01-17 00:00:00',15,3,'w'),('2021-01-17 00:00:00',3,0,'d'),('2021-01-17 00:00:00',2,0,'d'),('2021-01-17 00:00:00',4,4,'w'),('2021-01-17 00:00:00',14,0,'l'),('2021-01-18 00:00:00',1,3,'w'),('2021-01-18 00:00:00',18,0,'l'),('2021-01-19 00:00:00',21,2,'w'),('2021-01-19 00:00:00',26,1,'l'),('2021-01-19 00:00:00',6,2,'w'),('2021-01-19 00:00:00',7,0,'l'),('2021-01-20 00:00:00',27,0,'p'),('2021-01-20 00:00:00',17,0,'p'),('2021-01-20 00:00:00',4,2,'w'),('2021-01-20 00:00:00',5,0,'l'),('2021-01-20 00:00:00',25,1,'l'),('2021-01-20 00:00:00',2,2,'w'),('2021-01-21 00:00:00',3,0,'l'),('2021-01-21 00:00:00',20,1,'w'),('2021-01-23 00:00:00',5,2,'w'),('2021-01-23 00:00:00',18,0,'l'),('2021-01-26 00:00:00',18,1,'l'),('2021-01-26 00:00:00',27,2,'w'),('2021-01-26 00:00:00',14,2,'l'),('2021-01-26 00:00:00',21,3,'w'),('2021-01-26 00:00:00',26,0,'l'),('2021-01-26 00:00:00',4,5,'w'),('2021-01-26 00:00:00',17,1,'l'),('2021-01-26 00:00:00',1,3,'w'),('2021-01-27 00:00:00',7,0,'d'),('2021-01-27 00:00:00',8,0,'d'),('2021-01-27 00:00:00',20,3,'w'),('2021-01-27 00:00:00',5,2,'l'),('2021-01-27 00:00:00',19,0,'d'),('2021-01-27 00:00:00',25,0,'d'),('2021-01-27 00:00:00',16,1,'d'),('2021-01-27 00:00:00',6,1,'d'),('2021-01-27 00:00:00',2,1,'l'),('2021-01-27 00:00:00',9,2,'w'),('2021-01-28 00:00:00',15,1,'l'),('2021-01-28 00:00:00',3,3,'w'),('2021-01-30 00:00:00',16,0,'l'),('2021-01-30 00:00:00',18,2,'w'),('2021-01-30 00:00:00',14,1,'w'),('2021-01-30 00:00:00',8,0,'l'),('2021-01-30 00:00:00',4,1,'w'),('2021-01-30 00:00:00',9,0,'l'),('2021-01-30 00:00:00',26,2,'d'),('2021-01-30 00:00:00',25,2,'d'),('2021-01-30 00:00:00',1,0,'d'),('2021-01-30 00:00:00',2,0,'d'),('2021-01-30 00:00:00',17,0,'l'),('2021-01-30 00:00:00',5,1,'w'),('2021-01-31 00:00:00',7,2,'w'),('2021-01-31 00:00:00',20,0,'l'),('2021-01-31 00:00:00',6,1,'l'),('2021-01-31 00:00:00',27,3,'w'),('2021-01-31 00:00:00',21,1,'l'),('2021-01-31 00:00:00',3,3,'w'),('2021-01-31 00:00:00',19,1,'w'),('2021-01-31 00:00:00',15,0,'l'),('2021-02-02 00:00:00',9,2,'w'),('2021-02-02 00:00:00',26,1,'l'),('2021-02-02 00:00:00',8,2,'w'),('2021-02-02 00:00:00',1,1,'l'),('2021-02-02 00:00:00',2,9,'w'),('2021-02-02 00:00:00',17,0,'l'),('2021-02-02 00:00:00',18,1,'l'),('2021-02-02 00:00:00',14,2,'w'),('2021-02-03 00:00:00',20,0,'l'),('2021-02-03 00:00:00',4,2,'w'),('2021-02-03 00:00:00',25,0,'l'),('2021-02-03 00:00:00',6,2,'w'),('2021-02-03 00:00:00',27,1,'l'),('2021-02-03 00:00:00',16,2,'w'),('2021-02-03 00:00:00',3,0,'l'),('2021-02-03 00:00:00',19,1,'w'),('2021-02-03 00:00:00',5,1,'l'),('2021-02-03 00:00:00',21,3,'w'),('2021-02-04 00:00:00',15,0,'l'),('2021-02-04 00:00:00',7,1,'w'),('2021-02-06 00:00:00',5,1,'w'),('2021-02-06 00:00:00',1,0,'l'),('2021-02-06 00:00:00',20,1,'d'),('2021-02-06 00:00:00',19,1,'d'),('2021-02-06 00:00:00',18,3,'w'),('2021-02-06 00:00:00',17,2,'l'),('2021-02-06 00:00:00',25,0,'d'),('2021-02-06 00:00:00',21,0,'d'),('2021-02-06 00:00:00',2,3,'d'),('2021-02-06 00:00:00',16,3,'d'),('2021-02-07 00:00:00',15,2,'w'),('2021-02-07 00:00:00',26,0,'l'),('2021-02-07 00:00:00',8,0,'d'),('2021-02-07 00:00:00',6,0,'d'),('2021-02-07 00:00:00',3,1,'l'),('2021-02-07 00:00:00',4,4,'w'),('2021-02-07 00:00:00',9,1,'l'),('2021-02-07 00:00:00',7,2,'w'),('2021-02-08 00:00:00',27,2,'w'),('2021-02-08 00:00:00',14,0,'l'),('2021-02-13 00:00:00',6,3,'w'),('2021-02-13 00:00:00',3,1,'l'),('2021-02-13 00:00:00',14,0,'l'),('2021-02-13 00:00:00',20,3,'w'),('2021-02-13 00:00:00',4,3,'w'),('2021-02-13 00:00:00',15,0,'l'),('2021-02-13 00:00:00',19,0,'d'),('2021-02-13 00:00:00',5,0,'d'),('2021-02-14 00:00:00',17,1,'l'),('2021-02-14 00:00:00',8,2,'w'),('2021-02-14 00:00:00',26,1,'d'),('2021-02-14 00:00:00',2,1,'d'),('2021-02-14 00:00:00',1,4,'w'),('2021-02-14 00:00:00',27,2,'l'),('2021-02-14 00:00:00',16,0,'l'),('2021-02-14 00:00:00',25,2,'w'),('2021-02-15 00:00:00',21,3,'w'),('2021-02-15 00:00:00',9,0,'l'),('2021-02-15 00:00:00',7,2,'w'),('2021-02-15 00:00:00',18,0,'l'),('2021-02-17 00:00:00',20,1,'d'),('2021-02-17 00:00:00',25,1,'d'),('2021-02-17 00:00:00',16,1,'l'),('2021-02-17 00:00:00',4,3,'w'),('2021-02-19 00:00:00',8,1,'w'),('2021-02-19 00:00:00',27,0,'l'),('2021-02-20 00:00:00',17,1,'d'),('2021-02-20 00:00:00',7,1,'d'),('2021-02-20 00:00:00',20,0,'d'),('2021-02-20 00:00:00',26,0,'d'),('2021-02-20 00:00:00',3,0,'l'),('2021-02-20 00:00:00',16,2,'w'),('2021-02-20 00:00:00',25,1,'w'),('2021-02-20 00:00:00',9,0,'l'),('2021-02-21 00:00:00',21,2,'w'),('2021-02-21 00:00:00',15,1,'l'),('2021-02-21 00:00:00',5,1,'l'),('2021-02-21 00:00:00',6,2,'w'),('2021-02-21 00:00:00',1,0,'l'),('2021-02-21 00:00:00',4,1,'w'),('2021-02-21 00:00:00',2,3,'w'),('2021-02-21 00:00:00',18,1,'l'),('2021-02-22 00:00:00',19,1,'l'),('2021-02-22 00:00:00',14,2,'w'),('2021-03-02 00:00:00',4,4,'w'),('2021-03-02 00:00:00',8,1,'l'),('2021-03-01 00:00:00',16,1,'w'),('2021-03-01 00:00:00',17,0,'l'),('2021-03-03 00:00:00',20,1,'d'),('2021-03-03 00:00:00',6,1,'d'),('2021-03-03 00:00:00',9,1,'w'),('2021-03-03 00:00:00',5,0,'l'),('2021-03-03 00:00:00',14,0,'d'),('2021-03-03 00:00:00',2,0,'d'),('2021-03-04 00:00:00',26,0,'l'),('2021-03-04 00:00:00',16,1,'w'),('2021-03-04 00:00:00',25,0,'l'),('2021-03-04 00:00:00',15,1,'w'),('2021-03-04 00:00:00',3,0,'l'),('2021-03-04 00:00:00',7,1,'w'),('2021-03-06 00:00:00',20,1,'d'),('2021-03-06 00:00:00',1,1,'d'),('2021-03-06 00:00:00',9,0,'l'),('2021-03-06 00:00:00',17,2,'w'),('2021-03-06 00:00:00',5,0,'d'),('2021-03-06 00:00:00',8,0,'d'),('2021-03-06 00:00:00',19,1,'l'),('2021-03-06 00:00:00',6,2,'w'),('2021-03-07 00:00:00',26,0,'d'),('2021-03-07 00:00:00',18,0,'d'),('2021-03-07 00:00:00',3,0,'l'),('2021-03-07 00:00:00',25,1,'w'),('2021-03-07 00:00:00',4,0,'l'),('2021-03-07 00:00:00',2,2,'w'),('2021-03-07 00:00:00',15,4,'w'),('2021-03-07 00:00:00',14,1,'l'),('2021-03-08 00:00:00',7,2,'w'),('2021-03-08 00:00:00',16,0,'l'),('2021-03-08 00:00:00',21,2,'w'),('2021-03-08 00:00:00',27,0,'l'),('2021-03-10 00:00:00',4,5,'w'),('2021-03-10 00:00:00',17,2,'l'),('2021-03-12 00:00:00',18,1,'d'),('2021-03-12 00:00:00',5,1,'d'),('2021-03-13 00:00:00',27,0,'d'),('2021-03-13 00:00:00',7,0,'d'),('2021-03-13 00:00:00',14,1,'w'),('2021-03-13 00:00:00',26,0,'l'),('2021-03-13 00:00:00',16,1,'l'),('2021-03-13 00:00:00',20,2,'w'),('2021-03-13 00:00:00',25,0,'l'),('2021-03-13 00:00:00',4,3,'w'),('2021-03-14 00:00:00',17,1,'l'),('2021-03-14 00:00:00',19,2,'w'),('2021-03-14 00:00:00',6,5,'w'),('2021-03-14 00:00:00',9,0,'l'),('2021-03-14 00:00:00',1,2,'w'),('2021-03-14 00:00:00',15,1,'l'),('2021-03-14 00:00:00',2,1,'w'),('2021-03-14 00:00:00',21,0,'l'),('2021-03-15 00:00:00',8,0,'l'),('2021-03-15 00:00:00',3,1,'w'),('2021-03-19 00:00:00',25,1,'l'),('2021-03-19 00:00:00',27,2,'w'),('2021-03-20 00:00:00',15,0,'p'),('2021-03-20 00:00:00',17,0,'p'),('2021-03-20 00:00:00',19,3,'w'),('2021-03-20 00:00:00',18,0,'l'),('2021-03-21 00:00:00',21,3,'d'),('2021-03-21 00:00:00',1,3,'d'),('2021-03-21 00:00:00',5,0,'l'),('2021-03-21 00:00:00',15,2,'w'),('2021-04-03 00:00:00',7,2,'l'),('2021-04-03 00:00:00',26,5,'w'),('2021-04-03 00:00:00',27,2,'w'),('2021-04-03 00:00:00',9,1,'l'),('2021-04-03 00:00:00',6,0,'l'),('2021-04-03 00:00:00',4,2,'w'),('2021-04-03 00:00:00',1,0,'l'),('2021-04-03 00:00:00',3,3,'w'),('2021-04-04 00:00:00',17,3,'w'),('2021-04-04 00:00:00',20,2,'l'),('2021-04-04 00:00:00',18,2,'d'),('2021-04-04 00:00:00',15,2,'d'),('2021-04-04 00:00:00',5,3,'w'),('2021-04-04 00:00:00',25,1,'l'),('2021-04-04 00:00:00',2,2,'w'),('2021-04-04 00:00:00',19,1,'l'),('2021-04-05 00:00:00',16,1,'d'),('2021-04-05 00:00:00',14,1,'d'),('2021-04-05 00:00:00',8,2,'l'),('2021-04-05 00:00:00',21,3,'w'),('2021-04-09 00:00:00',25,0,'l'),('2021-04-09 00:00:00',8,1,'w'),('2021-04-10 00:00:00',4,1,'l'),('2021-04-10 00:00:00',27,2,'w'),('2021-04-10 00:00:00',3,2,'w'),('2021-04-10 00:00:00',5,1,'l'),('2021-04-10 00:00:00',14,1,'l'),('2021-04-10 00:00:00',7,4,'w'),('2021-04-11 00:00:00',20,1,'l'),('2021-04-11 00:00:00',18,2,'w'),('2021-04-11 00:00:00',21,3,'w'),('2021-04-11 00:00:00',6,2,'l'),('2021-04-11 00:00:00',15,1,'l'),('2021-04-11 00:00:00',2,3,'w'),('2021-04-11 00:00:00',9,0,'l'),('2021-04-11 00:00:00',1,3,'w'),('2021-04-12 00:00:00',26,3,'w'),('2021-04-12 00:00:00',17,0,'l'),('2021-04-12 00:00:00',19,0,'d'),('2021-04-12 00:00:00',16,0,'d'),('2021-04-16 00:00:00',16,2,'d'),('2021-04-16 00:00:00',15,2,'d'),('2021-04-17 00:00:00',17,0,'p'),('2021-04-17 00:00:00',14,0,'p'),('2021-04-17 00:00:00',18,3,'w'),('2021-04-17 00:00:00',21,2,'l'),('2021-04-17 00:00:00',8,1,'w'),('2021-04-17 00:00:00',9,0,'l'),('2021-04-18 00:00:00',1,1,'d'),('2021-04-18 00:00:00',25,1,'d'),('2021-04-18 00:00:00',2,3,'w'),('2021-04-18 00:00:00',20,1,'l'),('2021-04-19 00:00:00',27,1,'d'),('2021-04-19 00:00:00',3,1,'d'),('2021-04-20 00:00:00',7,0,'d'),('2021-04-20 00:00:00',19,0,'d'),('2021-04-21 00:00:00',15,2,'w'),('2021-04-21 00:00:00',17,1,'l'),('2021-04-21 00:00:00',5,1,'l'),('2021-04-21 00:00:00',4,2,'w'),('2021-04-22 00:00:00',6,3,'w'),('2021-04-22 00:00:00',26,0,'l'),('2021-04-23 00:00:00',1,0,'l'),('2021-04-23 00:00:00',16,1,'w'),('2021-04-24 00:00:00',3,1,'d'),('2021-04-24 00:00:00',18,1,'d'),('2021-04-24 00:00:00',21,0,'l'),('2021-04-24 00:00:00',7,1,'w'),('2021-04-24 00:00:00',9,1,'w'),('2021-04-24 00:00:00',19,0,'l'),('2021-04-25 00:00:00',8,0,'l'),('2021-04-25 00:00:00',20,4,'w'),('2021-04-25 00:00:00',27,0,'d'),('2021-04-25 00:00:00',2,0,'d'),('2021-04-25 00:00:00',5,2,'d'),('2021-04-25 00:00:00',26,2,'d'),('2021-04-26 00:00:00',6,2,'w'),('2021-04-26 00:00:00',14,1,'l'),('2021-04-30 00:00:00',17,1,'d'),('2021-04-30 00:00:00',6,1,'d'),('2021-05-01 00:00:00',14,0,'l'),('2021-05-01 00:00:00',4,2,'w'),('2021-05-01 00:00:00',19,2,'w'),('2021-05-01 00:00:00',27,0,'l'),('2021-05-01 00:00:00',7,2,'w'),('2021-05-01 00:00:00',25,0,'l'),('2021-05-01 00:00:00',16,1,'l'),('2021-05-01 00:00:00',5,2,'w'),('2021-05-02 00:00:00',2,0,'p'),('2021-05-02 00:00:00',3,0,'p'),('2021-05-02 00:00:00',18,0,'l'),('2021-05-02 00:00:00',1,2,'w'),('2021-05-02 00:00:00',15,4,'w'),('2021-05-02 00:00:00',9,0,'l'),('2021-05-03 00:00:00',26,1,'d'),('2021-05-03 00:00:00',8,1,'d'),('2021-05-03 00:00:00',20,1,'l'),('2021-05-03 00:00:00',21,2,'w'),('2021-05-07 00:00:00',6,2,'l'),('2021-05-07 00:00:00',18,4,'w'),('2021-05-08 00:00:00',27,3,'w'),('2021-05-08 00:00:00',15,1,'l'),('2021-05-08 00:00:00',9,0,'l'),('2021-05-08 00:00:00',14,2,'w'),('2021-05-08 00:00:00',4,1,'l'),('2021-05-08 00:00:00',7,2,'w'),('2021-05-08 00:00:00',3,2,'w'),('2021-05-08 00:00:00',17,0,'l'),('2021-05-09 00:00:00',8,2,'w'),('2021-05-09 00:00:00',19,1,'l'),('2021-05-09 00:00:00',5,1,'l'),('2021-05-09 00:00:00',2,3,'w'),('2021-05-09 00:00:00',21,0,'l'),('2021-05-09 00:00:00',16,1,'w'),('2021-05-09 00:00:00',1,3,'w'),('2021-05-09 00:00:00',26,1,'l'),('2021-05-10 00:00:00',25,0,'l'),('2021-05-10 00:00:00',20,2,'w'),('2021-02-28 00:00:00',1,3,'w'),('2021-02-28 00:00:00',14,0,'d'),('2021-02-28 00:00:00',25,0,'d'),('2021-02-28 00:00:00',20,0,'l'),('2021-02-28 00:00:00',7,0,'d'),('2021-02-28 00:00:00',2,0,'d'),('2021-02-28 00:00:00',9,0,'l'),('2021-02-28 00:00:00',3,2,'w'),('2021-02-27 00:00:00',4,2,'w'),('2021-02-27 00:00:00',21,1,'l'),('2021-02-27 00:00:00',26,1,'w'),('2021-02-27 00:00:00',5,1,'w'),('2021-02-23 00:00:00',17,0,'l'),('2021-05-11 00:00:00',2,1,'l'),('2021-05-11 00:00:00',6,2,'w'),('2021-02-28 00:00:00',6,1,'l'),('2021-02-28 00:00:00',15,4,'w'),('2021-02-27 00:00:00',19,0,'l'),('2021-02-27 00:00:00',27,0,'l'),('2021-02-27 00:00:00',18,1,'d'),('2021-02-27 00:00:00',8,1,'d'),('2021-02-23 00:00:00',27,3,'w'),('2021-05-12 00:00:00',7,0,'l'),('2021-05-12 00:00:00',1,1,'w'),('2021-05-11 00:00:00',17,3,'w'),('2021-05-11 00:00:00',14,1,'l'),('2021-05-13 00:00:00',5,0,'d'),('2021-05-13 00:00:00',16,0,'d'),('2021-05-13 00:00:00',2,2,'l'),('2021-05-13 00:00:00',3,4,'w'),('2021-05-14 00:00:00',18,3,'l'),('2021-05-14 00:00:00',4,4,'w'),('2021-05-15 00:00:00',20,0,'l'),('2021-05-15 00:00:00',27,4,'w'),('2021-05-15 00:00:00',17,3,'w'),('2021-05-15 00:00:00',25,1,'l'),('2021-05-15 00:00:00',19,1,'d'),('2021-05-15 00:00:00',21,1,'d'),('2021-05-16 00:00:00',14,3,'w'),('2021-05-16 00:00:00',5,2,'l'),('2021-05-16 00:00:00',15,2,'w'),('2021-05-16 00:00:00',8,0,'l'),('2021-05-16 00:00:00',26,1,'l'),('2021-05-16 00:00:00',3,2,'w'),('2021-05-16 00:00:00',16,0,'l'),('2021-05-16 00:00:00',9,1,'w'),('2021-05-18 00:00:00',17,0,'l'),('2021-05-18 00:00:00',27,2,'w'),('2021-05-18 00:00:00',2,1,'d'),('2021-05-18 00:00:00',25,1,'d'),('2021-05-18 00:00:00',19,3,'w'),('2021-05-18 00:00:00',4,2,'l'),('2021-05-18 00:00:00',7,2,'w'),('2021-05-18 00:00:00',6,1,'l'),('2021-05-19 00:00:00',15,1,'l'),('2021-05-19 00:00:00',5,2,'w'),('2021-05-19 00:00:00',18,1,'w'),('2021-05-19 00:00:00',9,0,'l'),('2021-05-19 00:00:00',16,1,'w'),('2021-05-19 00:00:00',8,0,'l'),('2021-05-19 00:00:00',14,1,'l'),('2021-05-19 00:00:00',1,3,'w'),('2021-05-19 00:00:00',26,1,'l'),('2021-05-19 00:00:00',21,3,'w'),('2021-05-19 00:00:00',20,0,'l'),('2021-05-19 00:00:00',3,3,'w'),('2021-05-23 00:00:00',8,1,'l'),('2021-05-23 00:00:00',2,2,'w'),('2021-05-23 00:00:00',21,3,'w'),('2021-05-23 00:00:00',17,0,'l'),('2021-05-23 00:00:00',9,1,'w'),('2021-05-23 00:00:00',20,0,'l'),('2021-05-23 00:00:00',4,5,'w'),('2021-05-23 00:00:00',16,0,'l'),('2021-05-23 00:00:00',3,2,'w'),('2021-05-23 00:00:00',14,0,'l'),('2021-05-23 00:00:00',6,2,'l'),('2021-05-23 00:00:00',15,4,'w'),('2021-05-23 00:00:00',27,3,'w'),('2021-05-23 00:00:00',26,1,'l'),('2021-05-23 00:00:00',25,0,'l'),('2021-05-23 00:00:00',18,2,'w'),('2021-05-23 00:00:00',5,2,'w'),('2021-05-23 00:00:00',7,1,'l'),('2021-05-23 00:00:00',1,2,'w'),('2021-05-23 00:00:00',19,0,'l'),('2021-06-11 00:00:00',29,0,'l'),('2021-06-11 00:00:00',30,3,'w'),('2021-06-12 00:00:00',31,1,'d'),('2021-06-12 00:00:00',32,1,'d'),('2021-06-12 00:00:00',33,0,'l'),('2021-06-12 00:00:00',34,1,'w'),('2021-06-12 00:00:00',35,3,'w'),('2021-06-12 00:00:00',36,0,'l'),('2021-06-13 00:00:00',37,1,'w'),('2021-06-13 00:00:00',38,0,'l'),('2021-06-13 00:00:00',39,3,'w'),('2021-06-13 00:00:00',40,1,'l'),('2021-06-13 00:00:00',41,3,'w'),('2021-06-13 00:00:00',42,2,'l'),('2021-06-14 00:00:00',43,0,'l'),('2021-06-14 00:00:00',44,2,'w'),('2021-06-14 00:00:00',45,1,'l'),('2021-06-14 00:00:00',46,2,'w'),('2021-06-14 00:00:00',47,0,'d'),('2021-06-14 00:00:00',48,0,'d'),('2021-06-15 00:00:00',49,0,'l'),('2021-06-15 00:00:00',50,3,'w'),('2021-06-15 00:00:00',51,1,'w'),('2021-06-15 00:00:00',52,0,'l'),('2021-06-16 00:00:00',34,0,'l'),('2021-06-16 00:00:00',36,1,'w'),('2021-06-16 00:00:00',29,0,'l'),('2021-06-16 00:00:00',31,2,'w'),('2021-06-16 00:00:00',30,3,'w'),('2021-06-16 00:00:00',32,0,'l'),('2021-06-17 00:00:00',42,2,'w'),('2021-06-17 00:00:00',40,1,'l'),('2021-06-17 00:00:00',33,1,'l'),('2021-06-17 00:00:00',35,2,'w'),('2021-06-17 00:00:00',41,2,'w'),('2021-06-17 00:00:00',39,0,'l'),('2021-06-18 00:00:00',48,1,'w'),('2021-06-18 00:00:00',46,0,'l'),('2021-06-18 00:00:00',38,1,'d'),('2021-06-18 00:00:00',44,1,'d'),('2021-06-18 00:00:00',37,0,'d'),('2021-06-18 00:00:00',43,0,'d'),('2021-06-19 00:00:00',49,1,'d'),('2021-06-19 00:00:00',51,1,'d'),('2021-06-19 00:00:00',50,2,'l'),('2021-06-19 00:00:00',52,4,'w'),('2021-06-19 00:00:00',47,1,'d'),('2021-06-19 00:00:00',45,1,'d'),('2021-06-20 00:00:00',30,1,'w'),('2021-06-20 00:00:00',31,0,'l'),('2021-06-20 00:00:00',32,3,'w'),('2021-06-20 00:00:00',29,1,'l'),('2021-06-21 00:00:00',40,0,'l'),('2021-06-21 00:00:00',41,3,'w'),('2021-06-21 00:00:00',42,0,'l'),('2021-06-21 00:00:00',39,1,'w'),('2021-06-21 00:00:00',34,0,'l'),('2021-06-21 00:00:00',35,2,'w'),('2021-06-21 00:00:00',36,1,'l'),('2021-06-21 00:00:00',33,4,'w'),('2021-06-22 00:00:00',44,0,'l'),('2021-06-22 00:00:00',37,1,'w'),('2021-06-22 00:00:00',38,3,'w'),('2021-06-22 00:00:00',43,1,'l'),('2021-06-23 00:00:00',48,3,'w'),('2021-06-23 00:00:00',45,2,'l'),('2021-06-23 00:00:00',46,0,'l'),('2021-06-23 00:00:00',47,5,'w'),('2021-06-23 00:00:00',52,2,'d'),('2021-06-23 00:00:00',49,2,'d'),('2021-06-23 00:00:00',50,2,'d'),('2021-06-23 00:00:00',51,2,'d'),('2021-06-26 00:00:00',31,0,'l'),('2021-06-26 00:00:00',33,4,'w'),('2021-06-26 00:00:00',30,2,'w'),('2021-06-26 00:00:00',39,1,'l'),('2021-06-27 00:00:00',41,0,'l'),('2021-06-27 00:00:00',44,2,'w'),('2021-06-27 00:00:00',35,1,'w'),('2021-06-27 00:00:00',50,0,'l'),('2021-06-28 00:00:00',38,3,'l'),('2021-06-28 00:00:00',47,5,'w'),('2021-06-28 00:00:00',51,4,'l'),('2021-06-28 00:00:00',32,5,'w'),('2021-06-29 00:00:00',37,2,'w'),('2021-06-29 00:00:00',52,0,'l'),('2021-06-29 00:00:00',48,1,'l'),('2021-06-29 00:00:00',42,2,'w'),('2021-07-02 00:00:00',32,1,'l'),('2021-07-02 00:00:00',47,3,'w'),('2021-07-02 00:00:00',35,1,'l'),('2021-07-02 00:00:00',30,2,'w'),('2021-07-03 00:00:00',44,1,'l'),('2021-07-03 00:00:00',33,2,'w'),('2021-07-03 00:00:00',42,0,'l'),('2021-07-03 00:00:00',37,4,'w'),('2021-07-06 00:00:00',47,2,'l'),('2021-07-06 00:00:00',30,4,'w'),('2021-07-07 00:00:00',37,2,'w'),('2021-07-07 00:00:00',33,1,'l'),('2021-07-11 00:00:00',30,3,'w'),('2021-07-11 00:00:00',37,2,'l'),('2021-08-13 00:00:00',53,2,'w'),('2021-08-13 00:00:00',1,0,'l'),('2021-08-14 00:00:00',2,5,'w'),('2021-08-14 00:00:00',27,1,'l'),('2021-08-14 00:00:00',22,3,'w'),('2021-08-14 00:00:00',5,2,'l'),('2021-08-14 00:00:00',6,1,'w'),('2021-08-14 00:00:00',8,0,'l'),('2021-08-14 00:00:00',16,3,'w'),('2021-08-14 00:00:00',17,1,'l'),('2021-08-14 00:00:00',7,3,'w'),('2021-08-14 00:00:00',14,0,'l'),('2021-08-14 00:00:00',20,1,'l'),('2021-08-14 00:00:00',19,2,'w'),('2021-08-14 00:00:00',24,0,'l'),('2021-08-14 00:00:00',3,3,'w'),('2021-08-15 00:00:00',18,2,'l'),('2021-08-15 00:00:00',21,4,'w'),('2021-08-15 00:00:00',15,1,'w'),('2021-08-15 00:00:00',4,0,'l'),('2021-08-21 00:00:00',3,2,'w'),('2021-08-21 00:00:00',20,0,'l'),('2021-08-21 00:00:00',4,5,'w'),('2021-08-21 00:00:00',24,0,'l'),('2021-08-21 00:00:00',27,2,'d'),('2021-08-21 00:00:00',16,2,'d'),('2021-08-21 00:00:00',14,0,'d'),('2021-08-21 00:00:00',53,0,'d'),('2021-08-21 00:00:00',5,2,'w'),('2021-08-21 00:00:00',18,0,'l'),('2021-08-21 00:00:00',19,2,'w'),('2021-08-21 00:00:00',22,0,'l'),('2021-08-22 00:00:00',8,0,'l'),('2021-08-22 00:00:00',15,1,'w'),('2021-08-22 00:00:00',17,1,'d'),('2021-08-22 00:00:00',2,1,'d'),('2021-08-22 00:00:00',1,0,'l'),('2021-08-22 00:00:00',7,2,'w'),('2021-08-23 00:00:00',21,4,'w'),('2021-08-23 00:00:00',6,1,'l'),('2021-08-28 00:00:00',4,5,'w'),('2021-08-28 00:00:00',1,0,'l'),('2021-08-28 00:00:00',19,0,'l'),('2021-08-28 00:00:00',16,2,'w'),('2021-08-28 00:00:00',5,1,'d'),('2021-08-28 00:00:00',53,1,'d'),('2021-08-28 00:00:00',24,1,'l'),('2021-08-28 00:00:00',6,2,'w'),('2021-08-28 00:00:00',18,2,'d'),('2021-08-28 00:00:00',17,2,'d'),('2021-08-28 00:00:00',21,2,'d'),('2021-08-28 00:00:00',14,2,'d'),('2021-08-28 00:00:00',3,1,'d'),('2021-08-28 00:00:00',7,1,'d'),('2021-08-29 00:00:00',20,1,'d'),('2021-08-29 00:00:00',27,1,'d'),('2021-08-29 00:00:00',15,1,'w'),('2021-08-29 00:00:00',22,0,'l'),('2021-08-29 00:00:00',8,0,'l'),('2021-08-29 00:00:00',2,1,'w'),('2021-09-11 00:00:00',14,3,'w'),('2021-09-11 00:00:00',15,0,'l'),('2021-09-11 00:00:00',1,1,'w'),('2021-09-11 00:00:00',24,0,'l'),('2021-09-11 00:00:00',53,0,'l'),('2021-09-11 00:00:00',19,1,'w'),('2021-09-11 00:00:00',17,0,'d'),('2021-09-11 00:00:00',21,0,'d'),('2021-09-11 00:00:00',2,4,'w'),('2021-09-11 00:00:00',18,1,'l'),('2021-09-11 00:00:00',22,0,'l'),('2021-09-11 00:00:00',8,2,'w'),('2021-09-11 00:00:00',6,0,'l'),('2021-09-11 00:00:00',4,1,'w'),('2021-09-11 00:00:00',7,3,'w'),('2021-09-11 00:00:00',5,0,'l'),('2021-09-12 00:00:00',27,0,'l'),('2021-09-12 00:00:00',3,3,'w'),('2021-09-13 00:00:00',16,3,'w'),('2021-09-13 00:00:00',20,1,'l'),('2021-09-17 00:00:00',18,1,'d'),('2021-09-17 00:00:00',27,1,'d'),('2021-09-18 00:00:00',8,0,'l'),('2021-09-18 00:00:00',53,2,'w'),('2021-09-18 00:00:00',20,0,'l'),('2021-09-18 00:00:00',1,1,'w'),('2021-09-18 00:00:00',4,0,'d'),('2021-09-18 00:00:00',17,0,'d'),('2021-09-18 00:00:00',3,3,'w'),('2021-09-18 00:00:00',14,0,'l'),('2021-09-18 00:00:00',24,1,'l'),('2021-09-18 00:00:00',22,3,'w'),('2021-09-18 00:00:00',5,3,'w'),('2021-09-18 00:00:00',16,0,'l'),('2021-09-19 00:00:00',19,2,'w'),('2021-09-19 00:00:00',6,1,'l'),('2021-09-19 00:00:00',21,1,'l'),('2021-09-19 00:00:00',2,2,'w'),('2021-09-19 00:00:00',15,0,'l'),('2021-09-19 00:00:00',7,3,'w'),('2021-09-25 00:00:00',7,0,'l'),('2021-09-25 00:00:00',4,1,'w'),('2021-09-25 00:00:00',2,0,'l'),('2021-09-25 00:00:00',5,1,'w'),('2021-09-25 00:00:00',22,1,'d'),('2021-09-25 00:00:00',18,1,'d'),('2021-09-25 00:00:00',6,2,'d'),('2021-09-25 00:00:00',20,2,'d'),('2021-09-25 00:00:00',27,1,'l'),('2021-09-25 00:00:00',21,2,'w'),('2021-09-25 00:00:00',16,2,'w'),('2021-09-25 00:00:00',24,0,'l'),('2021-09-25 00:00:00',53,3,'d'),('2021-09-25 00:00:00',3,3,'d'),('2021-09-26 00:00:00',17,0,'l'),('2021-09-26 00:00:00',8,1,'w'),('2021-09-26 00:00:00',1,3,'w'),('2021-09-26 00:00:00',15,1,'l'),('2021-09-27 00:00:00',14,1,'d'),('2021-09-27 00:00:00',19,1,'d'),('2021-10-02 00:00:00',2,1,'d'),('2021-10-02 00:00:00',16,1,'d'),('2021-10-02 00:00:00',27,1,'w'),('2021-10-02 00:00:00',22,0,'l'),('2021-10-02 00:00:00',7,3,'w'),('2021-10-02 00:00:00',17,1,'l'),('2021-10-02 00:00:00',20,0,'d'),('2021-10-02 00:00:00',24,0,'d'),('2021-10-02 00:00:00',8,2,'w'),('2021-10-02 00:00:00',18,1,'l'),('2021-10-02 00:00:00',19,0,'d'),('2021-10-02 00:00:00',1,0,'d'),('2021-10-03 00:00:00',14,2,'d'),('2021-10-03 00:00:00',6,2,'d'),('2021-10-03 00:00:00',21,1,'l'),('2021-10-03 00:00:00',53,2,'w'),('2021-10-03 00:00:00',15,2,'w'),('2021-10-03 00:00:00',5,1,'l'),('2021-10-03 00:00:00',3,2,'d'),('2021-10-03 00:00:00',4,2,'d'),('2021-10-16 00:00:00',22,0,'l'),('2021-10-16 00:00:00',3,5,'w'),('2021-10-16 00:00:00',6,4,'w'),('2021-10-16 00:00:00',2,2,'l'),('2021-10-16 00:00:00',5,2,'l'),('2021-10-16 00:00:00',8,3,'w'),('2021-10-16 00:00:00',17,1,'w'),('2021-10-16 00:00:00',27,0,'l'),('2021-10-16 00:00:00',24,0,'d'),('2021-10-16 00:00:00',19,0,'d'),('2021-10-16 00:00:00',4,2,'w'),('2021-10-16 00:00:00',20,0,'l'),('2021-10-16 00:00:00',53,0,'l'),('2021-10-16 00:00:00',7,1,'w'),('2021-10-17 00:00:00',16,0,'l'),('2021-10-17 00:00:00',21,1,'w'),('2021-10-17 00:00:00',18,2,'l'),('2021-10-17 00:00:00',15,3,'w'),('2021-10-18 00:00:00',1,2,'d'),('2021-10-18 00:00:00',14,2,'d'),('2021-10-22 00:00:00',1,3,'w'),('2021-10-22 00:00:00',5,1,'l'),('2021-10-23 00:00:00',7,7,'w'),('2021-10-23 00:00:00',24,0,'l'),('2021-10-23 00:00:00',14,1,'d'),('2021-10-23 00:00:00',18,1,'d'),('2021-10-23 00:00:00',17,2,'d'),('2021-10-23 00:00:00',20,2,'d'),('2021-10-23 00:00:00',16,2,'l'),('2021-10-23 00:00:00',22,5,'w'),('2021-10-23 00:00:00',27,1,'d'),('2021-10-23 00:00:00',8,1,'d'),('2021-10-23 00:00:00',19,1,'l'),('2021-10-23 00:00:00',4,4,'w'),('2021-10-24 00:00:00',53,1,'l'),('2021-10-24 00:00:00',6,2,'w'),('2021-10-24 00:00:00',21,1,'w'),('2021-10-24 00:00:00',15,0,'l'),('2021-10-24 00:00:00',2,0,'l'),('2021-10-24 00:00:00',3,5,'w'),('2021-10-30 00:00:00',6,0,'l'),('2021-10-30 00:00:00',1,2,'w'),('2021-10-30 00:00:00',18,0,'l'),('2021-10-30 00:00:00',7,3,'w'),('2021-10-30 00:00:00',22,0,'l'),('2021-10-30 00:00:00',17,1,'w'),('2021-10-30 00:00:00',3,2,'d'),('2021-10-30 00:00:00',19,2,'d'),('2021-10-30 00:00:00',4,0,'l'),('2021-10-30 00:00:00',14,2,'w'),('2021-10-30 00:00:00',20,3,'w'),('2021-10-30 00:00:00',53,1,'l'),('2021-10-30 00:00:00',15,0,'l'),('2021-10-30 00:00:00',2,3,'w'),('2021-10-31 00:00:00',24,1,'l'),('2021-10-31 00:00:00',27,2,'w'),('2021-10-31 00:00:00',5,1,'l'),('2021-10-31 00:00:00',21,4,'w'),('2021-11-01 00:00:00',8,2,'w'),('2021-11-01 00:00:00',16,1,'l'),('2021-11-05 00:00:00',17,1,'w'),('2021-11-05 00:00:00',5,0,'l'),('2021-11-06 00:00:00',2,0,'l'),('2021-11-06 00:00:00',4,2,'w'),('2021-11-06 00:00:00',14,2,'w'),('2021-11-06 00:00:00',8,0,'l'),('2021-11-06 00:00:00',7,1,'d'),('2021-11-06 00:00:00',20,1,'d'),('2021-11-06 00:00:00',53,1,'l'),('2021-11-06 00:00:00',24,2,'w'),('2021-11-06 00:00:00',19,1,'d'),('2021-11-06 00:00:00',18,1,'d'),('2021-11-07 00:00:00',1,1,'w'),('2021-11-07 00:00:00',22,0,'l'),('2021-11-07 00:00:00',27,1,'d'),('2021-11-07 00:00:00',6,1,'d'),('2021-11-07 00:00:00',16,0,'d'),('2021-11-07 00:00:00',15,0,'d'),('2021-11-07 00:00:00',21,3,'w'),('2021-11-07 00:00:00',3,2,'l'),('2021-11-20 00:00:00',6,0,'l'),('2021-11-20 00:00:00',7,3,'w'),('2021-11-20 00:00:00',20,3,'d'),('2021-11-20 00:00:00',14,3,'d'),('2021-11-20 00:00:00',5,2,'w'),('2021-11-20 00:00:00',19,0,'l'),('2021-11-20 00:00:00',22,4,'w'),('2021-11-20 00:00:00',2,1,'l'),('2021-11-20 00:00:00',8,1,'w'),('2021-11-20 00:00:00',21,0,'l'),('2021-11-20 00:00:00',24,2,'w'),('2021-11-20 00:00:00',17,1,'l'),('2021-11-20 00:00:00',18,3,'d'),('2021-11-20 00:00:00',53,3,'d');
/*!40000 ALTER TABLE `lms_results` ENABLE KEYS */;
UNLOCK TABLES;

--
-- Table structure for table `lms_team`
--

DROP TABLE IF EXISTS `lms_team`;
/*!40101 SET @saved_cs_client     = @@character_set_client */;
/*!40101 SET character_set_client = utf8 */;
CREATE TABLE `lms_team` (
  `lms_team_id` int(11) NOT NULL AUTO_INCREMENT,
  `lms_team_name` varchar(45) NOT NULL,
  `lms_team_active` tinyint(1) DEFAULT 1,
  `lms_team_wins` int(2) DEFAULT 0,
  `lms_team_abbr` char(3) NOT NULL DEFAULT '',
  PRIMARY KEY (`lms_team_id`)
) ENGINE=InnoDB AUTO_INCREMENT=54 DEFAULT CHARSET=utf8;
/*!40101 SET character_set_client = @saved_cs_client */;

--
-- Dumping data for table `lms_team`
--

LOCK TABLES `lms_team` WRITE;
/*!40000 ALTER TABLE `lms_team` DISABLE KEYS */;
INSERT INTO `lms_team` (`lms_team_id`, `lms_team_name`, `lms_team_active`, `lms_team_wins`, `lms_team_abbr`) VALUES (1,'Arsenal',1,0,'ARS'),(2,'Manchester United',1,0,'MUN'),(3,'Liverpool',1,0,'LIV'),(4,'Manchester City',1,0,'MCI'),(5,'Aston Villa',1,0,'AVI'),(6,'Leicester City',1,0,'LEI'),(7,'Chelsea',1,0,'CHE'),(8,'Wolverhampton Wanderers',1,0,'WOL'),(9,'Sheffield United',0,0,'SHU'),(14,'Crystal Palace',1,0,'CPA'),(15,'Tottenham Hotspur',1,0,'TOT'),(16,'Everton',1,0,'EVE'),(17,'Southampton',1,0,'SOU'),(18,'Newcastle United',1,0,'NEW'),(19,'Brighton & Hove Albion',1,0,'BRI'),(20,'Burnley',1,0,'BUR'),(21,'West Ham United',1,0,'WHA'),(22,'Watford',1,0,'WAT'),(23,'Bournemouth',0,0,'BOU'),(24,'Norwich City',1,0,'NCI'),(25,'Fulham',0,0,'FUL'),(26,'West Brom',0,0,'WBR'),(27,'Leeds United',1,0,'LEE'),(28,'No matches Wk 27',1,1,'N27'),(29,'Turkey',0,0,'TUR'),(30,'Italy',0,0,'ITA'),(31,'Wales',0,0,'WAL'),(32,'Switzerland',0,0,'SWI'),(33,'Denmark',0,0,'DEN'),(34,'Finland',0,0,'FIN'),(35,'Belgium',0,0,'BEL'),(36,'Russia',0,0,'RUS'),(37,'England',0,0,'ENG'),(38,'Croatia',0,0,'CRO'),(39,'Austria',0,0,'AUS'),(40,'North Macedonia',0,0,'NMA'),(41,'Netherlands',0,0,'NET'),(42,'Ukraine',0,0,'UKR'),(43,'Scotland',0,0,'SCO'),(44,'Czech Republic',0,0,'CRE'),(45,'Poland',0,0,'POL'),(46,'Slovakia',0,0,'SLO'),(47,'Spain',0,0,'SPA'),(48,'Sweden',0,0,'SWE'),(49,'Hungary',0,0,'HUN'),(50,'Portugal',0,0,'POR'),(51,'France',0,0,'FRA'),(52,'Germany',0,0,'GER'),(53,'Brentford',1,0,'BRE');
/*!40000 ALTER TABLE `lms_team` ENABLE KEYS */;
UNLOCK TABLES;

--
-- Table structure for table `lms_team_abbr`
--

DROP TABLE IF EXISTS `lms_team_abbr`;
/*!40101 SET @saved_cs_client     = @@character_set_client */;
/*!40101 SET character_set_client = utf8 */;
CREATE TABLE `lms_team_abbr` (
  `lms_team_abbr_abbr` varchar(3) NOT NULL,
  `lms_team_abbr_team_id` int(11) NOT NULL,
  PRIMARY KEY (`lms_team_abbr_abbr`)
) ENGINE=MyISAM DEFAULT CHARSET=utf8;
/*!40101 SET character_set_client = @saved_cs_client */;

--
-- Dumping data for table `lms_team_abbr`
--

LOCK TABLES `lms_team_abbr` WRITE;
/*!40000 ALTER TABLE `lms_team_abbr` DISABLE KEYS */;
INSERT INTO `lms_team_abbr` (`lms_team_abbr_abbr`, `lms_team_abbr_team_id`) VALUES ('ARS',1),('MUN',2),('LIV',3),('MCI',4),('AST',5),('AVI',5),('LEI',6),('LCI',6),('CHE',7),('WWA',8),('WOL',8),('SUN',9),('CRY',14),('CPA',14),('TOT',15),('THO',15),('EVE',16),('SOU',17),('NUN',18),('B&',19),('BUR',20),('WHA',21),('WAT',22),('BOU',23),('NCI',24),('FUL',25),('WBR',26),('LUN',27),('TUR',29),('ITA',30),('WAL',31),('SWI',32),('DEN',33),('FIN',34),('BEL',35),('RUS',36),('ENG',37),('CRO',38),('AUS',39),('NMA',40),('NET',41),('UKR',42),('SCO',43),('CRE',44),('POL',45),('SLO',46),('SPA',47),('SWE',48),('HUN',49),('POR',50),('FRA',51),('GER',52),('BRE',53),('BRI',19),('NOR',24),('LEE',27),('NEW',18),('SHU',9);
/*!40000 ALTER TABLE `lms_team_abbr` ENABLE KEYS */;
UNLOCK TABLES;

--
-- Table structure for table `lms_week`
--

DROP TABLE IF EXISTS `lms_week`;
/*!40101 SET @saved_cs_client     = @@character_set_client */;
/*!40101 SET character_set_client = utf8 */;
CREATE TABLE `lms_week` (
  `lms_week_no` varchar(6) NOT NULL,
  `lms_week` int(2) NOT NULL,
  `lms_year` int(4) NOT NULL,
  `lms_week_start` datetime NOT NULL,
  `lms_week_end` datetime NOT NULL,
  `lms_week_deadline` datetime NOT NULL,
  `lms_week_state` int(1) NOT NULL DEFAULT 0,
  PRIMARY KEY (`lms_week_no`)
) ENGINE=InnoDB DEFAULT CHARSET=utf8;
/*!40101 SET character_set_client = @saved_cs_client */;

--
-- Dumping data for table `lms_week`
--

LOCK TABLES `lms_week` WRITE;
/*!40000 ALTER TABLE `lms_week` DISABLE KEYS */;
INSERT INTO `lms_week` (`lms_week_no`, `lms_week`, `lms_year`, `lms_week_start`, `lms_week_end`, `lms_week_deadline`, `lms_week_state`) VALUES ('202100',0,2021,'2020-08-20 00:00:00','2020-09-07 00:00:00','2020-09-01 00:00:00',5),('202101',1,2021,'2020-09-07 00:00:00','2020-09-14 00:00:00','2020-09-13 00:00:00',5),('202102',2,2021,'2020-09-13 00:00:00','2020-09-21 00:00:00','2020-09-16 00:00:00',5),('202103',3,2021,'2020-09-26 00:00:00','2020-09-28 00:00:00','2020-09-25 23:59:59',5),('202104',4,2021,'2020-10-03 00:00:00','2020-10-04 00:00:00','2020-10-02 23:59:59',5),('202105',5,2021,'2020-10-17 00:00:00','2020-10-19 00:00:00','2020-10-16 23:59:59',5),('202106',6,2021,'2020-10-23 00:00:00','2020-10-26 00:00:00','2020-10-22 23:59:59',5),('202107',7,2021,'2020-10-30 00:00:00','2020-11-02 00:00:00','2020-10-29 23:59:59',5),('202108',8,2021,'2020-11-06 00:00:00','2020-11-08 00:00:00','2020-11-05 23:59:59',5),('202109',9,2021,'2020-11-21 00:00:00','2020-11-26 00:00:00','2020-11-20 23:59:59',5),('202110',10,2021,'2020-11-27 00:00:00','2020-12-03 00:00:00','2020-11-26 23:59:59',5),('202111',11,2021,'2020-12-04 00:00:00','2020-12-10 00:00:00','2020-12-03 23:59:59',5),('202112',12,2021,'2020-12-11 00:00:00','2020-12-17 00:00:00','2020-12-10 23:59:59',5),('202113',13,2021,'2020-12-18 00:00:00','2020-12-24 00:00:00','2020-12-17 23:59:59',5),('202114',14,2021,'2020-12-25 00:00:00','2020-12-31 00:00:00','2020-12-24 23:59:59',5),('202115',15,2021,'2021-01-01 00:00:00','2021-01-07 00:00:00','2020-12-31 23:59:59',5),('202116',16,2021,'2021-01-08 00:00:00','2021-01-14 00:00:00','2021-01-07 23:59:59',5),('202117',17,2021,'2021-01-15 00:00:00','2021-01-21 00:00:00','2021-01-14 23:59:59',5),('202118',18,2021,'2021-01-22 00:00:00','2021-01-28 00:00:00','2021-01-21 23:59:59',5),('202119',19,2021,'2021-01-29 00:00:00','2021-02-04 00:00:00','2021-01-28 23:59:59',5),('202120',20,2021,'2021-02-05 00:00:00','2021-02-11 00:00:00','2021-02-04 23:59:59',5),('202121',21,2021,'2021-02-12 00:00:00','2021-02-18 00:00:00','2021-02-11 23:59:59',5),('202122',22,2021,'2021-02-19 00:00:00','2021-02-25 00:00:00','2021-02-18 23:59:59',5),('202123',23,2021,'2021-02-26 00:00:00','2021-03-04 00:00:00','2021-02-25 23:59:59',5),('202124',24,2021,'2021-03-05 00:00:00','2021-03-11 00:00:00','2021-03-04 23:59:59',5),('202125',25,2021,'2021-03-12 00:00:00','2021-03-18 00:00:00','2021-03-11 23:59:59',5),('202126',26,2021,'2021-03-19 00:00:00','2021-03-25 00:00:00','2021-03-18 23:59:59',5),('202127',27,2021,'2021-03-26 00:00:00','2021-04-01 00:00:00','2021-03-25 23:59:59',5),('202128',28,2021,'2021-04-02 00:00:00','2021-04-08 00:00:00','2021-04-01 23:59:59',5),('202129',29,2021,'2021-04-09 00:00:00','2021-04-15 00:00:00','2021-04-08 23:59:59',5),('202130',30,2021,'2021-04-16 00:00:00','2021-04-22 00:00:00','2021-04-15 23:59:59',5),('202131',31,2021,'2021-04-23 00:00:00','2021-04-29 00:00:00','2021-04-22 23:59:59',5),('202132',32,2021,'2021-04-30 00:00:00','2021-05-06 00:00:00','2021-04-29 23:59:59',5),('202133',33,2021,'2021-05-07 00:00:00','2021-05-13 00:00:00','2021-05-06 23:59:59',5),('202134',34,2021,'2021-05-14 00:00:00','2021-05-20 00:00:00','2021-05-13 23:59:59',5),('202135',35,2021,'2021-05-21 00:00:00','2021-05-27 00:00:00','2021-05-20 23:59:59',5),('202136',36,2021,'2021-05-30 00:00:00','2021-05-31 00:00:00','2021-05-29 00:00:00',0),('202139',39,2021,'2021-06-04 00:00:00','2021-06-10 00:00:00','2021-06-03 00:00:00',5),('202140',40,2021,'2021-06-11 00:00:00','2021-06-15 00:00:00','2021-06-10 23:59:59',5),('202141',41,2021,'2021-06-16 00:00:00','2021-06-19 23:59:59','2021-06-15 23:59:59',5),('202142',42,2021,'2021-06-20 00:00:00','2021-06-23 23:59:59','2021-06-19 23:59:59',5),('202143',43,2021,'2021-06-26 00:00:00','2021-06-29 23:59:59','2021-06-25 23:59:59',5),('202144',44,2021,'2021-07-02 00:00:00','2021-07-03 23:59:59','2021-07-01 23:59:59',5),('202145',45,2021,'2021-07-06 00:00:00','2021-07-07 23:59:59','2021-07-05 23:59:59',5),('202146',46,2021,'2021-07-11 00:00:00','2021-07-11 23:59:59','2021-07-10 23:59:59',5),('202147',47,2021,'2021-07-12 00:00:00','2021-07-13 23:59:59','2021-07-11 23:59:59',0),('212200',0,2122,'2021-07-14 00:00:00','2021-08-12 23:59:59','2021-07-13 23:59:59',5),('212201',1,2122,'2021-08-13 00:00:00','2021-08-19 23:59:59','2021-08-12 23:59:59',5),('212202',2,2122,'2021-08-20 00:00:00','2021-08-26 00:00:00','2021-08-19 23:59:59',5),('212203',3,2122,'2021-08-27 00:00:00','2021-09-02 00:00:00','2021-08-26 23:59:59',5),('212204',4,2122,'2021-09-03 00:00:00','2021-09-09 00:00:00','2021-09-02 23:59:59',5),('212205',5,2122,'2021-09-10 00:00:00','2021-09-16 00:00:00','2021-09-09 23:59:59',5),('212206',6,2122,'2021-09-17 00:00:00','2021-09-23 00:00:00','2021-09-16 23:59:59',5),('212207',7,2122,'2021-09-24 00:00:00','2021-09-30 00:00:00','2021-09-23 23:59:59',5),('212208',8,2122,'2021-10-01 00:00:00','2021-10-07 00:00:00','2021-09-30 23:59:59',5),('212209',9,2122,'2021-10-08 00:00:00','2021-10-14 00:00:00','2021-10-07 23:59:59',5),('212210',10,2122,'2021-10-15 00:00:00','2021-10-21 00:00:00','2021-10-14 23:59:59',5),('212211',11,2122,'2021-10-22 00:00:00','2021-10-28 00:00:00','2021-10-21 23:59:59',5),('212212',12,2122,'2021-10-29 00:00:00','2021-11-04 00:00:00','2021-10-28 23:59:59',5),('212213',13,2122,'2021-11-05 00:00:00','2021-11-11 00:00:00','2021-11-04 23:59:59',5),('212214',14,2122,'2021-11-12 00:00:00','2021-11-18 00:00:00','2021-11-11 23:59:59',5),('212215',15,2122,'2021-11-19 00:00:00','2021-11-25 00:00:00','2021-11-18 23:59:59',0),('212216',16,2122,'2021-11-26 00:00:00','2021-12-02 00:00:00','2021-11-25 23:59:59',0),('212217',17,2122,'2021-12-03 00:00:00','2021-12-09 00:00:00','2021-12-02 23:59:59',0),('212218',18,2122,'2021-12-10 00:00:00','2021-12-16 00:00:00','2021-12-09 23:59:59',0),('212219',19,2122,'2021-12-17 00:00:00','2021-12-23 00:00:00','2021-12-16 23:59:59',0),('212220',20,2122,'2021-12-24 00:00:00','2021-12-30 00:00:00','2021-12-23 23:59:59',0),('212221',21,2122,'2021-12-31 00:00:00','2022-01-06 00:00:00','2021-12-30 23:59:59',0),('212222',22,2122,'2022-01-07 00:00:00','2022-01-13 00:00:00','2022-01-06 23:59:59',0),('212223',23,2122,'2022-01-14 00:00:00','2022-01-20 00:00:00','2022-01-13 23:59:59',0),('212224',24,2122,'2022-01-21 00:00:00','2022-01-27 00:00:00','2022-01-20 23:59:59',0),('212225',25,2122,'2022-01-28 00:00:00','2022-02-03 00:00:00','2022-01-27 23:59:59',0),('212226',26,2122,'2022-02-04 00:00:00','2022-02-10 00:00:00','2022-02-03 23:59:59',0),('212227',27,2122,'2022-02-11 00:00:00','2022-02-17 00:00:00','2022-02-10 23:59:59',0),('212228',28,2122,'2022-02-18 00:00:00','2022-02-24 00:00:00','2022-02-17 23:59:59',0),('212229',29,2122,'2022-02-25 00:00:00','2022-03-03 00:00:00','2022-02-24 23:59:59',0),('212230',30,2122,'2022-03-04 00:00:00','2022-03-10 00:00:00','2022-03-03 23:59:59',0),('212231',31,2122,'2022-03-11 00:00:00','2022-03-17 00:00:00','2022-03-10 23:59:59',0),('212232',32,2122,'2022-03-18 00:00:00','2022-03-24 00:00:00','2022-03-17 23:59:59',0),('212233',33,2122,'2022-03-25 00:00:00','2022-03-31 00:00:00','2022-03-24 23:59:59',0),('212234',34,2122,'2022-04-01 00:00:00','2022-04-07 00:00:00','2022-03-31 23:59:59',0),('212235',35,2122,'2022-04-08 00:00:00','2022-04-14 00:00:00','2022-04-07 23:59:59',0),('212236',36,2122,'2022-04-15 00:00:00','2022-04-21 00:00:00','2022-04-14 23:59:59',0),('212237',37,2122,'2022-04-22 00:00:00','2022-04-28 00:00:00','2022-04-21 23:59:59',0),('212238',38,2122,'2022-04-29 00:00:00','2022-05-05 00:00:00','2022-04-28 23:59:59',0),('212239',39,2122,'2022-05-06 00:00:00','2022-05-12 00:00:00','2022-05-05 23:59:59',0),('212240',40,2122,'2022-05-13 00:00:00','2022-05-19 00:00:00','2022-05-12 23:59:59',0),('212241',41,2122,'2022-05-20 00:00:00','2022-05-26 00:00:00','2022-05-19 23:59:59',0),('212242',42,2122,'2022-05-27 00:00:00','2022-06-02 00:00:00','2022-05-26 23:59:59',0);
/*!40000 ALTER TABLE `lms_week` ENABLE KEYS */;
UNLOCK TABLES;

--
-- Temporary table structure for view `v_lms_available_picks`
--

DROP TABLE IF EXISTS `v_lms_available_picks`;
/*!50001 DROP VIEW IF EXISTS `v_lms_available_picks`*/;
SET @saved_cs_client     = @@character_set_client;
SET character_set_client = utf8;
/*!50001 CREATE TABLE `v_lms_available_picks` (
  `lms_available_picks_player_id` tinyint NOT NULL,
  `lms_available_picks_game` tinyint NOT NULL,
  `lms_available_picks_team` tinyint NOT NULL,
  `lms_team_name` tinyint NOT NULL
) ENGINE=MyISAM */;
SET character_set_client = @saved_cs_client;

--
-- Temporary table structure for view `v_lms_fixture`
--

DROP TABLE IF EXISTS `v_lms_fixture`;
/*!50001 DROP VIEW IF EXISTS `v_lms_fixture`*/;
SET @saved_cs_client     = @@character_set_client;
SET character_set_client = utf8;
/*!50001 CREATE TABLE `v_lms_fixture` (
  `lms_match_id` tinyint NOT NULL,
  `lms_match_weekno` tinyint NOT NULL,
  `lms_match_team` tinyint NOT NULL,
  `lms_match_date` tinyint NOT NULL,
  `lms_match_result` tinyint NOT NULL,
  `lms_match_league` tinyint NOT NULL,
  `lms_match_opp` tinyint NOT NULL,
  `lms_team_id` tinyint NOT NULL,
  `lms_team_name` tinyint NOT NULL,
  `lms_team_active` tinyint NOT NULL,
  `lms_team_wins` tinyint NOT NULL,
  `lms_team_abbr` tinyint NOT NULL,
  `lms_opp_abbr` tinyint NOT NULL
) ENGINE=MyISAM */;
SET character_set_client = @saved_cs_client;

--
-- Temporary table structure for view `v_lms_game`
--

DROP TABLE IF EXISTS `v_lms_game`;
/*!50001 DROP VIEW IF EXISTS `v_lms_game`*/;
SET @saved_cs_client     = @@character_set_client;
SET character_set_client = utf8;
/*!50001 CREATE TABLE `v_lms_game` (
  `lms_game_id` tinyint NOT NULL,
  `lms_game_start_wkno` tinyint NOT NULL,
  `lms_game_name` tinyint NOT NULL,
  `lms_game_status` tinyint NOT NULL,
  `lms_game_week_count` tinyint NOT NULL,
  `lms_game_total_players` tinyint NOT NULL,
  `lms_game_still_active` tinyint NOT NULL,
  `lms_game_manager` tinyint NOT NULL,
  `lms_game_code` tinyint NOT NULL,
  `lms_player_screen_name` tinyint NOT NULL,
  `lms_week` tinyint NOT NULL,
  `lms_year` tinyint NOT NULL,
  `lms_week_start` tinyint NOT NULL,
  `lms_game_status_text` tinyint NOT NULL
) ENGINE=MyISAM */;
SET character_set_client = @saved_cs_client;

--
-- Temporary table structure for view `v_lms_match`
--

DROP TABLE IF EXISTS `v_lms_match`;
/*!50001 DROP VIEW IF EXISTS `v_lms_match`*/;
SET @saved_cs_client     = @@character_set_client;
SET character_set_client = utf8;
/*!50001 CREATE TABLE `v_lms_match` (
  `lms_match_id` tinyint NOT NULL,
  `lms_match_weekno` tinyint NOT NULL,
  `lms_week` tinyint NOT NULL,
  `lms_year` tinyint NOT NULL,
  `lms_match_team` tinyint NOT NULL,
  `lms_match_date` tinyint NOT NULL,
  `lms_match_result` tinyint NOT NULL,
  `lms_team_name` tinyint NOT NULL,
  `lms_week_start` tinyint NOT NULL
) ENGINE=MyISAM */;
SET character_set_client = @saved_cs_client;

--
-- Temporary table structure for view `v_lms_player_games`
--

DROP TABLE IF EXISTS `v_lms_player_games`;
/*!50001 DROP VIEW IF EXISTS `v_lms_player_games`*/;
SET @saved_cs_client     = @@character_set_client;
SET character_set_client = utf8;
/*!50001 CREATE TABLE `v_lms_player_games` (
  `lms_player_id` tinyint NOT NULL,
  `lms_game_id` tinyint NOT NULL,
  `lms_game_player_status` tinyint NOT NULL,
  `lms_game_name` tinyint NOT NULL,
  `lms_game_start_wkno` tinyint NOT NULL,
  `lms_game_status` tinyint NOT NULL,
  `lms_game_total_players` tinyint NOT NULL,
  `lms_game_still_active` tinyint NOT NULL,
  `lms_game_week_count` tinyint NOT NULL,
  `lms_player_screen_name` tinyint NOT NULL,
  `lms_active` tinyint NOT NULL,
  `lms_game_player_status_text` tinyint NOT NULL,
  `lms_game_status_text` tinyint NOT NULL,
  `lms_week` tinyint NOT NULL,
  `lms_year` tinyint NOT NULL
) ENGINE=MyISAM */;
SET character_set_client = @saved_cs_client;

--
-- Temporary table structure for view `v_lms_player_picks`
--

DROP TABLE IF EXISTS `v_lms_player_picks`;
/*!50001 DROP VIEW IF EXISTS `v_lms_player_picks`*/;
SET @saved_cs_client     = @@character_set_client;
SET character_set_client = utf8;
/*!50001 CREATE TABLE `v_lms_player_picks` (
  `lms_pick_player_id` tinyint NOT NULL,
  `lms_pick_game_id` tinyint NOT NULL,
  `lms_pick_match_id` tinyint NOT NULL,
  `lms_pick_wl` tinyint NOT NULL,
  `lms_player_screen_name` tinyint NOT NULL,
  `lms_game_name` tinyint NOT NULL,
  `lms_match_weekno` tinyint NOT NULL,
  `lms_team_id` tinyint NOT NULL,
  `lms_team_name` tinyint NOT NULL,
  `lms_game_status_text` tinyint NOT NULL,
  `lms_week` tinyint NOT NULL,
  `lms_year` tinyint NOT NULL,
  `lms_match_date` tinyint NOT NULL,
  `lms_match_result` tinyint NOT NULL
) ENGINE=MyISAM */;
SET character_set_client = @saved_cs_client;

--
-- Temporary table structure for view `v_lms_team_lookup`
--

DROP TABLE IF EXISTS `v_lms_team_lookup`;
/*!50001 DROP VIEW IF EXISTS `v_lms_team_lookup`*/;
SET @saved_cs_client     = @@character_set_client;
SET character_set_client = utf8;
/*!50001 CREATE TABLE `v_lms_team_lookup` (
  `lms_team_abbr_abbr` tinyint NOT NULL,
  `lms_team_abbr_team_id` tinyint NOT NULL,
  `lms_team_id` tinyint NOT NULL,
  `lms_team_name` tinyint NOT NULL,
  `lms_team_active` tinyint NOT NULL,
  `lms_team_wins` tinyint NOT NULL,
  `lms_team_abbr` tinyint NOT NULL
) ENGINE=MyISAM */;
SET character_set_client = @saved_cs_client;

--
-- Dumping events for database 'lastmanl_lms'
--

--
-- Dumping routines for database 'lastmanl_lms'
--

--
-- Final view structure for view `v_lms_available_picks`
--

/*!50001 DROP TABLE IF EXISTS `v_lms_available_picks`*/;
/*!50001 DROP VIEW IF EXISTS `v_lms_available_picks`*/;
/*!50001 SET @saved_cs_client          = @@character_set_client */;
/*!50001 SET @saved_cs_results         = @@character_set_results */;
/*!50001 SET @saved_col_connection     = @@collation_connection */;
/*!50001 SET character_set_client      = utf8mb4 */;
/*!50001 SET character_set_results     = utf8mb4 */;
/*!50001 SET collation_connection      = utf8mb4_unicode_ci */;
/*!50001 CREATE ALGORITHM=UNDEFINED */
/*!50013 DEFINER=`lastmanl`@`localhost` SQL SECURITY DEFINER */
/*!50001 VIEW `v_lms_available_picks` AS select `a`.`lms_available_picks_player_id` AS `lms_available_picks_player_id`,`a`.`lms_available_picks_game` AS `lms_available_picks_game`,`a`.`lms_available_picks_team` AS `lms_available_picks_team`,`t`.`lms_team_name` AS `lms_team_name` from (`lms_available_picks` `a` join `lms_team` `t` on(`a`.`lms_available_picks_team` = `t`.`lms_team_id`)) */;
/*!50001 SET character_set_client      = @saved_cs_client */;
/*!50001 SET character_set_results     = @saved_cs_results */;
/*!50001 SET collation_connection      = @saved_col_connection */;

--
-- Final view structure for view `v_lms_fixture`
--

/*!50001 DROP TABLE IF EXISTS `v_lms_fixture`*/;
/*!50001 DROP VIEW IF EXISTS `v_lms_fixture`*/;
/*!50001 SET @saved_cs_client          = @@character_set_client */;
/*!50001 SET @saved_cs_results         = @@character_set_results */;
/*!50001 SET @saved_col_connection     = @@collation_connection */;
/*!50001 SET character_set_client      = utf8mb4 */;
/*!50001 SET character_set_results     = utf8mb4 */;
/*!50001 SET collation_connection      = utf8mb4_general_ci */;
/*!50001 CREATE ALGORITHM=UNDEFINED */
/*!50013 DEFINER=`lastmanl_lmsadmin`@`82.9.248.136` SQL SECURITY DEFINER */
/*!50001 VIEW `v_lms_fixture` AS select `m`.`lms_match_id` AS `lms_match_id`,`m`.`lms_match_weekno` AS `lms_match_weekno`,`m`.`lms_match_team` AS `lms_match_team`,`m`.`lms_match_date` AS `lms_match_date`,`m`.`lms_match_result` AS `lms_match_result`,`m`.`lms_match_league` AS `lms_match_league`,`m`.`lms_match_opp` AS `lms_match_opp`,`t`.`lms_team_id` AS `lms_team_id`,`t`.`lms_team_name` AS `lms_team_name`,`t`.`lms_team_active` AS `lms_team_active`,`t`.`lms_team_wins` AS `lms_team_wins`,`t`.`lms_team_abbr` AS `lms_team_abbr`,`o`.`lms_team_abbr` AS `lms_opp_abbr` from ((`lms_match` `m` join `lms_team` `t` on(`m`.`lms_match_team` = `t`.`lms_team_id`)) left join `lms_team` `o` on(`m`.`lms_match_opp` = `o`.`lms_team_id`)) */;
/*!50001 SET character_set_client      = @saved_cs_client */;
/*!50001 SET character_set_results     = @saved_cs_results */;
/*!50001 SET collation_connection      = @saved_col_connection */;

--
-- Final view structure for view `v_lms_game`
--

/*!50001 DROP TABLE IF EXISTS `v_lms_game`*/;
/*!50001 DROP VIEW IF EXISTS `v_lms_game`*/;
/*!50001 SET @saved_cs_client          = @@character_set_client */;
/*!50001 SET @saved_cs_results         = @@character_set_results */;
/*!50001 SET @saved_col_connection     = @@collation_connection */;
/*!50001 SET character_set_client      = utf8mb4 */;
/*!50001 SET character_set_results     = utf8mb4 */;
/*!50001 SET collation_connection      = utf8mb4_unicode_ci */;
/*!50001 CREATE ALGORITHM=UNDEFINED */
/*!50013 DEFINER=`lastmanl`@`localhost` SQL SECURITY DEFINER */
/*!50001 VIEW `v_lms_game` AS select `g`.`lms_game_id` AS `lms_game_id`,`g`.`lms_game_start_wkno` AS `lms_game_start_wkno`,`g`.`lms_game_name` AS `lms_game_name`,`g`.`lms_game_status` AS `lms_game_status`,`g`.`lms_game_week_count` AS `lms_game_week_count`,`g`.`lms_game_total_players` AS `lms_game_total_players`,`g`.`lms_game_still_active` AS `lms_game_still_active`,`g`.`lms_game_manager` AS `lms_game_manager`,`g`.`lms_game_code` AS `lms_game_code`,`p`.`lms_player_screen_name` AS `lms_player_screen_name`,`w`.`lms_week` AS `lms_week`,`w`.`lms_year` AS `lms_year`,`w`.`lms_week_start` AS `lms_week_start`,`gl`.`lms_game_status_text` AS `lms_game_status_text` from (((`lms_game` `g` join `lms_player` `p` on(`g`.`lms_game_manager` = `p`.`lms_player_id`)) join `lms_week` `w` on(`w`.`lms_week_no` = `g`.`lms_game_start_wkno`)) join `lms_game_status` `gl` on(`g`.`lms_game_status` = `gl`.`lms_game_status_id`)) */;
/*!50001 SET character_set_client      = @saved_cs_client */;
/*!50001 SET character_set_results     = @saved_cs_results */;
/*!50001 SET collation_connection      = @saved_col_connection */;

--
-- Final view structure for view `v_lms_match`
--

/*!50001 DROP TABLE IF EXISTS `v_lms_match`*/;
/*!50001 DROP VIEW IF EXISTS `v_lms_match`*/;
/*!50001 SET @saved_cs_client          = @@character_set_client */;
/*!50001 SET @saved_cs_results         = @@character_set_results */;
/*!50001 SET @saved_col_connection     = @@collation_connection */;
/*!50001 SET character_set_client      = utf8 */;
/*!50001 SET character_set_results     = utf8 */;
/*!50001 SET collation_connection      = utf8_general_ci */;
/*!50001 CREATE ALGORITHM=UNDEFINED */
/*!50013 DEFINER=`lastmanl`@`localhost` SQL SECURITY DEFINER */
/*!50001 VIEW `v_lms_match` AS select `m`.`lms_match_id` AS `lms_match_id`,`m`.`lms_match_weekno` AS `lms_match_weekno`,`w`.`lms_week` AS `lms_week`,`w`.`lms_year` AS `lms_year`,`m`.`lms_match_team` AS `lms_match_team`,`m`.`lms_match_date` AS `lms_match_date`,`m`.`lms_match_result` AS `lms_match_result`,`t`.`lms_team_name` AS `lms_team_name`,`w`.`lms_week_start` AS `lms_week_start` from ((`lms_match` `m` join `lms_team` `t` on(`m`.`lms_match_team` = `t`.`lms_team_id`)) join `lms_week` `w` on(`m`.`lms_match_weekno` = `w`.`lms_week_no`)) */;
/*!50001 SET character_set_client      = @saved_cs_client */;
/*!50001 SET character_set_results     = @saved_cs_results */;
/*!50001 SET collation_connection      = @saved_col_connection */;

--
-- Final view structure for view `v_lms_player_games`
--

/*!50001 DROP TABLE IF EXISTS `v_lms_player_games`*/;
/*!50001 DROP VIEW IF EXISTS `v_lms_player_games`*/;
/*!50001 SET @saved_cs_client          = @@character_set_client */;
/*!50001 SET @saved_cs_results         = @@character_set_results */;
/*!50001 SET @saved_col_connection     = @@collation_connection */;
/*!50001 SET character_set_client      = utf8 */;
/*!50001 SET character_set_results     = utf8 */;
/*!50001 SET collation_connection      = utf8_general_ci */;
/*!50001 CREATE ALGORITHM=UNDEFINED */
/*!50013 DEFINER=`lastmanl`@`localhost` SQL SECURITY DEFINER */
/*!50001 VIEW `v_lms_player_games` AS select `gp`.`lms_player_id` AS `lms_player_id`,`gp`.`lms_game_id` AS `lms_game_id`,`gp`.`lms_game_player_status` AS `lms_game_player_status`,`g`.`lms_game_name` AS `lms_game_name`,`g`.`lms_game_start_wkno` AS `lms_game_start_wkno`,`g`.`lms_game_status` AS `lms_game_status`,`g`.`lms_game_total_players` AS `lms_game_total_players`,`g`.`lms_game_still_active` AS `lms_game_still_active`,`g`.`lms_game_week_count` AS `lms_game_week_count`,`p`.`lms_player_screen_name` AS `lms_player_screen_name`,`p`.`lms_active` AS `lms_active`,`pl`.`lms_game_player_status_text` AS `lms_game_player_status_text`,`gl`.`lms_game_status_text` AS `lms_game_status_text`,`w`.`lms_week` AS `lms_week`,`w`.`lms_year` AS `lms_year` from (((((`lms_game_player` `gp` join `lms_game` `g` on(`gp`.`lms_game_id` = `g`.`lms_game_id`)) join `lms_player` `p` on(`gp`.`lms_player_id` = `p`.`lms_player_id`)) join `lms_game_player_status` `pl` on(`gp`.`lms_game_player_status` = `pl`.`lms_game_player_status_id`)) join `lms_game_status` `gl` on(`g`.`lms_game_status` = `gl`.`lms_game_status_id`)) join `lms_week` `w` on(`w`.`lms_week_no` = `g`.`lms_game_start_wkno`)) */;
/*!50001 SET character_set_client      = @saved_cs_client */;
/*!50001 SET character_set_results     = @saved_cs_results */;
/*!50001 SET collation_connection      = @saved_col_connection */;

--
-- Final view structure for view `v_lms_player_picks`
--

/*!50001 DROP TABLE IF EXISTS `v_lms_player_picks`*/;
/*!50001 DROP VIEW IF EXISTS `v_lms_player_picks`*/;
/*!50001 SET @saved_cs_client          = @@character_set_client */;
/*!50001 SET @saved_cs_results         = @@character_set_results */;
/*!50001 SET @saved_col_connection     = @@collation_connection */;
/*!50001 SET character_set_client      = utf8 */;
/*!50001 SET character_set_results     = utf8 */;
/*!50001 SET collation_connection      = utf8_general_ci */;
/*!50001 CREATE ALGORITHM=UNDEFINED */
/*!50013 DEFINER=`lastmanl`@`localhost` SQL SECURITY DEFINER */
/*!50001 VIEW `v_lms_player_picks` AS select `p`.`lms_pick_player_id` AS `lms_pick_player_id`,`p`.`lms_pick_game_id` AS `lms_pick_game_id`,`p`.`lms_pick_match_id` AS `lms_pick_match_id`,`p`.`lms_pick_wl` AS `lms_pick_wl`,`pl`.`lms_player_screen_name` AS `lms_player_screen_name`,`g`.`lms_game_name` AS `lms_game_name`,`m`.`lms_match_weekno` AS `lms_match_weekno`,`t`.`lms_team_id` AS `lms_team_id`,`t`.`lms_team_name` AS `lms_team_name`,`g`.`lms_game_status_text` AS `lms_game_status_text`,`w`.`lms_week` AS `lms_week`,`w`.`lms_year` AS `lms_year`,`m`.`lms_match_date` AS `lms_match_date`,`m`.`lms_match_result` AS `lms_match_result` from (((((`lms_pick` `p` join `lms_player` `pl` on(`p`.`lms_pick_player_id` = `pl`.`lms_player_id`)) join `v_lms_game` `g` on(`p`.`lms_pick_game_id` = `g`.`lms_game_id`)) join `lms_match` `m` on(`p`.`lms_pick_match_id` = `m`.`lms_match_id`)) join `lms_team` `t` on(`m`.`lms_match_team` = `t`.`lms_team_id`)) join `lms_week` `w` on(`w`.`lms_week_no` = `m`.`lms_match_weekno`)) */;
/*!50001 SET character_set_client      = @saved_cs_client */;
/*!50001 SET character_set_results     = @saved_cs_results */;
/*!50001 SET collation_connection      = @saved_col_connection */;

--
-- Final view structure for view `v_lms_team_lookup`
--

/*!50001 DROP TABLE IF EXISTS `v_lms_team_lookup`*/;
/*!50001 DROP VIEW IF EXISTS `v_lms_team_lookup`*/;
/*!50001 SET @saved_cs_client          = @@character_set_client */;
/*!50001 SET @saved_cs_results         = @@character_set_results */;
/*!50001 SET @saved_col_connection     = @@collation_connection */;
/*!50001 SET character_set_client      = utf8mb4 */;
/*!50001 SET character_set_results     = utf8mb4 */;
/*!50001 SET collation_connection      = utf8mb4_general_ci */;
/*!50001 CREATE ALGORITHM=UNDEFINED */
/*!50013 DEFINER=`lastmanl_lmsadmin`@`82.9.248.136` SQL SECURITY DEFINER */
/*!50001 VIEW `v_lms_team_lookup` AS select `a`.`lms_team_abbr_abbr` AS `lms_team_abbr_abbr`,`a`.`lms_team_abbr_team_id` AS `lms_team_abbr_team_id`,`t`.`lms_team_id` AS `lms_team_id`,`t`.`lms_team_name` AS `lms_team_name`,`t`.`lms_team_active` AS `lms_team_active`,`t`.`lms_team_wins` AS `lms_team_wins`,`t`.`lms_team_abbr` AS `lms_team_abbr` from (`lms_team_abbr` `a` join `lms_team` `t` on(`a`.`lms_team_abbr_team_id` = `t`.`lms_team_id`)) */;
/*!50001 SET character_set_client      = @saved_cs_client */;
/*!50001 SET character_set_results     = @saved_cs_results */;
/*!50001 SET collation_connection      = @saved_col_connection */;
/*!40103 SET TIME_ZONE=@OLD_TIME_ZONE */;

/*!40101 SET SQL_MODE=@OLD_SQL_MODE */;
/*!40014 SET FOREIGN_KEY_CHECKS=@OLD_FOREIGN_KEY_CHECKS */;
/*!40014 SET UNIQUE_CHECKS=@OLD_UNIQUE_CHECKS */;
/*!40101 SET CHARACTER_SET_CLIENT=@OLD_CHARACTER_SET_CLIENT */;
/*!40101 SET CHARACTER_SET_RESULTS=@OLD_CHARACTER_SET_RESULTS */;
/*!40101 SET COLLATION_CONNECTION=@OLD_COLLATION_CONNECTION */;
/*!40111 SET SQL_NOTES=@OLD_SQL_NOTES */;

-- Dump completed on 2021-11-20 23:01:18
